run,seed,removed_count,fraction_removed,gcc_size,gcc_fraction_original_n
1,42,0,0.0,82,0.9010989010989011
1,42,1,0.01098901098901099,81,0.8901098901098901
1,42,2,0.02197802197802198,80,0.8791208791208791
1,42,3,0.03296703296703297,79,0.8681318681318682
1,42,4,0.04395604395604396,78,0.8571428571428571
1,42,5,0.054945054945054944,77,0.8461538461538461
1,42,6,0.06593406593406594,76,0.8351648351648352
1,42,7,0.07692307692307693,75,0.8241758241758241
1,42,8,0.08791208791208792,74,0.8131868131868132
1,42,9,0.0989010989010989,73,0.8021978021978022
1,42,10,0.10989010989010989,72,0.7912087912087912
1,42,11,0.12087912087912088,71,0.7802197802197802
1,42,12,0.13186813186813187,71,0.7802197802197802
1,42,13,0.14285714285714285,70,0.7692307692307693
1,42,14,0.15384615384615385,70,0.7692307692307693
1,42,15,0.16483516483516483,70,0.7692307692307693
1,42,16,0.17582417582417584,69,0.7582417582417582
1,42,17,0.18681318681318682,68,0.7472527472527473
1,42,18,0.1978021978021978,67,0.7362637362637363
1,42,19,0.2087912087912088,66,0.7252747252747253
1,42,20,0.21978021978021978,66,0.7252747252747253
1,42,21,0.23076923076923078,65,0.7142857142857143
1,42,22,0.24175824175824176,64,0.7032967032967034
1,42,23,0.25274725274725274,63,0.6923076923076923
1,42,24,0.26373626373626374,63,0.6923076923076923
1,42,25,0.27472527472527475,62,0.6813186813186813
1,42,26,0.2857142857142857,61,0.6703296703296703
1,42,27,0.2967032967032967,60,0.6593406593406593
1,42,28,0.3076923076923077,60,0.6593406593406593
1,42,29,0.31868131868131866,59,0.6483516483516484
1,42,30,0.32967032967032966,58,0.6373626373626373
1,42,31,0.34065934065934067,57,0.6263736263736264
1,42,32,0.3516483516483517,56,0.6153846153846154
1,42,33,0.3626373626373626,55,0.6043956043956044
1,42,34,0.37362637362637363,54,0.5934065934065934
1,42,35,0.38461538461538464,53,0.5824175824175825
1,42,36,0.3956043956043956,52,0.5714285714285714
1,42,37,0.4065934065934066,51,0.5604395604395604
1,42,38,0.4175824175824176,50,0.5494505494505495
1,42,39,0.42857142857142855,50,0.5494505494505495
1,42,40,0.43956043956043955,49,0.5384615384615384
1,42,41,0.45054945054945056,48,0.5274725274725275
1,42,42,0.46153846153846156,47,0.5164835164835165
1,42,43,0.4725274725274725,46,0.5054945054945055
1,42,44,0.4835164835164835,45,0.4945054945054945
1,42,45,0.4945054945054945,44,0.4835164835164835
1,42,46,0.5054945054945055,43,0.4725274725274725
1,42,47,0.5164835164835165,42,0.46153846153846156
1,42,48,0.5274725274725275,41,0.45054945054945056
1,42,49,0.5384615384615384,40,0.43956043956043955
1,42,50,0.5494505494505495,40,0.43956043956043955
1,42,51,0.5604395604395604,39,0.42857142857142855
1,42,52,0.5714285714285714,38,0.4175824175824176
1,42,53,0.5824175824175825,37,0.4065934065934066
1,42,54,0.5934065934065934,36,0.3956043956043956
1,42,55,0.6043956043956044,35,0.38461538461538464
1,42,56,0.6153846153846154,34,0.37362637362637363
1,42,57,0.6263736263736264,33,0.3626373626373626
1,42,58,0.6373626373626373,32,0.3516483516483517
1,42,59,0.6483516483516484,31,0.34065934065934067
1,42,60,0.6593406593406593,30,0.32967032967032966
1,42,61,0.6703296703296703,29,0.31868131868131866
1,42,62,0.6813186813186813,28,0.3076923076923077
1,42,63,0.6923076923076923,28,0.3076923076923077
1,42,64,0.7032967032967034,27,0.2967032967032967
1,42,65,0.7142857142857143,26,0.2857142857142857
1,42,66,0.7252747252747253,25,0.27472527472527475
1,42,67,0.7362637362637363,24,0.26373626373626374
1,42,68,0.7472527472527473,23,0.25274725274725274
1,42,69,0.7582417582417582,22,0.24175824175824176
1,42,70,0.7692307692307693,21,0.23076923076923078
1,42,71,0.7802197802197802,20,0.21978021978021978
1,42,72,0.7912087912087912,19,0.2087912087912088
1,42,73,0.8021978021978022,18,0.1978021978021978
1,42,74,0.8131868131868132,17,0.18681318681318682
1,42,75,0.8241758241758241,16,0.17582417582417584
1,42,76,0.8351648351648352,15,0.16483516483516483
1,42,77,0.8461538461538461,14,0.15384615384615385
1,42,78,0.8571428571428571,13,0.14285714285714285
1,42,79,0.8681318681318682,12,0.13186813186813187
1,42,80,0.8791208791208791,11,0.12087912087912088
1,42,81,0.8901098901098901,10,0.10989010989010989
1,42,82,0.9010989010989011,9,0.0989010989010989
1,42,83,0.9120879120879121,8,0.08791208791208792
1,42,84,0.9230769230769231,7,0.07692307692307693
1,42,85,0.9340659340659341,6,0.06593406593406594
1,42,86,0.945054945054945,5,0.054945054945054944
1,42,87,0.9560439560439561,4,0.04395604395604396
1,42,88,0.967032967032967,3,0.03296703296703297
1,42,89,0.978021978021978,2,0.02197802197802198
1,42,90,0.989010989010989,1,0.01098901098901099
1,42,91,1.0,0,0.0
2,43,0,0.0,82,0.9010989010989011
2,43,1,0.01098901098901099,81,0.8901098901098901
2,43,2,0.02197802197802198,80,0.8791208791208791
2,43,3,0.03296703296703297,79,0.8681318681318682
2,43,4,0.04395604395604396,78,0.8571428571428571
2,43,5,0.054945054945054944,77,0.8461538461538461
2,43,6,0.06593406593406594,76,0.8351648351648352
2,43,7,0.07692307692307693,75,0.8241758241758241
2,43,8,0.08791208791208792,74,0.8131868131868132
2,43,9,0.0989010989010989,73,0.8021978021978022
2,43,10,0.10989010989010989,72,0.7912087912087912
2,43,11,0.12087912087912088,71,0.7802197802197802
2,43,12,0.13186813186813187,70,0.7692307692307693
2,43,13,0.14285714285714285,69,0.7582417582417582
2,43,14,0.15384615384615385,68,0.7472527472527473
2,43,15,0.16483516483516483,67,0.7362637362637363
2,43,16,0.17582417582417584,67,0.7362637362637363
2,43,17,0.18681318681318682,66,0.7252747252747253
2,43,18,0.1978021978021978,65,0.7142857142857143
2,43,19,0.2087912087912088,64,0.7032967032967034
2,43,20,0.21978021978021978,63,0.6923076923076923
2,43,21,0.23076923076923078,63,0.6923076923076923
2,43,22,0.24175824175824176,62,0.6813186813186813
2,43,23,0.25274725274725274,61,0.6703296703296703
2,43,24,0.26373626373626374,60,0.6593406593406593
2,43,25,0.27472527472527475,59,0.6483516483516484
2,43,26,0.2857142857142857,58,0.6373626373626373
2,43,27,0.2967032967032967,57,0.6263736263736264
2,43,28,0.3076923076923077,57,0.6263736263736264
2,43,29,0.31868131868131866,56,0.6153846153846154
2,43,30,0.32967032967032966,55,0.6043956043956044
2,43,31,0.34065934065934067,54,0.5934065934065934
2,43,32,0.3516483516483517,53,0.5824175824175825
2,43,33,0.3626373626373626,52,0.5714285714285714
2,43,34,0.37362637362637363,51,0.5604395604395604
2,43,35,0.38461538461538464,50,0.5494505494505495
2,43,36,0.3956043956043956,49,0.5384615384615384
2,43,37,0.4065934065934066,48,0.5274725274725275
2,43,38,0.4175824175824176,47,0.5164835164835165
2,43,39,0.42857142857142855,46,0.5054945054945055
2,43,40,0.43956043956043955,45,0.4945054945054945
2,43,41,0.45054945054945056,45,0.4945054945054945
2,43,42,0.46153846153846156,44,0.4835164835164835
2,43,43,0.4725274725274725,44,0.4835164835164835
2,43,44,0.4835164835164835,43,0.4725274725274725
2,43,45,0.4945054945054945,43,0.4725274725274725
2,43,46,0.5054945054945055,42,0.46153846153846156
2,43,47,0.5164835164835165,41,0.45054945054945056
2,43,48,0.5274725274725275,40,0.43956043956043955
2,43,49,0.5384615384615384,39,0.42857142857142855
2,43,50,0.5494505494505495,38,0.4175824175824176
2,43,51,0.5604395604395604,37,0.4065934065934066
2,43,52,0.5714285714285714,37,0.4065934065934066
2,43,53,0.5824175824175825,36,0.3956043956043956
2,43,54,0.5934065934065934,35,0.38461538461538464
2,43,55,0.6043956043956044,34,0.37362637362637363
2,43,56,0.6153846153846154,33,0.3626373626373626
2,43,57,0.6263736263736264,32,0.3516483516483517
2,43,58,0.6373626373626373,31,0.34065934065934067
2,43,59,0.6483516483516484,30,0.32967032967032966
2,43,60,0.6593406593406593,29,0.31868131868131866
2,43,61,0.6703296703296703,28,0.3076923076923077
2,43,62,0.6813186813186813,27,0.2967032967032967
2,43,63,0.6923076923076923,26,0.2857142857142857
2,43,64,0.7032967032967034,25,0.27472527472527475
2,43,65,0.7142857142857143,24,0.26373626373626374
2,43,66,0.7252747252747253,23,0.25274725274725274
2,43,67,0.7362637362637363,22,0.24175824175824176
2,43,68,0.7472527472527473,21,0.23076923076923078
2,43,69,0.7582417582417582,21,0.23076923076923078
2,43,70,0.7692307692307693,20,0.21978021978021978
2,43,71,0.7802197802197802,19,0.2087912087912088
2,43,72,0.7912087912087912,19,0.2087912087912088
2,43,73,0.8021978021978022,18,0.1978021978021978
2,43,74,0.8131868131868132,17,0.18681318681318682
2,43,75,0.8241758241758241,16,0.17582417582417584
2,43,76,0.8351648351648352,15,0.16483516483516483
2,43,77,0.8461538461538461,14,0.15384615384615385
2,43,78,0.8571428571428571,13,0.14285714285714285
2,43,79,0.8681318681318682,12,0.13186813186813187
2,43,80,0.8791208791208791,11,0.12087912087912088
2,43,81,0.8901098901098901,10,0.10989010989010989
2,43,82,0.9010989010989011,9,0.0989010989010989
2,43,83,0.9120879120879121,8,0.08791208791208792
2,43,84,0.9230769230769231,7,0.07692307692307693
2,43,85,0.9340659340659341,6,0.06593406593406594
2,43,86,0.945054945054945,5,0.054945054945054944
2,43,87,0.9560439560439561,4,0.04395604395604396
2,43,88,0.967032967032967,3,0.03296703296703297
2,43,89,0.978021978021978,2,0.02197802197802198
2,43,90,0.989010989010989,1,0.01098901098901099
2,43,91,1.0,0,0.0
3,44,0,0.0,82,0.9010989010989011
3,44,1,0.01098901098901099,81,0.8901098901098901
3,44,2,0.02197802197802198,80,0.8791208791208791
3,44,3,0.03296703296703297,79,0.8681318681318682
3,44,4,0.04395604395604396,78,0.8571428571428571
3,44,5,0.054945054945054944,77,0.8461538461538461
3,44,6,0.06593406593406594,76,0.8351648351648352
3,44,7,0.07692307692307693,75,0.8241758241758241
3,44,8,0.08791208791208792,74,0.8131868131868132
3,44,9,0.0989010989010989,73,0.8021978021978022
3,44,10,0.10989010989010989,72,0.7912087912087912
3,44,11,0.12087912087912088,71,0.7802197802197802
3,44,12,0.13186813186813187,71,0.7802197802197802
3,44,13,0.14285714285714285,70,0.7692307692307693
3,44,14,0.15384615384615385,69,0.7582417582417582
3,44,15,0.16483516483516483,69,0.7582417582417582
3,44,16,0.17582417582417584,68,0.7472527472527473
3,44,17,0.18681318681318682,67,0.7362637362637363
3,44,18,0.1978021978021978,66,0.7252747252747253
3,44,19,0.2087912087912088,65,0.7142857142857143
3,44,20,0.21978021978021978,64,0.7032967032967034
3,44,21,0.23076923076923078,63,0.6923076923076923
3,44,22,0.24175824175824176,62,0.6813186813186813
3,44,23,0.25274725274725274,61,0.6703296703296703
3,44,24,0.26373626373626374,60,0.6593406593406593
3,44,25,0.27472527472527475,59,0.6483516483516484
3,44,26,0.2857142857142857,58,0.6373626373626373
3,44,27,0.2967032967032967,57,0.6263736263736264
3,44,28,0.3076923076923077,57,0.6263736263736264
3,44,29,0.31868131868131866,56,0.6153846153846154
3,44,30,0.32967032967032966,56,0.6153846153846154
3,44,31,0.34065934065934067,56,0.6153846153846154
3,44,32,0.3516483516483517,55,0.6043956043956044
3,44,33,0.3626373626373626,54,0.5934065934065934
3,44,34,0.37362637362637363,53,0.5824175824175825
3,44,35,0.38461538461538464,52,0.5714285714285714
3,44,36,0.3956043956043956,51,0.5604395604395604
3,44,37,0.4065934065934066,50,0.5494505494505495
3,44,38,0.4175824175824176,49,0.5384615384615384
3,44,39,0.42857142857142855,48,0.5274725274725275
3,44,40,0.43956043956043955,47,0.5164835164835165
3,44,41,0.45054945054945056,47,0.5164835164835165
3,44,42,0.46153846153846156,46,0.5054945054945055
3,44,43,0.4725274725274725,45,0.4945054945054945
3,44,44,0.4835164835164835,44,0.4835164835164835
3,44,45,0.4945054945054945,43,0.4725274725274725
3,44,46,0.5054945054945055,42,0.46153846153846156
3,44,47,0.5164835164835165,41,0.45054945054945056
3,44,48,0.5274725274725275,39,0.42857142857142855
3,44,49,0.5384615384615384,39,0.42857142857142855
3,44,50,0.5494505494505495,38,0.4175824175824176
3,44,51,0.5604395604395604,38,0.4175824175824176
3,44,52,0.5714285714285714,37,0.4065934065934066
3,44,53,0.5824175824175825,36,0.3956043956043956
3,44,54,0.5934065934065934,35,0.38461538461538464
3,44,55,0.6043956043956044,34,0.37362637362637363
3,44,56,0.6153846153846154,34,0.37362637362637363
3,44,57,0.6263736263736264,33,0.3626373626373626
3,44,58,0.6373626373626373,32,0.3516483516483517
3,44,59,0.6483516483516484,31,0.34065934065934067
3,44,60,0.6593406593406593,30,0.32967032967032966
3,44,61,0.6703296703296703,29,0.31868131868131866
3,44,62,0.6813186813186813,28,0.3076923076923077
3,44,63,0.6923076923076923,27,0.2967032967032967
3,44,64,0.7032967032967034,26,0.2857142857142857
3,44,65,0.7142857142857143,25,0.27472527472527475
3,44,66,0.7252747252747253,24,0.26373626373626374
3,44,67,0.7362637362637363,23,0.25274725274725274
3,44,68,0.7472527472527473,22,0.24175824175824176
3,44,69,0.7582417582417582,21,0.23076923076923078
3,44,70,0.7692307692307693,20,0.21978021978021978
3,44,71,0.7802197802197802,19,0.2087912087912088
3,44,72,0.7912087912087912,18,0.1978021978021978
3,44,73,0.8021978021978022,17,0.18681318681318682
3,44,74,0.8131868131868132,16,0.17582417582417584
3,44,75,0.8241758241758241,15,0.16483516483516483
3,44,76,0.8351648351648352,14,0.15384615384615385
3,44,77,0.8461538461538461,13,0.14285714285714285
3,44,78,0.8571428571428571,11,0.12087912087912088
3,44,79,0.8681318681318682,10,0.10989010989010989
3,44,80,0.8791208791208791,9,0.0989010989010989
3,44,81,0.8901098901098901,9,0.0989010989010989
3,44,82,0.9010989010989011,8,0.08791208791208792
3,44,83,0.9120879120879121,7,0.07692307692307693
3,44,84,0.9230769230769231,6,0.06593406593406594
3,44,85,0.9340659340659341,5,0.054945054945054944
3,44,86,0.945054945054945,4,0.04395604395604396
3,44,87,0.9560439560439561,1,0.01098901098901099
3,44,88,0.967032967032967,1,0.01098901098901099
3,44,89,0.978021978021978,1,0.01098901098901099
3,44,90,0.989010989010989,1,0.01098901098901099
3,44,91,1.0,0,0.0
4,45,0,0.0,82,0.9010989010989011
4,45,1,0.01098901098901099,81,0.8901098901098901
4,45,2,0.02197802197802198,80,0.8791208791208791
4,45,3,0.03296703296703297,79,0.8681318681318682
4,45,4,0.04395604395604396,78,0.8571428571428571
4,45,5,0.054945054945054944,77,0.8461538461538461
4,45,6,0.06593406593406594,76,0.8351648351648352
4,45,7,0.07692307692307693,75,0.8241758241758241
4,45,8,0.08791208791208792,74,0.8131868131868132
4,45,9,0.0989010989010989,73,0.8021978021978022
4,45,10,0.10989010989010989,72,0.7912087912087912
4,45,11,0.12087912087912088,71,0.7802197802197802
4,45,12,0.13186813186813187,70,0.7692307692307693
4,45,13,0.14285714285714285,69,0.7582417582417582
4,45,14,0.15384615384615385,68,0.7472527472527473
4,45,15,0.16483516483516483,67,0.7362637362637363
4,45,16,0.17582417582417584,66,0.7252747252747253
4,45,17,0.18681318681318682,65,0.7142857142857143
4,45,18,0.1978021978021978,64,0.7032967032967034
4,45,19,0.2087912087912088,63,0.6923076923076923
4,45,20,0.21978021978021978,62,0.6813186813186813
4,45,21,0.23076923076923078,61,0.6703296703296703
4,45,22,0.24175824175824176,60,0.6593406593406593
4,45,23,0.25274725274725274,59,0.6483516483516484
4,45,24,0.26373626373626374,58,0.6373626373626373
4,45,25,0.27472527472527475,57,0.6263736263736264
4,45,26,0.2857142857142857,56,0.6153846153846154
4,45,27,0.2967032967032967,55,0.6043956043956044
4,45,28,0.3076923076923077,54,0.5934065934065934
4,45,29,0.31868131868131866,53,0.5824175824175825
4,45,30,0.32967032967032966,52,0.5714285714285714
4,45,31,0.34065934065934067,52,0.5714285714285714
4,45,32,0.3516483516483517,51,0.5604395604395604
4,45,33,0.3626373626373626,50,0.5494505494505495
4,45,34,0.37362637362637363,49,0.5384615384615384
4,45,35,0.38461538461538464,48,0.5274725274725275
4,45,36,0.3956043956043956,47,0.5164835164835165
4,45,37,0.4065934065934066,47,0.5164835164835165
4,45,38,0.4175824175824176,46,0.5054945054945055
4,45,39,0.42857142857142855,45,0.4945054945054945
4,45,40,0.43956043956043955,44,0.4835164835164835
4,45,41,0.45054945054945056,43,0.4725274725274725
4,45,42,0.46153846153846156,42,0.46153846153846156
4,45,43,0.4725274725274725,41,0.45054945054945056
4,45,44,0.4835164835164835,41,0.45054945054945056
4,45,45,0.4945054945054945,40,0.43956043956043955
4,45,46,0.5054945054945055,39,0.42857142857142855
4,45,47,0.5164835164835165,38,0.4175824175824176
4,45,48,0.5274725274725275,37,0.4065934065934066
4,45,49,0.5384615384615384,36,0.3956043956043956
4,45,50,0.5494505494505495,35,0.38461538461538464
4,45,51,0.5604395604395604,34,0.37362637362637363
4,45,52,0.5714285714285714,33,0.3626373626373626
4,45,53,0.5824175824175825,32,0.3516483516483517
4,45,54,0.5934065934065934,31,0.34065934065934067
4,45,55,0.6043956043956044,31,0.34065934065934067
4,45,56,0.6153846153846154,30,0.32967032967032966
4,45,57,0.6263736263736264,29,0.31868131868131866
4,45,58,0.6373626373626373,29,0.31868131868131866
4,45,59,0.6483516483516484,28,0.3076923076923077
4,45,60,0.6593406593406593,27,0.2967032967032967
4,45,61,0.6703296703296703,26,0.2857142857142857
4,45,62,0.6813186813186813,25,0.27472527472527475
4,45,63,0.6923076923076923,24,0.26373626373626374
4,45,64,0.7032967032967034,23,0.25274725274725274
4,45,65,0.7142857142857143,22,0.24175824175824176
4,45,66,0.7252747252747253,21,0.23076923076923078
4,45,67,0.7362637362637363,20,0.21978021978021978
4,45,68,0.7472527472527473,19,0.2087912087912088
4,45,69,0.7582417582417582,18,0.1978021978021978
4,45,70,0.7692307692307693,17,0.18681318681318682
4,45,71,0.7802197802197802,16,0.17582417582417584
4,45,72,0.7912087912087912,16,0.17582417582417584
4,45,73,0.8021978021978022,15,0.16483516483516483
4,45,74,0.8131868131868132,14,0.15384615384615385
4,45,75,0.8241758241758241,13,0.14285714285714285
4,45,76,0.8351648351648352,12,0.13186813186813187
4,45,77,0.8461538461538461,11,0.12087912087912088
4,45,78,0.8571428571428571,10,0.10989010989010989
4,45,79,0.8681318681318682,10,0.10989010989010989
4,45,80,0.8791208791208791,8,0.08791208791208792
4,45,81,0.8901098901098901,7,0.07692307692307693
4,45,82,0.9010989010989011,7,0.07692307692307693
4,45,83,0.9120879120879121,5,0.054945054945054944
4,45,84,0.9230769230769231,4,0.04395604395604396
4,45,85,0.9340659340659341,3,0.03296703296703297
4,45,86,0.945054945054945,1,0.01098901098901099
4,45,87,0.9560439560439561,1,0.01098901098901099
4,45,88,0.967032967032967,1,0.01098901098901099
4,45,89,0.978021978021978,1,0.01098901098901099
4,45,90,0.989010989010989,1,0.01098901098901099
4,45,91,1.0,0,0.0
5,46,0,0.0,82,0.9010989010989011
5,46,1,0.01098901098901099,81,0.8901098901098901
5,46,2,0.02197802197802198,80,0.8791208791208791
5,46,3,0.03296703296703297,79,0.8681318681318682
5,46,4,0.04395604395604396,79,0.8681318681318682
5,46,5,0.054945054945054944,79,0.8681318681318682
5,46,6,0.06593406593406594,78,0.8571428571428571
5,46,7,0.07692307692307693,77,0.8461538461538461
5,46,8,0.08791208791208792,76,0.8351648351648352
5,46,9,0.0989010989010989,75,0.8241758241758241
5,46,10,0.10989010989010989,74,0.8131868131868132
5,46,11,0.12087912087912088,73,0.8021978021978022
5,46,12,0.13186813186813187,72,0.7912087912087912
5,46,13,0.14285714285714285,71,0.7802197802197802
5,46,14,0.15384615384615385,70,0.7692307692307693
5,46,15,0.16483516483516483,69,0.7582417582417582
5,46,16,0.17582417582417584,68,0.7472527472527473
5,46,17,0.18681318681318682,67,0.7362637362637363
5,46,18,0.1978021978021978,66,0.7252747252747253
5,46,19,0.2087912087912088,65,0.7142857142857143
5,46,20,0.21978021978021978,64,0.7032967032967034
5,46,21,0.23076923076923078,63,0.6923076923076923
5,46,22,0.24175824175824176,62,0.6813186813186813
5,46,23,0.25274725274725274,60,0.6593406593406593
5,46,24,0.26373626373626374,59,0.6483516483516484
5,46,25,0.27472527472527475,58,0.6373626373626373
5,46,26,0.2857142857142857,57,0.6263736263736264
5,46,27,0.2967032967032967,56,0.6153846153846154
5,46,28,0.3076923076923077,55,0.6043956043956044
5,46,29,0.31868131868131866,54,0.5934065934065934
5,46,30,0.32967032967032966,53,0.5824175824175825
5,46,31,0.34065934065934067,52,0.5714285714285714
5,46,32,0.3516483516483517,51,0.5604395604395604
5,46,33,0.3626373626373626,50,0.5494505494505495
5,46,34,0.37362637362637363,50,0.5494505494505495
5,46,35,0.38461538461538464,49,0.5384615384615384
5,46,36,0.3956043956043956,48,0.5274725274725275
5,46,37,0.4065934065934066,46,0.5054945054945055
5,46,38,0.4175824175824176,45,0.4945054945054945
5,46,39,0.42857142857142855,44,0.4835164835164835
5,46,40,0.43956043956043955,43,0.4725274725274725
5,46,41,0.45054945054945056,42,0.46153846153846156
5,46,42,0.46153846153846156,41,0.45054945054945056
5,46,43,0.4725274725274725,40,0.43956043956043955
5,46,44,0.4835164835164835,39,0.42857142857142855
5,46,45,0.4945054945054945,39,0.42857142857142855
5,46,46,0.5054945054945055,38,0.4175824175824176
5,46,47,0.5164835164835165,37,0.4065934065934066
5,46,48,0.5274725274725275,36,0.3956043956043956
5,46,49,0.5384615384615384,36,0.3956043956043956
5,46,50,0.5494505494505495,35,0.38461538461538464
5,46,51,0.5604395604395604,34,0.37362637362637363
5,46,52,0.5714285714285714,33,0.3626373626373626
5,46,53,0.5824175824175825,32,0.3516483516483517
5,46,54,0.5934065934065934,31,0.34065934065934067
5,46,55,0.6043956043956044,30,0.32967032967032966
5,46,56,0.6153846153846154,30,0.32967032967032966
5,46,57,0.6263736263736264,29,0.31868131868131866
5,46,58,0.6373626373626373,29,0.31868131868131866
5,46,59,0.6483516483516484,28,0.3076923076923077
5,46,60,0.6593406593406593,27,0.2967032967032967
5,46,61,0.6703296703296703,27,0.2967032967032967
5,46,62,0.6813186813186813,26,0.2857142857142857
5,46,63,0.6923076923076923,26,0.2857142857142857
5,46,64,0.7032967032967034,25,0.27472527472527475
5,46,65,0.7142857142857143,24,0.26373626373626374
5,46,66,0.7252747252747253,23,0.25274725274725274
5,46,67,0.7362637362637363,22,0.24175824175824176
5,46,68,0.7472527472527473,20,0.21978021978021978
5,46,69,0.7582417582417582,20,0.21978021978021978
5,46,70,0.7692307692307693,20,0.21978021978021978
5,46,71,0.7802197802197802,19,0.2087912087912088
5,46,72,0.7912087912087912,18,0.1978021978021978
5,46,73,0.8021978021978022,17,0.18681318681318682
5,46,74,0.8131868131868132,16,0.17582417582417584
5,46,75,0.8241758241758241,15,0.16483516483516483
5,46,76,0.8351648351648352,14,0.15384615384615385
5,46,77,0.8461538461538461,13,0.14285714285714285
5,46,78,0.8571428571428571,12,0.13186813186813187
5,46,79,0.8681318681318682,11,0.12087912087912088
5,46,80,0.8791208791208791,10,0.10989010989010989
5,46,81,0.8901098901098901,9,0.0989010989010989
5,46,82,0.9010989010989011,8,0.08791208791208792
5,46,83,0.9120879120879121,7,0.07692307692307693
5,46,84,0.9230769230769231,6,0.06593406593406594
5,46,85,0.9340659340659341,5,0.054945054945054944
5,46,86,0.945054945054945,4,0.04395604395604396
5,46,87,0.9560439560439561,4,0.04395604395604396
5,46,88,0.967032967032967,3,0.03296703296703297
5,46,89,0.978021978021978,1,0.01098901098901099
5,46,90,0.989010989010989,1,0.01098901098901099
5,46,91,1.0,0,0.0
6,47,0,0.0,82,0.9010989010989011
6,47,1,0.01098901098901099,81,0.8901098901098901
6,47,2,0.02197802197802198,80,0.8791208791208791
6,47,3,0.03296703296703297,79,0.8681318681318682
6,47,4,0.04395604395604396,78,0.8571428571428571
6,47,5,0.054945054945054944,77,0.8461538461538461
6,47,6,0.06593406593406594,76,0.8351648351648352
6,47,7,0.07692307692307693,75,0.8241758241758241
6,47,8,0.08791208791208792,74,0.8131868131868132
6,47,9,0.0989010989010989,73,0.8021978021978022
6,47,10,0.10989010989010989,71,0.7802197802197802
6,47,11,0.12087912087912088,71,0.7802197802197802
6,47,12,0.13186813186813187,70,0.7692307692307693
6,47,13,0.14285714285714285,69,0.7582417582417582
6,47,14,0.15384615384615385,68,0.7472527472527473
6,47,15,0.16483516483516483,67,0.7362637362637363
6,47,16,0.17582417582417584,66,0.7252747252747253
6,47,17,0.18681318681318682,66,0.7252747252747253
6,47,18,0.1978021978021978,65,0.7142857142857143
6,47,19,0.2087912087912088,64,0.7032967032967034
6,47,20,0.21978021978021978,63,0.6923076923076923
6,47,21,0.23076923076923078,62,0.6813186813186813
6,47,22,0.24175824175824176,61,0.6703296703296703
6,47,23,0.25274725274725274,61,0.6703296703296703
6,47,24,0.26373626373626374,60,0.6593406593406593
6,47,25,0.27472527472527475,59,0.6483516483516484
6,47,26,0.2857142857142857,58,0.6373626373626373
6,47,27,0.2967032967032967,57,0.6263736263736264
6,47,28,0.3076923076923077,56,0.6153846153846154
6,47,29,0.31868131868131866,55,0.6043956043956044
6,47,30,0.32967032967032966,54,0.5934065934065934
6,47,31,0.34065934065934067,53,0.5824175824175825
6,47,32,0.3516483516483517,53,0.5824175824175825
6,47,33,0.3626373626373626,52,0.5714285714285714
6,47,34,0.37362637362637363,51,0.5604395604395604
6,47,35,0.38461538461538464,50,0.5494505494505495
6,47,36,0.3956043956043956,50,0.5494505494505495
6,47,37,0.4065934065934066,49,0.5384615384615384
6,47,38,0.4175824175824176,48,0.5274725274725275
6,47,39,0.42857142857142855,47,0.5164835164835165
6,47,40,0.43956043956043955,46,0.5054945054945055
6,47,41,0.45054945054945056,45,0.4945054945054945
6,47,42,0.46153846153846156,44,0.4835164835164835
6,47,43,0.4725274725274725,43,0.4725274725274725
6,47,44,0.4835164835164835,42,0.46153846153846156
6,47,45,0.4945054945054945,41,0.45054945054945056
6,47,46,0.5054945054945055,40,0.43956043956043955
6,47,47,0.5164835164835165,39,0.42857142857142855
6,47,48,0.5274725274725275,38,0.4175824175824176
6,47,49,0.5384615384615384,37,0.4065934065934066
6,47,50,0.5494505494505495,36,0.3956043956043956
6,47,51,0.5604395604395604,35,0.38461538461538464
6,47,52,0.5714285714285714,34,0.37362637362637363
6,47,53,0.5824175824175825,33,0.3626373626373626
6,47,54,0.5934065934065934,31,0.34065934065934067
6,47,55,0.6043956043956044,30,0.32967032967032966
6,47,56,0.6153846153846154,29,0.31868131868131866
6,47,57,0.6263736263736264,28,0.3076923076923077
6,47,58,0.6373626373626373,27,0.2967032967032967
6,47,59,0.6483516483516484,26,0.2857142857142857
6,47,60,0.6593406593406593,25,0.27472527472527475
6,47,61,0.6703296703296703,24,0.26373626373626374
6,47,62,0.6813186813186813,23,0.25274725274725274
6,47,63,0.6923076923076923,22,0.24175824175824176
6,47,64,0.7032967032967034,21,0.23076923076923078
6,47,65,0.7142857142857143,20,0.21978021978021978
6,47,66,0.7252747252747253,19,0.2087912087912088
6,47,67,0.7362637362637363,18,0.1978021978021978
6,47,68,0.7472527472527473,17,0.18681318681318682
6,47,69,0.7582417582417582,17,0.18681318681318682
6,47,70,0.7692307692307693,16,0.17582417582417584
6,47,71,0.7802197802197802,16,0.17582417582417584
6,47,72,0.7912087912087912,15,0.16483516483516483
6,47,73,0.8021978021978022,14,0.15384615384615385
6,47,74,0.8131868131868132,13,0.14285714285714285
6,47,75,0.8241758241758241,12,0.13186813186813187
6,47,76,0.8351648351648352,11,0.12087912087912088
6,47,77,0.8461538461538461,10,0.10989010989010989
6,47,78,0.8571428571428571,9,0.0989010989010989
6,47,79,0.8681318681318682,8,0.08791208791208792
6,47,80,0.8791208791208791,7,0.07692307692307693
6,47,81,0.8901098901098901,6,0.06593406593406594
6,47,82,0.9010989010989011,5,0.054945054945054944
6,47,83,0.9120879120879121,5,0.054945054945054944
6,47,84,0.9230769230769231,5,0.054945054945054944
6,47,85,0.9340659340659341,5,0.054945054945054944
6,47,86,0.945054945054945,5,0.054945054945054944
6,47,87,0.9560439560439561,4,0.04395604395604396
6,47,88,0.967032967032967,3,0.03296703296703297
6,47,89,0.978021978021978,2,0.02197802197802198
6,47,90,0.989010989010989,1,0.01098901098901099
6,47,91,1.0,0,0.0
7,48,0,0.0,82,0.9010989010989011
7,48,1,0.01098901098901099,81,0.8901098901098901
7,48,2,0.02197802197802198,80,0.8791208791208791
7,48,3,0.03296703296703297,79,0.8681318681318682
7,48,4,0.04395604395604396,78,0.8571428571428571
7,48,5,0.054945054945054944,77,0.8461538461538461
7,48,6,0.06593406593406594,75,0.8241758241758241
7,48,7,0.07692307692307693,74,0.8131868131868132
7,48,8,0.08791208791208792,74,0.8131868131868132
7,48,9,0.0989010989010989,73,0.8021978021978022
7,48,10,0.10989010989010989,72,0.7912087912087912
7,48,11,0.12087912087912088,71,0.7802197802197802
7,48,12,0.13186813186813187,70,0.7692307692307693
7,48,13,0.14285714285714285,69,0.7582417582417582
7,48,14,0.15384615384615385,68,0.7472527472527473
7,48,15,0.16483516483516483,67,0.7362637362637363
7,48,16,0.17582417582417584,66,0.7252747252747253
7,48,17,0.18681318681318682,65,0.7142857142857143
7,48,18,0.1978021978021978,64,0.7032967032967034
7,48,19,0.2087912087912088,64,0.7032967032967034
7,48,20,0.21978021978021978,63,0.6923076923076923
7,48,21,0.23076923076923078,62,0.6813186813186813
7,48,22,0.24175824175824176,62,0.6813186813186813
7,48,23,0.25274725274725274,61,0.6703296703296703
7,48,24,0.26373626373626374,61,0.6703296703296703
7,48,25,0.27472527472527475,60,0.6593406593406593
7,48,26,0.2857142857142857,60,0.6593406593406593
7,48,27,0.2967032967032967,59,0.6483516483516484
7,48,28,0.3076923076923077,58,0.6373626373626373
7,48,29,0.31868131868131866,57,0.6263736263736264
7,48,30,0.32967032967032966,56,0.6153846153846154
7,48,31,0.34065934065934067,55,0.6043956043956044
7,48,32,0.3516483516483517,54,0.5934065934065934
7,48,33,0.3626373626373626,53,0.5824175824175825
7,48,34,0.37362637362637363,52,0.5714285714285714
7,48,35,0.38461538461538464,51,0.5604395604395604
7,48,36,0.3956043956043956,50,0.5494505494505495
7,48,37,0.4065934065934066,49,0.5384615384615384
7,48,38,0.4175824175824176,48,0.5274725274725275
7,48,39,0.42857142857142855,47,0.5164835164835165
7,48,40,0.43956043956043955,46,0.5054945054945055
7,48,41,0.45054945054945056,45,0.4945054945054945
7,48,42,0.46153846153846156,44,0.4835164835164835
7,48,43,0.4725274725274725,43,0.4725274725274725
7,48,44,0.4835164835164835,42,0.46153846153846156
7,48,45,0.4945054945054945,41,0.45054945054945056
7,48,46,0.5054945054945055,40,0.43956043956043955
7,48,47,0.5164835164835165,39,0.42857142857142855
7,48,48,0.5274725274725275,38,0.4175824175824176
7,48,49,0.5384615384615384,37,0.4065934065934066
7,48,50,0.5494505494505495,36,0.3956043956043956
7,48,51,0.5604395604395604,35,0.38461538461538464
7,48,52,0.5714285714285714,34,0.37362637362637363
7,48,53,0.5824175824175825,33,0.3626373626373626
7,48,54,0.5934065934065934,32,0.3516483516483517
7,48,55,0.6043956043956044,31,0.34065934065934067
7,48,56,0.6153846153846154,30,0.32967032967032966
7,48,57,0.6263736263736264,29,0.31868131868131866
7,48,58,0.6373626373626373,28,0.3076923076923077
7,48,59,0.6483516483516484,27,0.2967032967032967
7,48,60,0.6593406593406593,26,0.2857142857142857
7,48,61,0.6703296703296703,25,0.27472527472527475
7,48,62,0.6813186813186813,24,0.26373626373626374
7,48,63,0.6923076923076923,23,0.25274725274725274
7,48,64,0.7032967032967034,22,0.24175824175824176
7,48,65,0.7142857142857143,21,0.23076923076923078
7,48,66,0.7252747252747253,20,0.21978021978021978
7,48,67,0.7362637362637363,19,0.2087912087912088
7,48,68,0.7472527472527473,18,0.1978021978021978
7,48,69,0.7582417582417582,18,0.1978021978021978
7,48,70,0.7692307692307693,17,0.18681318681318682
7,48,71,0.7802197802197802,16,0.17582417582417584
7,48,72,0.7912087912087912,15,0.16483516483516483
7,48,73,0.8021978021978022,14,0.15384615384615385
7,48,74,0.8131868131868132,13,0.14285714285714285
7,48,75,0.8241758241758241,12,0.13186813186813187
7,48,76,0.8351648351648352,11,0.12087912087912088
7,48,77,0.8461538461538461,10,0.10989010989010989
7,48,78,0.8571428571428571,10,0.10989010989010989
7,48,79,0.8681318681318682,9,0.0989010989010989
7,48,80,0.8791208791208791,8,0.08791208791208792
7,48,81,0.8901098901098901,8,0.08791208791208792
7,48,82,0.9010989010989011,7,0.07692307692307693
7,48,83,0.9120879120879121,7,0.07692307692307693
7,48,84,0.9230769230769231,6,0.06593406593406594
7,48,85,0.9340659340659341,5,0.054945054945054944
7,48,86,0.945054945054945,4,0.04395604395604396
7,48,87,0.9560439560439561,4,0.04395604395604396
7,48,88,0.967032967032967,2,0.02197802197802198
7,48,89,0.978021978021978,1,0.01098901098901099
7,48,90,0.989010989010989,1,0.01098901098901099
7,48,91,1.0,0,0.0
8,49,0,0.0,82,0.9010989010989011
8,49,1,0.01098901098901099,82,0.9010989010989011
8,49,2,0.02197802197802198,81,0.8901098901098901
8,49,3,0.03296703296703297,80,0.8791208791208791
8,49,4,0.04395604395604396,79,0.8681318681318682
8,49,5,0.054945054945054944,78,0.8571428571428571
8,49,6,0.06593406593406594,78,0.8571428571428571
8,49,7,0.07692307692307693,78,0.8571428571428571
8,49,8,0.08791208791208792,77,0.8461538461538461
8,49,9,0.0989010989010989,76,0.8351648351648352
8,49,10,0.10989010989010989,75,0.8241758241758241
8,49,11,0.12087912087912088,74,0.8131868131868132
8,49,12,0.13186813186813187,74,0.8131868131868132
8,49,13,0.14285714285714285,74,0.8131868131868132
8,49,14,0.15384615384615385,73,0.8021978021978022
8,49,15,0.16483516483516483,72,0.7912087912087912
8,49,16,0.17582417582417584,71,0.7802197802197802
8,49,17,0.18681318681318682,70,0.7692307692307693
8,49,18,0.1978021978021978,69,0.7582417582417582
8,49,19,0.2087912087912088,68,0.7472527472527473
8,49,20,0.21978021978021978,68,0.7472527472527473
8,49,21,0.23076923076923078,67,0.7362637362637363
8,49,22,0.24175824175824176,66,0.7252747252747253
8,49,23,0.25274725274725274,65,0.7142857142857143
8,49,24,0.26373626373626374,64,0.7032967032967034
8,49,25,0.27472527472527475,64,0.7032967032967034
8,49,26,0.2857142857142857,63,0.6923076923076923
8,49,27,0.2967032967032967,62,0.6813186813186813
8,49,28,0.3076923076923077,61,0.6703296703296703
8,49,29,0.31868131868131866,60,0.6593406593406593
8,49,30,0.32967032967032966,59,0.6483516483516484
8,49,31,0.34065934065934067,58,0.6373626373626373
8,49,32,0.3516483516483517,57,0.6263736263736264
8,49,33,0.3626373626373626,56,0.6153846153846154
8,49,34,0.37362637362637363,55,0.6043956043956044
8,49,35,0.38461538461538464,54,0.5934065934065934
8,49,36,0.3956043956043956,53,0.5824175824175825
8,49,37,0.4065934065934066,52,0.5714285714285714
8,49,38,0.4175824175824176,51,0.5604395604395604
8,49,39,0.42857142857142855,50,0.5494505494505495
8,49,40,0.43956043956043955,49,0.5384615384615384
8,49,41,0.45054945054945056,48,0.5274725274725275
8,49,42,0.46153846153846156,47,0.5164835164835165
8,49,43,0.4725274725274725,46,0.5054945054945055
8,49,44,0.4835164835164835,45,0.4945054945054945
8,49,45,0.4945054945054945,44,0.4835164835164835
8,49,46,0.5054945054945055,44,0.4835164835164835
8,49,47,0.5164835164835165,43,0.4725274725274725
8,49,48,0.5274725274725275,42,0.46153846153846156
8,49,49,0.5384615384615384,41,0.45054945054945056
8,49,50,0.5494505494505495,40,0.43956043956043955
8,49,51,0.5604395604395604,40,0.43956043956043955
8,49,52,0.5714285714285714,39,0.42857142857142855
8,49,53,0.5824175824175825,38,0.4175824175824176
8,49,54,0.5934065934065934,37,0.4065934065934066
8,49,55,0.6043956043956044,36,0.3956043956043956
8,49,56,0.6153846153846154,35,0.38461538461538464
8,49,57,0.6263736263736264,34,0.37362637362637363
8,49,58,0.6373626373626373,33,0.3626373626373626
8,49,59,0.6483516483516484,32,0.3516483516483517
8,49,60,0.6593406593406593,31,0.34065934065934067
8,49,61,0.6703296703296703,30,0.32967032967032966
8,49,62,0.6813186813186813,29,0.31868131868131866
8,49,63,0.6923076923076923,28,0.3076923076923077
8,49,64,0.7032967032967034,27,0.2967032967032967
8,49,65,0.7142857142857143,26,0.2857142857142857
8,49,66,0.7252747252747253,25,0.27472527472527475
8,49,67,0.7362637362637363,24,0.26373626373626374
8,49,68,0.7472527472527473,23,0.25274725274725274
8,49,69,0.7582417582417582,22,0.24175824175824176
8,49,70,0.7692307692307693,21,0.23076923076923078
8,49,71,0.7802197802197802,20,0.21978021978021978
8,49,72,0.7912087912087912,19,0.2087912087912088
8,49,73,0.8021978021978022,18,0.1978021978021978
8,49,74,0.8131868131868132,17,0.18681318681318682
8,49,75,0.8241758241758241,16,0.17582417582417584
8,49,76,0.8351648351648352,15,0.16483516483516483
8,49,77,0.8461538461538461,14,0.15384615384615385
8,49,78,0.8571428571428571,13,0.14285714285714285
8,49,79,0.8681318681318682,12,0.13186813186813187
8,49,80,0.8791208791208791,11,0.12087912087912088
8,49,81,0.8901098901098901,10,0.10989010989010989
8,49,82,0.9010989010989011,9,0.0989010989010989
8,49,83,0.9120879120879121,7,0.07692307692307693
8,49,84,0.9230769230769231,6,0.06593406593406594
8,49,85,0.9340659340659341,5,0.054945054945054944
8,49,86,0.945054945054945,4,0.04395604395604396
8,49,87,0.9560439560439561,3,0.03296703296703297
8,49,88,0.967032967032967,2,0.02197802197802198
8,49,89,0.978021978021978,1,0.01098901098901099
8,49,90,0.989010989010989,1,0.01098901098901099
8,49,91,1.0,0,0.0
9,50,0,0.0,82,0.9010989010989011
9,50,1,0.01098901098901099,82,0.9010989010989011
9,50,2,0.02197802197802198,82,0.9010989010989011
9,50,3,0.03296703296703297,81,0.8901098901098901
9,50,4,0.04395604395604396,80,0.8791208791208791
9,50,5,0.054945054945054944,79,0.8681318681318682
9,50,6,0.06593406593406594,78,0.8571428571428571
9,50,7,0.07692307692307693,77,0.8461538461538461
9,50,8,0.08791208791208792,76,0.8351648351648352
9,50,9,0.0989010989010989,76,0.8351648351648352
9,50,10,0.10989010989010989,75,0.8241758241758241
9,50,11,0.12087912087912088,74,0.8131868131868132
9,50,12,0.13186813186813187,73,0.8021978021978022
9,50,13,0.14285714285714285,72,0.7912087912087912
9,50,14,0.15384615384615385,71,0.7802197802197802
9,50,15,0.16483516483516483,70,0.7692307692307693
9,50,16,0.17582417582417584,70,0.7692307692307693
9,50,17,0.18681318681318682,69,0.7582417582417582
9,50,18,0.1978021978021978,69,0.7582417582417582
9,50,19,0.2087912087912088,68,0.7472527472527473
9,50,20,0.21978021978021978,67,0.7362637362637363
9,50,21,0.23076923076923078,66,0.7252747252747253
9,50,22,0.24175824175824176,65,0.7142857142857143
9,50,23,0.25274725274725274,64,0.7032967032967034
9,50,24,0.26373626373626374,63,0.6923076923076923
9,50,25,0.27472527472527475,62,0.6813186813186813
9,50,26,0.2857142857142857,61,0.6703296703296703
9,50,27,0.2967032967032967,60,0.6593406593406593
9,50,28,0.3076923076923077,59,0.6483516483516484
9,50,29,0.31868131868131866,58,0.6373626373626373
9,50,30,0.32967032967032966,57,0.6263736263736264
9,50,31,0.34065934065934067,56,0.6153846153846154
9,50,32,0.3516483516483517,55,0.6043956043956044
9,50,33,0.3626373626373626,54,0.5934065934065934
9,50,34,0.37362637362637363,53,0.5824175824175825
9,50,35,0.38461538461538464,52,0.5714285714285714
9,50,36,0.3956043956043956,51,0.5604395604395604
9,50,37,0.4065934065934066,50,0.5494505494505495
9,50,38,0.4175824175824176,49,0.5384615384615384
9,50,39,0.42857142857142855,48,0.5274725274725275
9,50,40,0.43956043956043955,47,0.5164835164835165
9,50,41,0.45054945054945056,46,0.5054945054945055
9,50,42,0.46153846153846156,45,0.4945054945054945
9,50,43,0.4725274725274725,44,0.4835164835164835
9,50,44,0.4835164835164835,43,0.4725274725274725
9,50,45,0.4945054945054945,42,0.46153846153846156
9,50,46,0.5054945054945055,41,0.45054945054945056
9,50,47,0.5164835164835165,41,0.45054945054945056
9,50,48,0.5274725274725275,40,0.43956043956043955
9,50,49,0.5384615384615384,39,0.42857142857142855
9,50,50,0.5494505494505495,38,0.4175824175824176
9,50,51,0.5604395604395604,37,0.4065934065934066
9,50,52,0.5714285714285714,36,0.3956043956043956
9,50,53,0.5824175824175825,35,0.38461538461538464
9,50,54,0.5934065934065934,34,0.37362637362637363
9,50,55,0.6043956043956044,33,0.3626373626373626
9,50,56,0.6153846153846154,33,0.3626373626373626
9,50,57,0.6263736263736264,32,0.3516483516483517
9,50,58,0.6373626373626373,31,0.34065934065934067
9,50,59,0.6483516483516484,30,0.32967032967032966
9,50,60,0.6593406593406593,30,0.32967032967032966
9,50,61,0.6703296703296703,29,0.31868131868131866
9,50,62,0.6813186813186813,28,0.3076923076923077
9,50,63,0.6923076923076923,27,0.2967032967032967
9,50,64,0.7032967032967034,26,0.2857142857142857
9,50,65,0.7142857142857143,25,0.27472527472527475
9,50,66,0.7252747252747253,24,0.26373626373626374
9,50,67,0.7362637362637363,23,0.25274725274725274
9,50,68,0.7472527472527473,22,0.24175824175824176
9,50,69,0.7582417582417582,21,0.23076923076923078
9,50,70,0.7692307692307693,20,0.21978021978021978
9,50,71,0.7802197802197802,19,0.2087912087912088
9,50,72,0.7912087912087912,18,0.1978021978021978
9,50,73,0.8021978021978022,17,0.18681318681318682
9,50,74,0.8131868131868132,16,0.17582417582417584
9,50,75,0.8241758241758241,15,0.16483516483516483
9,50,76,0.8351648351648352,15,0.16483516483516483
9,50,77,0.8461538461538461,14,0.15384615384615385
9,50,78,0.8571428571428571,13,0.14285714285714285
9,50,79,0.8681318681318682,12,0.13186813186813187
9,50,80,0.8791208791208791,11,0.12087912087912088
9,50,81,0.8901098901098901,9,0.0989010989010989
9,50,82,0.9010989010989011,8,0.08791208791208792
9,50,83,0.9120879120879121,7,0.07692307692307693
9,50,84,0.9230769230769231,6,0.06593406593406594
9,50,85,0.9340659340659341,5,0.054945054945054944
9,50,86,0.945054945054945,5,0.054945054945054944
9,50,87,0.9560439560439561,4,0.04395604395604396
9,50,88,0.967032967032967,3,0.03296703296703297
9,50,89,0.978021978021978,2,0.02197802197802198
9,50,90,0.989010989010989,1,0.01098901098901099
9,50,91,1.0,0,0.0
10,51,0,0.0,82,0.9010989010989011
10,51,1,0.01098901098901099,81,0.8901098901098901
10,51,2,0.02197802197802198,80,0.8791208791208791
10,51,3,0.03296703296703297,79,0.8681318681318682
10,51,4,0.04395604395604396,77,0.8461538461538461
10,51,5,0.054945054945054944,76,0.8351648351648352
10,51,6,0.06593406593406594,75,0.8241758241758241
10,51,7,0.07692307692307693,74,0.8131868131868132
10,51,8,0.08791208791208792,73,0.8021978021978022
10,51,9,0.0989010989010989,72,0.7912087912087912
10,51,10,0.10989010989010989,71,0.7802197802197802
10,51,11,0.12087912087912088,70,0.7692307692307693
10,51,12,0.13186813186813187,69,0.7582417582417582
10,51,13,0.14285714285714285,68,0.7472527472527473
10,51,14,0.15384615384615385,67,0.7362637362637363
10,51,15,0.16483516483516483,66,0.7252747252747253
10,51,16,0.17582417582417584,65,0.7142857142857143
10,51,17,0.18681318681318682,64,0.7032967032967034
10,51,18,0.1978021978021978,63,0.6923076923076923
10,51,19,0.2087912087912088,62,0.6813186813186813
10,51,20,0.21978021978021978,61,0.6703296703296703
10,51,21,0.23076923076923078,60,0.6593406593406593
10,51,22,0.24175824175824176,59,0.6483516483516484
10,51,23,0.25274725274725274,58,0.6373626373626373
10,51,24,0.26373626373626374,56,0.6153846153846154
10,51,25,0.27472527472527475,55,0.6043956043956044
10,51,26,0.2857142857142857,54,0.5934065934065934
10,51,27,0.2967032967032967,53,0.5824175824175825
10,51,28,0.3076923076923077,53,0.5824175824175825
10,51,29,0.31868131868131866,52,0.5714285714285714
10,51,30,0.32967032967032966,51,0.5604395604395604
10,51,31,0.34065934065934067,50,0.5494505494505495
10,51,32,0.3516483516483517,49,0.5384615384615384
10,51,33,0.3626373626373626,48,0.5274725274725275
10,51,34,0.37362637362637363,47,0.5164835164835165
10,51,35,0.38461538461538464,46,0.5054945054945055
10,51,36,0.3956043956043956,46,0.5054945054945055
10,51,37,0.4065934065934066,45,0.4945054945054945
10,51,38,0.4175824175824176,44,0.4835164835164835
10,51,39,0.42857142857142855,43,0.4725274725274725
10,51,40,0.43956043956043955,42,0.46153846153846156
10,51,41,0.45054945054945056,41,0.45054945054945056
10,51,42,0.46153846153846156,40,0.43956043956043955
10,51,43,0.4725274725274725,39,0.42857142857142855
10,51,44,0.4835164835164835,38,0.4175824175824176
10,51,45,0.4945054945054945,37,0.4065934065934066
10,51,46,0.5054945054945055,36,0.3956043956043956
10,51,47,0.5164835164835165,35,0.38461538461538464
10,51,48,0.5274725274725275,34,0.37362637362637363
10,51,49,0.5384615384615384,33,0.3626373626373626
10,51,50,0.5494505494505495,32,0.3516483516483517
10,51,51,0.5604395604395604,32,0.3516483516483517
10,51,52,0.5714285714285714,31,0.34065934065934067
10,51,53,0.5824175824175825,30,0.32967032967032966
10,51,54,0.5934065934065934,29,0.31868131868131866
10,51,55,0.6043956043956044,29,0.31868131868131866
10,51,56,0.6153846153846154,28,0.3076923076923077
10,51,57,0.6263736263736264,27,0.2967032967032967
10,51,58,0.6373626373626373,26,0.2857142857142857
10,51,59,0.6483516483516484,26,0.2857142857142857
10,51,60,0.6593406593406593,26,0.2857142857142857
10,51,61,0.6703296703296703,25,0.27472527472527475
10,51,62,0.6813186813186813,24,0.26373626373626374
10,51,63,0.6923076923076923,24,0.26373626373626374
10,51,64,0.7032967032967034,23,0.25274725274725274
10,51,65,0.7142857142857143,23,0.25274725274725274
10,51,66,0.7252747252747253,22,0.24175824175824176
10,51,67,0.7362637362637363,21,0.23076923076923078
10,51,68,0.7472527472527473,20,0.21978021978021978
10,51,69,0.7582417582417582,20,0.21978021978021978
10,51,70,0.7692307692307693,19,0.2087912087912088
10,51,71,0.7802197802197802,18,0.1978021978021978
10,51,72,0.7912087912087912,17,0.18681318681318682
10,51,73,0.8021978021978022,15,0.16483516483516483
10,51,74,0.8131868131868132,14,0.15384615384615385
10,51,75,0.8241758241758241,13,0.14285714285714285
10,51,76,0.8351648351648352,12,0.13186813186813187
10,51,77,0.8461538461538461,11,0.12087912087912088
10,51,78,0.8571428571428571,11,0.12087912087912088
10,51,79,0.8681318681318682,10,0.10989010989010989
10,51,80,0.8791208791208791,9,0.0989010989010989
10,51,81,0.8901098901098901,8,0.08791208791208792
10,51,82,0.9010989010989011,7,0.07692307692307693
10,51,83,0.9120879120879121,6,0.06593406593406594
10,51,84,0.9230769230769231,5,0.054945054945054944
10,51,85,0.9340659340659341,4,0.04395604395604396
10,51,86,0.945054945054945,4,0.04395604395604396
10,51,87,0.9560439560439561,3,0.03296703296703297
10,51,88,0.967032967032967,2,0.02197802197802198
10,51,89,0.978021978021978,1,0.01098901098901099
10,51,90,0.989010989010989,1,0.01098901098901099
10,51,91,1.0,0,0.0
11,52,0,0.0,82,0.9010989010989011
11,52,1,0.01098901098901099,81,0.8901098901098901
11,52,2,0.02197802197802198,80,0.8791208791208791
11,52,3,0.03296703296703297,79,0.8681318681318682
11,52,4,0.04395604395604396,79,0.8681318681318682
11,52,5,0.054945054945054944,78,0.8571428571428571
11,52,6,0.06593406593406594,77,0.8461538461538461
11,52,7,0.07692307692307693,76,0.8351648351648352
11,52,8,0.08791208791208792,75,0.8241758241758241
11,52,9,0.0989010989010989,74,0.8131868131868132
11,52,10,0.10989010989010989,73,0.8021978021978022
11,52,11,0.12087912087912088,72,0.7912087912087912
11,52,12,0.13186813186813187,71,0.7802197802197802
11,52,13,0.14285714285714285,70,0.7692307692307693
11,52,14,0.15384615384615385,69,0.7582417582417582
11,52,15,0.16483516483516483,68,0.7472527472527473
11,52,16,0.17582417582417584,67,0.7362637362637363
11,52,17,0.18681318681318682,66,0.7252747252747253
11,52,18,0.1978021978021978,65,0.7142857142857143
11,52,19,0.2087912087912088,64,0.7032967032967034
11,52,20,0.21978021978021978,63,0.6923076923076923
11,52,21,0.23076923076923078,62,0.6813186813186813
11,52,22,0.24175824175824176,61,0.6703296703296703
11,52,23,0.25274725274725274,60,0.6593406593406593
11,52,24,0.26373626373626374,59,0.6483516483516484
11,52,25,0.27472527472527475,58,0.6373626373626373
11,52,26,0.2857142857142857,57,0.6263736263736264
11,52,27,0.2967032967032967,56,0.6153846153846154
11,52,28,0.3076923076923077,55,0.6043956043956044
11,52,29,0.31868131868131866,55,0.6043956043956044
11,52,30,0.32967032967032966,54,0.5934065934065934
11,52,31,0.34065934065934067,53,0.5824175824175825
11,52,32,0.3516483516483517,52,0.5714285714285714
11,52,33,0.3626373626373626,51,0.5604395604395604
11,52,34,0.37362637362637363,50,0.5494505494505495
11,52,35,0.38461538461538464,49,0.5384615384615384
11,52,36,0.3956043956043956,48,0.5274725274725275
11,52,37,0.4065934065934066,47,0.5164835164835165
11,52,38,0.4175824175824176,46,0.5054945054945055
11,52,39,0.42857142857142855,45,0.4945054945054945
11,52,40,0.43956043956043955,44,0.4835164835164835
11,52,41,0.45054945054945056,43,0.4725274725274725
11,52,42,0.46153846153846156,42,0.46153846153846156
11,52,43,0.4725274725274725,41,0.45054945054945056
11,52,44,0.4835164835164835,40,0.43956043956043955
11,52,45,0.4945054945054945,39,0.42857142857142855
11,52,46,0.5054945054945055,38,0.4175824175824176
11,52,47,0.5164835164835165,37,0.4065934065934066
11,52,48,0.5274725274725275,36,0.3956043956043956
11,52,49,0.5384615384615384,35,0.38461538461538464
11,52,50,0.5494505494505495,34,0.37362637362637363
11,52,51,0.5604395604395604,33,0.3626373626373626
11,52,52,0.5714285714285714,32,0.3516483516483517
11,52,53,0.5824175824175825,32,0.3516483516483517
11,52,54,0.5934065934065934,31,0.34065934065934067
11,52,55,0.6043956043956044,30,0.32967032967032966
11,52,56,0.6153846153846154,29,0.31868131868131866
11,52,57,0.6263736263736264,28,0.3076923076923077
11,52,58,0.6373626373626373,27,0.2967032967032967
11,52,59,0.6483516483516484,26,0.2857142857142857
11,52,60,0.6593406593406593,26,0.2857142857142857
11,52,61,0.6703296703296703,25,0.27472527472527475
11,52,62,0.6813186813186813,25,0.27472527472527475
11,52,63,0.6923076923076923,24,0.26373626373626374
11,52,64,0.7032967032967034,23,0.25274725274725274
11,52,65,0.7142857142857143,22,0.24175824175824176
11,52,66,0.7252747252747253,21,0.23076923076923078
11,52,67,0.7362637362637363,20,0.21978021978021978
11,52,68,0.7472527472527473,19,0.2087912087912088
11,52,69,0.7582417582417582,18,0.1978021978021978
11,52,70,0.7692307692307693,17,0.18681318681318682
11,52,71,0.7802197802197802,16,0.17582417582417584
11,52,72,0.7912087912087912,15,0.16483516483516483
11,52,73,0.8021978021978022,14,0.15384615384615385
11,52,74,0.8131868131868132,14,0.15384615384615385
11,52,75,0.8241758241758241,13,0.14285714285714285
11,52,76,0.8351648351648352,11,0.12087912087912088
11,52,77,0.8461538461538461,10,0.10989010989010989
11,52,78,0.8571428571428571,9,0.0989010989010989
11,52,79,0.8681318681318682,8,0.08791208791208792
11,52,80,0.8791208791208791,7,0.07692307692307693
11,52,81,0.8901098901098901,6,0.06593406593406594
11,52,82,0.9010989010989011,6,0.06593406593406594
11,52,83,0.9120879120879121,5,0.054945054945054944
11,52,84,0.9230769230769231,3,0.03296703296703297
11,52,85,0.9340659340659341,1,0.01098901098901099
11,52,86,0.945054945054945,1,0.01098901098901099
11,52,87,0.9560439560439561,1,0.01098901098901099
11,52,88,0.967032967032967,1,0.01098901098901099
11,52,89,0.978021978021978,1,0.01098901098901099
11,52,90,0.989010989010989,1,0.01098901098901099
11,52,91,1.0,0,0.0
12,53,0,0.0,82,0.9010989010989011
12,53,1,0.01098901098901099,81,0.8901098901098901
12,53,2,0.02197802197802198,80,0.8791208791208791
12,53,3,0.03296703296703297,79,0.8681318681318682
12,53,4,0.04395604395604396,78,0.8571428571428571
12,53,5,0.054945054945054944,77,0.8461538461538461
12,53,6,0.06593406593406594,76,0.8351648351648352
12,53,7,0.07692307692307693,75,0.8241758241758241
12,53,8,0.08791208791208792,74,0.8131868131868132
12,53,9,0.0989010989010989,73,0.8021978021978022
12,53,10,0.10989010989010989,72,0.7912087912087912
12,53,11,0.12087912087912088,71,0.7802197802197802
12,53,12,0.13186813186813187,70,0.7692307692307693
12,53,13,0.14285714285714285,69,0.7582417582417582
12,53,14,0.15384615384615385,68,0.7472527472527473
12,53,15,0.16483516483516483,67,0.7362637362637363
12,53,16,0.17582417582417584,66,0.7252747252747253
12,53,17,0.18681318681318682,65,0.7142857142857143
12,53,18,0.1978021978021978,64,0.7032967032967034
12,53,19,0.2087912087912088,63,0.6923076923076923
12,53,20,0.21978021978021978,62,0.6813186813186813
12,53,21,0.23076923076923078,61,0.6703296703296703
12,53,22,0.24175824175824176,60,0.6593406593406593
12,53,23,0.25274725274725274,59,0.6483516483516484
12,53,24,0.26373626373626374,59,0.6483516483516484
12,53,25,0.27472527472527475,57,0.6263736263736264
12,53,26,0.2857142857142857,56,0.6153846153846154
12,53,27,0.2967032967032967,56,0.6153846153846154
12,53,28,0.3076923076923077,54,0.5934065934065934
12,53,29,0.31868131868131866,53,0.5824175824175825
12,53,30,0.32967032967032966,52,0.5714285714285714
12,53,31,0.34065934065934067,50,0.5494505494505495
12,53,32,0.3516483516483517,49,0.5384615384615384
12,53,33,0.3626373626373626,48,0.5274725274725275
12,53,34,0.37362637362637363,47,0.5164835164835165
12,53,35,0.38461538461538464,46,0.5054945054945055
12,53,36,0.3956043956043956,46,0.5054945054945055
12,53,37,0.4065934065934066,46,0.5054945054945055
12,53,38,0.4175824175824176,45,0.4945054945054945
12,53,39,0.42857142857142855,44,0.4835164835164835
12,53,40,0.43956043956043955,43,0.4725274725274725
12,53,41,0.45054945054945056,42,0.46153846153846156
12,53,42,0.46153846153846156,41,0.45054945054945056
12,53,43,0.4725274725274725,40,0.43956043956043955
12,53,44,0.4835164835164835,39,0.42857142857142855
12,53,45,0.4945054945054945,38,0.4175824175824176
12,53,46,0.5054945054945055,37,0.4065934065934066
12,53,47,0.5164835164835165,36,0.3956043956043956
12,53,48,0.5274725274725275,36,0.3956043956043956
12,53,49,0.5384615384615384,36,0.3956043956043956
12,53,50,0.5494505494505495,35,0.38461538461538464
12,53,51,0.5604395604395604,34,0.37362637362637363
12,53,52,0.5714285714285714,33,0.3626373626373626
12,53,53,0.5824175824175825,32,0.3516483516483517
12,53,54,0.5934065934065934,31,0.34065934065934067
12,53,55,0.6043956043956044,30,0.32967032967032966
12,53,56,0.6153846153846154,29,0.31868131868131866
12,53,57,0.6263736263736264,28,0.3076923076923077
12,53,58,0.6373626373626373,28,0.3076923076923077
12,53,59,0.6483516483516484,27,0.2967032967032967
12,53,60,0.6593406593406593,26,0.2857142857142857
12,53,61,0.6703296703296703,25,0.27472527472527475
12,53,62,0.6813186813186813,24,0.26373626373626374
12,53,63,0.6923076923076923,23,0.25274725274725274
12,53,64,0.7032967032967034,22,0.24175824175824176
12,53,65,0.7142857142857143,22,0.24175824175824176
12,53,66,0.7252747252747253,21,0.23076923076923078
12,53,67,0.7362637362637363,20,0.21978021978021978
12,53,68,0.7472527472527473,19,0.2087912087912088
12,53,69,0.7582417582417582,18,0.1978021978021978
12,53,70,0.7692307692307693,17,0.18681318681318682
12,53,71,0.7802197802197802,16,0.17582417582417584
12,53,72,0.7912087912087912,15,0.16483516483516483
12,53,73,0.8021978021978022,15,0.16483516483516483
12,53,74,0.8131868131868132,14,0.15384615384615385
12,53,75,0.8241758241758241,13,0.14285714285714285
12,53,76,0.8351648351648352,12,0.13186813186813187
12,53,77,0.8461538461538461,11,0.12087912087912088
12,53,78,0.8571428571428571,10,0.10989010989010989
12,53,79,0.8681318681318682,9,0.0989010989010989
12,53,80,0.8791208791208791,8,0.08791208791208792
12,53,81,0.8901098901098901,7,0.07692307692307693
12,53,82,0.9010989010989011,7,0.07692307692307693
12,53,83,0.9120879120879121,7,0.07692307692307693
12,53,84,0.9230769230769231,6,0.06593406593406594
12,53,85,0.9340659340659341,5,0.054945054945054944
12,53,86,0.945054945054945,4,0.04395604395604396
12,53,87,0.9560439560439561,3,0.03296703296703297
12,53,88,0.967032967032967,3,0.03296703296703297
12,53,89,0.978021978021978,2,0.02197802197802198
12,53,90,0.989010989010989,1,0.01098901098901099
12,53,91,1.0,0,0.0
13,54,0,0.0,82,0.9010989010989011
13,54,1,0.01098901098901099,81,0.8901098901098901
13,54,2,0.02197802197802198,80,0.8791208791208791
13,54,3,0.03296703296703297,79,0.8681318681318682
13,54,4,0.04395604395604396,78,0.8571428571428571
13,54,5,0.054945054945054944,77,0.8461538461538461
13,54,6,0.06593406593406594,76,0.8351648351648352
13,54,7,0.07692307692307693,75,0.8241758241758241
13,54,8,0.08791208791208792,73,0.8021978021978022
13,54,9,0.0989010989010989,72,0.7912087912087912
13,54,10,0.10989010989010989,71,0.7802197802197802
13,54,11,0.12087912087912088,70,0.7692307692307693
13,54,12,0.13186813186813187,69,0.7582417582417582
13,54,13,0.14285714285714285,69,0.7582417582417582
13,54,14,0.15384615384615385,68,0.7472527472527473
13,54,15,0.16483516483516483,67,0.7362637362637363
13,54,16,0.17582417582417584,66,0.7252747252747253
13,54,17,0.18681318681318682,65,0.7142857142857143
13,54,18,0.1978021978021978,64,0.7032967032967034
13,54,19,0.2087912087912088,63,0.6923076923076923
13,54,20,0.21978021978021978,62,0.6813186813186813
13,54,21,0.23076923076923078,61,0.6703296703296703
13,54,22,0.24175824175824176,60,0.6593406593406593
13,54,23,0.25274725274725274,60,0.6593406593406593
13,54,24,0.26373626373626374,59,0.6483516483516484
13,54,25,0.27472527472527475,58,0.6373626373626373
13,54,26,0.2857142857142857,57,0.6263736263736264
13,54,27,0.2967032967032967,56,0.6153846153846154
13,54,28,0.3076923076923077,56,0.6153846153846154
13,54,29,0.31868131868131866,54,0.5934065934065934
13,54,30,0.32967032967032966,53,0.5824175824175825
13,54,31,0.34065934065934067,52,0.5714285714285714
13,54,32,0.3516483516483517,51,0.5604395604395604
13,54,33,0.3626373626373626,50,0.5494505494505495
13,54,34,0.37362637362637363,49,0.5384615384615384
13,54,35,0.38461538461538464,49,0.5384615384615384
13,54,36,0.3956043956043956,48,0.5274725274725275
13,54,37,0.4065934065934066,47,0.5164835164835165
13,54,38,0.4175824175824176,46,0.5054945054945055
13,54,39,0.42857142857142855,45,0.4945054945054945
13,54,40,0.43956043956043955,44,0.4835164835164835
13,54,41,0.45054945054945056,43,0.4725274725274725
13,54,42,0.46153846153846156,42,0.46153846153846156
13,54,43,0.4725274725274725,41,0.45054945054945056
13,54,44,0.4835164835164835,40,0.43956043956043955
13,54,45,0.4945054945054945,39,0.42857142857142855
13,54,46,0.5054945054945055,38,0.4175824175824176
13,54,47,0.5164835164835165,37,0.4065934065934066
13,54,48,0.5274725274725275,36,0.3956043956043956
13,54,49,0.5384615384615384,35,0.38461538461538464
13,54,50,0.5494505494505495,34,0.37362637362637363
13,54,51,0.5604395604395604,33,0.3626373626373626
13,54,52,0.5714285714285714,33,0.3626373626373626
13,54,53,0.5824175824175825,32,0.3516483516483517
13,54,54,0.5934065934065934,31,0.34065934065934067
13,54,55,0.6043956043956044,30,0.32967032967032966
13,54,56,0.6153846153846154,29,0.31868131868131866
13,54,57,0.6263736263736264,28,0.3076923076923077
13,54,58,0.6373626373626373,27,0.2967032967032967
13,54,59,0.6483516483516484,27,0.2967032967032967
13,54,60,0.6593406593406593,26,0.2857142857142857
13,54,61,0.6703296703296703,25,0.27472527472527475
13,54,62,0.6813186813186813,24,0.26373626373626374
13,54,63,0.6923076923076923,23,0.25274725274725274
13,54,64,0.7032967032967034,22,0.24175824175824176
13,54,65,0.7142857142857143,21,0.23076923076923078
13,54,66,0.7252747252747253,20,0.21978021978021978
13,54,67,0.7362637362637363,19,0.2087912087912088
13,54,68,0.7472527472527473,19,0.2087912087912088
13,54,69,0.7582417582417582,18,0.1978021978021978
13,54,70,0.7692307692307693,17,0.18681318681318682
13,54,71,0.7802197802197802,16,0.17582417582417584
13,54,72,0.7912087912087912,15,0.16483516483516483
13,54,73,0.8021978021978022,14,0.15384615384615385
13,54,74,0.8131868131868132,13,0.14285714285714285
13,54,75,0.8241758241758241,12,0.13186813186813187
13,54,76,0.8351648351648352,11,0.12087912087912088
13,54,77,0.8461538461538461,10,0.10989010989010989
13,54,78,0.8571428571428571,9,0.0989010989010989
13,54,79,0.8681318681318682,8,0.08791208791208792
13,54,80,0.8791208791208791,7,0.07692307692307693
13,54,81,0.8901098901098901,6,0.06593406593406594
13,54,82,0.9010989010989011,5,0.054945054945054944
13,54,83,0.9120879120879121,4,0.04395604395604396
13,54,84,0.9230769230769231,4,0.04395604395604396
13,54,85,0.9340659340659341,3,0.03296703296703297
13,54,86,0.945054945054945,2,0.02197802197802198
13,54,87,0.9560439560439561,2,0.02197802197802198
13,54,88,0.967032967032967,2,0.02197802197802198
13,54,89,0.978021978021978,1,0.01098901098901099
13,54,90,0.989010989010989,1,0.01098901098901099
13,54,91,1.0,0,0.0
14,55,0,0.0,82,0.9010989010989011
14,55,1,0.01098901098901099,81,0.8901098901098901
14,55,2,0.02197802197802198,80,0.8791208791208791
14,55,3,0.03296703296703297,79,0.8681318681318682
14,55,4,0.04395604395604396,78,0.8571428571428571
14,55,5,0.054945054945054944,77,0.8461538461538461
14,55,6,0.06593406593406594,76,0.8351648351648352
14,55,7,0.07692307692307693,76,0.8351648351648352
14,55,8,0.08791208791208792,75,0.8241758241758241
14,55,9,0.0989010989010989,74,0.8131868131868132
14,55,10,0.10989010989010989,73,0.8021978021978022
14,55,11,0.12087912087912088,72,0.7912087912087912
14,55,12,0.13186813186813187,71,0.7802197802197802
14,55,13,0.14285714285714285,70,0.7692307692307693
14,55,14,0.15384615384615385,69,0.7582417582417582
14,55,15,0.16483516483516483,68,0.7472527472527473
14,55,16,0.17582417582417584,67,0.7362637362637363
14,55,17,0.18681318681318682,67,0.7362637362637363
14,55,18,0.1978021978021978,66,0.7252747252747253
14,55,19,0.2087912087912088,65,0.7142857142857143
14,55,20,0.21978021978021978,64,0.7032967032967034
14,55,21,0.23076923076923078,63,0.6923076923076923
14,55,22,0.24175824175824176,62,0.6813186813186813
14,55,23,0.25274725274725274,61,0.6703296703296703
14,55,24,0.26373626373626374,60,0.6593406593406593
14,55,25,0.27472527472527475,59,0.6483516483516484
14,55,26,0.2857142857142857,58,0.6373626373626373
14,55,27,0.2967032967032967,57,0.6263736263736264
14,55,28,0.3076923076923077,57,0.6263736263736264
14,55,29,0.31868131868131866,56,0.6153846153846154
14,55,30,0.32967032967032966,55,0.6043956043956044
14,55,31,0.34065934065934067,54,0.5934065934065934
14,55,32,0.3516483516483517,52,0.5714285714285714
14,55,33,0.3626373626373626,51,0.5604395604395604
14,55,34,0.37362637362637363,50,0.5494505494505495
14,55,35,0.38461538461538464,48,0.5274725274725275
14,55,36,0.3956043956043956,47,0.5164835164835165
14,55,37,0.4065934065934066,46,0.5054945054945055
14,55,38,0.4175824175824176,45,0.4945054945054945
14,55,39,0.42857142857142855,45,0.4945054945054945
14,55,40,0.43956043956043955,44,0.4835164835164835
14,55,41,0.45054945054945056,43,0.4725274725274725
14,55,42,0.46153846153846156,42,0.46153846153846156
14,55,43,0.4725274725274725,41,0.45054945054945056
14,55,44,0.4835164835164835,41,0.45054945054945056
14,55,45,0.4945054945054945,40,0.43956043956043955
14,55,46,0.5054945054945055,39,0.42857142857142855
14,55,47,0.5164835164835165,38,0.4175824175824176
14,55,48,0.5274725274725275,37,0.4065934065934066
14,55,49,0.5384615384615384,36,0.3956043956043956
14,55,50,0.5494505494505495,36,0.3956043956043956
14,55,51,0.5604395604395604,35,0.38461538461538464
14,55,52,0.5714285714285714,34,0.37362637362637363
14,55,53,0.5824175824175825,33,0.3626373626373626
14,55,54,0.5934065934065934,32,0.3516483516483517
14,55,55,0.6043956043956044,31,0.34065934065934067
14,55,56,0.6153846153846154,30,0.32967032967032966
14,55,57,0.6263736263736264,29,0.31868131868131866
14,55,58,0.6373626373626373,28,0.3076923076923077
14,55,59,0.6483516483516484,27,0.2967032967032967
14,55,60,0.6593406593406593,26,0.2857142857142857
14,55,61,0.6703296703296703,25,0.27472527472527475
14,55,62,0.6813186813186813,24,0.26373626373626374
14,55,63,0.6923076923076923,24,0.26373626373626374
14,55,64,0.7032967032967034,23,0.25274725274725274
14,55,65,0.7142857142857143,22,0.24175824175824176
14,55,66,0.7252747252747253,21,0.23076923076923078
14,55,67,0.7362637362637363,20,0.21978021978021978
14,55,68,0.7472527472527473,19,0.2087912087912088
14,55,69,0.7582417582417582,18,0.1978021978021978
14,55,70,0.7692307692307693,17,0.18681318681318682
14,55,71,0.7802197802197802,17,0.18681318681318682
14,55,72,0.7912087912087912,16,0.17582417582417584
14,55,73,0.8021978021978022,15,0.16483516483516483
14,55,74,0.8131868131868132,14,0.15384615384615385
14,55,75,0.8241758241758241,14,0.15384615384615385
14,55,76,0.8351648351648352,13,0.14285714285714285
14,55,77,0.8461538461538461,12,0.13186813186813187
14,55,78,0.8571428571428571,11,0.12087912087912088
14,55,79,0.8681318681318682,11,0.12087912087912088
14,55,80,0.8791208791208791,10,0.10989010989010989
14,55,81,0.8901098901098901,9,0.0989010989010989
14,55,82,0.9010989010989011,7,0.07692307692307693
14,55,83,0.9120879120879121,7,0.07692307692307693
14,55,84,0.9230769230769231,6,0.06593406593406594
14,55,85,0.9340659340659341,4,0.04395604395604396
14,55,86,0.945054945054945,3,0.03296703296703297
14,55,87,0.9560439560439561,2,0.02197802197802198
14,55,88,0.967032967032967,1,0.01098901098901099
14,55,89,0.978021978021978,1,0.01098901098901099
14,55,90,0.989010989010989,1,0.01098901098901099
14,55,91,1.0,0,0.0
15,56,0,0.0,82,0.9010989010989011
15,56,1,0.01098901098901099,81,0.8901098901098901
15,56,2,0.02197802197802198,80,0.8791208791208791
15,56,3,0.03296703296703297,79,0.8681318681318682
15,56,4,0.04395604395604396,78,0.8571428571428571
15,56,5,0.054945054945054944,77,0.8461538461538461
15,56,6,0.06593406593406594,76,0.8351648351648352
15,56,7,0.07692307692307693,75,0.8241758241758241
15,56,8,0.08791208791208792,75,0.8241758241758241
15,56,9,0.0989010989010989,74,0.8131868131868132
15,56,10,0.10989010989010989,74,0.8131868131868132
15,56,11,0.12087912087912088,73,0.8021978021978022
15,56,12,0.13186813186813187,72,0.7912087912087912
15,56,13,0.14285714285714285,71,0.7802197802197802
15,56,14,0.15384615384615385,69,0.7582417582417582
15,56,15,0.16483516483516483,68,0.7472527472527473
15,56,16,0.17582417582417584,66,0.7252747252747253
15,56,17,0.18681318681318682,65,0.7142857142857143
15,56,18,0.1978021978021978,64,0.7032967032967034
15,56,19,0.2087912087912088,63,0.6923076923076923
15,56,20,0.21978021978021978,63,0.6923076923076923
15,56,21,0.23076923076923078,62,0.6813186813186813
15,56,22,0.24175824175824176,61,0.6703296703296703
15,56,23,0.25274725274725274,60,0.6593406593406593
15,56,24,0.26373626373626374,59,0.6483516483516484
15,56,25,0.27472527472527475,58,0.6373626373626373
15,56,26,0.2857142857142857,57,0.6263736263736264
15,56,27,0.2967032967032967,56,0.6153846153846154
15,56,28,0.3076923076923077,55,0.6043956043956044
15,56,29,0.31868131868131866,54,0.5934065934065934
15,56,30,0.32967032967032966,53,0.5824175824175825
15,56,31,0.34065934065934067,52,0.5714285714285714
15,56,32,0.3516483516483517,52,0.5714285714285714
15,56,33,0.3626373626373626,51,0.5604395604395604
15,56,34,0.37362637362637363,50,0.5494505494505495
15,56,35,0.38461538461538464,49,0.5384615384615384
15,56,36,0.3956043956043956,48,0.5274725274725275
15,56,37,0.4065934065934066,47,0.5164835164835165
15,56,38,0.4175824175824176,46,0.5054945054945055
15,56,39,0.42857142857142855,45,0.4945054945054945
15,56,40,0.43956043956043955,44,0.4835164835164835
15,56,41,0.45054945054945056,43,0.4725274725274725
15,56,42,0.46153846153846156,42,0.46153846153846156
15,56,43,0.4725274725274725,41,0.45054945054945056
15,56,44,0.4835164835164835,40,0.43956043956043955
15,56,45,0.4945054945054945,39,0.42857142857142855
15,56,46,0.5054945054945055,39,0.42857142857142855
15,56,47,0.5164835164835165,38,0.4175824175824176
15,56,48,0.5274725274725275,37,0.4065934065934066
15,56,49,0.5384615384615384,36,0.3956043956043956
15,56,50,0.5494505494505495,36,0.3956043956043956
15,56,51,0.5604395604395604,35,0.38461538461538464
15,56,52,0.5714285714285714,34,0.37362637362637363
15,56,53,0.5824175824175825,33,0.3626373626373626
15,56,54,0.5934065934065934,32,0.3516483516483517
15,56,55,0.6043956043956044,32,0.3516483516483517
15,56,56,0.6153846153846154,32,0.3516483516483517
15,56,57,0.6263736263736264,29,0.31868131868131866
15,56,58,0.6373626373626373,28,0.3076923076923077
15,56,59,0.6483516483516484,28,0.3076923076923077
15,56,60,0.6593406593406593,27,0.2967032967032967
15,56,61,0.6703296703296703,26,0.2857142857142857
15,56,62,0.6813186813186813,26,0.2857142857142857
15,56,63,0.6923076923076923,25,0.27472527472527475
15,56,64,0.7032967032967034,24,0.26373626373626374
15,56,65,0.7142857142857143,23,0.25274725274725274
15,56,66,0.7252747252747253,22,0.24175824175824176
15,56,67,0.7362637362637363,21,0.23076923076923078
15,56,68,0.7472527472527473,20,0.21978021978021978
15,56,69,0.7582417582417582,20,0.21978021978021978
15,56,70,0.7692307692307693,19,0.2087912087912088
15,56,71,0.7802197802197802,18,0.1978021978021978
15,56,72,0.7912087912087912,17,0.18681318681318682
15,56,73,0.8021978021978022,16,0.17582417582417584
15,56,74,0.8131868131868132,15,0.16483516483516483
15,56,75,0.8241758241758241,14,0.15384615384615385
15,56,76,0.8351648351648352,13,0.14285714285714285
15,56,77,0.8461538461538461,12,0.13186813186813187
15,56,78,0.8571428571428571,11,0.12087912087912088
15,56,79,0.8681318681318682,10,0.10989010989010989
15,56,80,0.8791208791208791,9,0.0989010989010989
15,56,81,0.8901098901098901,8,0.08791208791208792
15,56,82,0.9010989010989011,7,0.07692307692307693
15,56,83,0.9120879120879121,6,0.06593406593406594
15,56,84,0.9230769230769231,5,0.054945054945054944
15,56,85,0.9340659340659341,5,0.054945054945054944
15,56,86,0.945054945054945,4,0.04395604395604396
15,56,87,0.9560439560439561,3,0.03296703296703297
15,56,88,0.967032967032967,2,0.02197802197802198
15,56,89,0.978021978021978,2,0.02197802197802198
15,56,90,0.989010989010989,1,0.01098901098901099
15,56,91,1.0,0,0.0
16,57,0,0.0,82,0.9010989010989011
16,57,1,0.01098901098901099,81,0.8901098901098901
16,57,2,0.02197802197802198,80,0.8791208791208791
16,57,3,0.03296703296703297,79,0.8681318681318682
16,57,4,0.04395604395604396,78,0.8571428571428571
16,57,5,0.054945054945054944,77,0.8461538461538461
16,57,6,0.06593406593406594,76,0.8351648351648352
16,57,7,0.07692307692307693,75,0.8241758241758241
16,57,8,0.08791208791208792,74,0.8131868131868132
16,57,9,0.0989010989010989,73,0.8021978021978022
16,57,10,0.10989010989010989,72,0.7912087912087912
16,57,11,0.12087912087912088,71,0.7802197802197802
16,57,12,0.13186813186813187,71,0.7802197802197802
16,57,13,0.14285714285714285,70,0.7692307692307693
16,57,14,0.15384615384615385,69,0.7582417582417582
16,57,15,0.16483516483516483,68,0.7472527472527473
16,57,16,0.17582417582417584,67,0.7362637362637363
16,57,17,0.18681318681318682,66,0.7252747252747253
16,57,18,0.1978021978021978,65,0.7142857142857143
16,57,19,0.2087912087912088,64,0.7032967032967034
16,57,20,0.21978021978021978,63,0.6923076923076923
16,57,21,0.23076923076923078,62,0.6813186813186813
16,57,22,0.24175824175824176,61,0.6703296703296703
16,57,23,0.25274725274725274,60,0.6593406593406593
16,57,24,0.26373626373626374,59,0.6483516483516484
16,57,25,0.27472527472527475,58,0.6373626373626373
16,57,26,0.2857142857142857,57,0.6263736263736264
16,57,27,0.2967032967032967,56,0.6153846153846154
16,57,28,0.3076923076923077,55,0.6043956043956044
16,57,29,0.31868131868131866,54,0.5934065934065934
16,57,30,0.32967032967032966,53,0.5824175824175825
16,57,31,0.34065934065934067,52,0.5714285714285714
16,57,32,0.3516483516483517,51,0.5604395604395604
16,57,33,0.3626373626373626,50,0.5494505494505495
16,57,34,0.37362637362637363,49,0.5384615384615384
16,57,35,0.38461538461538464,48,0.5274725274725275
16,57,36,0.3956043956043956,47,0.5164835164835165
16,57,37,0.4065934065934066,47,0.5164835164835165
16,57,38,0.4175824175824176,46,0.5054945054945055
16,57,39,0.42857142857142855,45,0.4945054945054945
16,57,40,0.43956043956043955,44,0.4835164835164835
16,57,41,0.45054945054945056,43,0.4725274725274725
16,57,42,0.46153846153846156,43,0.4725274725274725
16,57,43,0.4725274725274725,42,0.46153846153846156
16,57,44,0.4835164835164835,41,0.45054945054945056
16,57,45,0.4945054945054945,40,0.43956043956043955
16,57,46,0.5054945054945055,39,0.42857142857142855
16,57,47,0.5164835164835165,38,0.4175824175824176
16,57,48,0.5274725274725275,37,0.4065934065934066
16,57,49,0.5384615384615384,36,0.3956043956043956
16,57,50,0.5494505494505495,35,0.38461538461538464
16,57,51,0.5604395604395604,34,0.37362637362637363
16,57,52,0.5714285714285714,33,0.3626373626373626
16,57,53,0.5824175824175825,32,0.3516483516483517
16,57,54,0.5934065934065934,31,0.34065934065934067
16,57,55,0.6043956043956044,30,0.32967032967032966
16,57,56,0.6153846153846154,30,0.32967032967032966
16,57,57,0.6263736263736264,30,0.32967032967032966
16,57,58,0.6373626373626373,29,0.31868131868131866
16,57,59,0.6483516483516484,28,0.3076923076923077
16,57,60,0.6593406593406593,27,0.2967032967032967
16,57,61,0.6703296703296703,26,0.2857142857142857
16,57,62,0.6813186813186813,25,0.27472527472527475
16,57,63,0.6923076923076923,24,0.26373626373626374
16,57,64,0.7032967032967034,22,0.24175824175824176
16,57,65,0.7142857142857143,21,0.23076923076923078
16,57,66,0.7252747252747253,21,0.23076923076923078
16,57,67,0.7362637362637363,20,0.21978021978021978
16,57,68,0.7472527472527473,19,0.2087912087912088
16,57,69,0.7582417582417582,18,0.1978021978021978
16,57,70,0.7692307692307693,18,0.1978021978021978
16,57,71,0.7802197802197802,17,0.18681318681318682
16,57,72,0.7912087912087912,16,0.17582417582417584
16,57,73,0.8021978021978022,16,0.17582417582417584
16,57,74,0.8131868131868132,15,0.16483516483516483
16,57,75,0.8241758241758241,15,0.16483516483516483
16,57,76,0.8351648351648352,14,0.15384615384615385
16,57,77,0.8461538461538461,13,0.14285714285714285
16,57,78,0.8571428571428571,12,0.13186813186813187
16,57,79,0.8681318681318682,11,0.12087912087912088
16,57,80,0.8791208791208791,10,0.10989010989010989
16,57,81,0.8901098901098901,9,0.0989010989010989
16,57,82,0.9010989010989011,7,0.07692307692307693
16,57,83,0.9120879120879121,6,0.06593406593406594
16,57,84,0.9230769230769231,5,0.054945054945054944
16,57,85,0.9340659340659341,3,0.03296703296703297
16,57,86,0.945054945054945,3,0.03296703296703297
16,57,87,0.9560439560439561,2,0.02197802197802198
16,57,88,0.967032967032967,1,0.01098901098901099
16,57,89,0.978021978021978,1,0.01098901098901099
16,57,90,0.989010989010989,1,0.01098901098901099
16,57,91,1.0,0,0.0
17,58,0,0.0,82,0.9010989010989011
17,58,1,0.01098901098901099,81,0.8901098901098901
17,58,2,0.02197802197802198,80,0.8791208791208791
17,58,3,0.03296703296703297,79,0.8681318681318682
17,58,4,0.04395604395604396,78,0.8571428571428571
17,58,5,0.054945054945054944,77,0.8461538461538461
17,58,6,0.06593406593406594,76,0.8351648351648352
17,58,7,0.07692307692307693,76,0.8351648351648352
17,58,8,0.08791208791208792,75,0.8241758241758241
17,58,9,0.0989010989010989,74,0.8131868131868132
17,58,10,0.10989010989010989,73,0.8021978021978022
17,58,11,0.12087912087912088,72,0.7912087912087912
17,58,12,0.13186813186813187,71,0.7802197802197802
17,58,13,0.14285714285714285,70,0.7692307692307693
17,58,14,0.15384615384615385,69,0.7582417582417582
17,58,15,0.16483516483516483,68,0.7472527472527473
17,58,16,0.17582417582417584,67,0.7362637362637363
17,58,17,0.18681318681318682,66,0.7252747252747253
17,58,18,0.1978021978021978,64,0.7032967032967034
17,58,19,0.2087912087912088,63,0.6923076923076923
17,58,20,0.21978021978021978,62,0.6813186813186813
17,58,21,0.23076923076923078,62,0.6813186813186813
17,58,22,0.24175824175824176,61,0.6703296703296703
17,58,23,0.25274725274725274,60,0.6593406593406593
17,58,24,0.26373626373626374,59,0.6483516483516484
17,58,25,0.27472527472527475,58,0.6373626373626373
17,58,26,0.2857142857142857,57,0.6263736263736264
17,58,27,0.2967032967032967,56,0.6153846153846154
17,58,28,0.3076923076923077,56,0.6153846153846154
17,58,29,0.31868131868131866,55,0.6043956043956044
17,58,30,0.32967032967032966,54,0.5934065934065934
17,58,31,0.34065934065934067,54,0.5934065934065934
17,58,32,0.3516483516483517,53,0.5824175824175825
17,58,33,0.3626373626373626,52,0.5714285714285714
17,58,34,0.37362637362637363,51,0.5604395604395604
17,58,35,0.38461538461538464,50,0.5494505494505495
17,58,36,0.3956043956043956,49,0.5384615384615384
17,58,37,0.4065934065934066,48,0.5274725274725275
17,58,38,0.4175824175824176,48,0.5274725274725275
17,58,39,0.42857142857142855,47,0.5164835164835165
17,58,40,0.43956043956043955,46,0.5054945054945055
17,58,41,0.45054945054945056,45,0.4945054945054945
17,58,42,0.46153846153846156,43,0.4725274725274725
17,58,43,0.4725274725274725,42,0.46153846153846156
17,58,44,0.4835164835164835,41,0.45054945054945056
17,58,45,0.4945054945054945,41,0.45054945054945056
17,58,46,0.5054945054945055,40,0.43956043956043955
17,58,47,0.5164835164835165,39,0.42857142857142855
17,58,48,0.5274725274725275,38,0.4175824175824176
17,58,49,0.5384615384615384,37,0.4065934065934066
17,58,50,0.5494505494505495,36,0.3956043956043956
17,58,51,0.5604395604395604,35,0.38461538461538464
17,58,52,0.5714285714285714,35,0.38461538461538464
17,58,53,0.5824175824175825,34,0.37362637362637363
17,58,54,0.5934065934065934,33,0.3626373626373626
17,58,55,0.6043956043956044,32,0.3516483516483517
17,58,56,0.6153846153846154,31,0.34065934065934067
17,58,57,0.6263736263736264,30,0.32967032967032966
17,58,58,0.6373626373626373,29,0.31868131868131866
17,58,59,0.6483516483516484,28,0.3076923076923077
17,58,60,0.6593406593406593,27,0.2967032967032967
17,58,61,0.6703296703296703,26,0.2857142857142857
17,58,62,0.6813186813186813,25,0.27472527472527475
17,58,63,0.6923076923076923,24,0.26373626373626374
17,58,64,0.7032967032967034,23,0.25274725274725274
17,58,65,0.7142857142857143,22,0.24175824175824176
17,58,66,0.7252747252747253,21,0.23076923076923078
17,58,67,0.7362637362637363,20,0.21978021978021978
17,58,68,0.7472527472527473,19,0.2087912087912088
17,58,69,0.7582417582417582,18,0.1978021978021978
17,58,70,0.7692307692307693,18,0.1978021978021978
17,58,71,0.7802197802197802,17,0.18681318681318682
17,58,72,0.7912087912087912,15,0.16483516483516483
17,58,73,0.8021978021978022,14,0.15384615384615385
17,58,74,0.8131868131868132,13,0.14285714285714285
17,58,75,0.8241758241758241,12,0.13186813186813187
17,58,76,0.8351648351648352,11,0.12087912087912088
17,58,77,0.8461538461538461,10,0.10989010989010989
17,58,78,0.8571428571428571,10,0.10989010989010989
17,58,79,0.8681318681318682,10,0.10989010989010989
17,58,80,0.8791208791208791,9,0.0989010989010989
17,58,81,0.8901098901098901,8,0.08791208791208792
17,58,82,0.9010989010989011,7,0.07692307692307693
17,58,83,0.9120879120879121,6,0.06593406593406594
17,58,84,0.9230769230769231,4,0.04395604395604396
17,58,85,0.9340659340659341,4,0.04395604395604396
17,58,86,0.945054945054945,3,0.03296703296703297
17,58,87,0.9560439560439561,2,0.02197802197802198
17,58,88,0.967032967032967,1,0.01098901098901099
17,58,89,0.978021978021978,1,0.01098901098901099
17,58,90,0.989010989010989,1,0.01098901098901099
17,58,91,1.0,0,0.0
18,59,0,0.0,82,0.9010989010989011
18,59,1,0.01098901098901099,82,0.9010989010989011
18,59,2,0.02197802197802198,81,0.8901098901098901
18,59,3,0.03296703296703297,80,0.8791208791208791
18,59,4,0.04395604395604396,79,0.8681318681318682
18,59,5,0.054945054945054944,78,0.8571428571428571
18,59,6,0.06593406593406594,77,0.8461538461538461
18,59,7,0.07692307692307693,76,0.8351648351648352
18,59,8,0.08791208791208792,76,0.8351648351648352
18,59,9,0.0989010989010989,75,0.8241758241758241
18,59,10,0.10989010989010989,74,0.8131868131868132
18,59,11,0.12087912087912088,73,0.8021978021978022
18,59,12,0.13186813186813187,72,0.7912087912087912
18,59,13,0.14285714285714285,71,0.7802197802197802
18,59,14,0.15384615384615385,70,0.7692307692307693
18,59,15,0.16483516483516483,69,0.7582417582417582
18,59,16,0.17582417582417584,69,0.7582417582417582
18,59,17,0.18681318681318682,67,0.7362637362637363
18,59,18,0.1978021978021978,67,0.7362637362637363
18,59,19,0.2087912087912088,66,0.7252747252747253
18,59,20,0.21978021978021978,65,0.7142857142857143
18,59,21,0.23076923076923078,64,0.7032967032967034
18,59,22,0.24175824175824176,63,0.6923076923076923
18,59,23,0.25274725274725274,62,0.6813186813186813
18,59,24,0.26373626373626374,61,0.6703296703296703
18,59,25,0.27472527472527475,60,0.6593406593406593
18,59,26,0.2857142857142857,59,0.6483516483516484
18,59,27,0.2967032967032967,59,0.6483516483516484
18,59,28,0.3076923076923077,58,0.6373626373626373
18,59,29,0.31868131868131866,57,0.6263736263736264
18,59,30,0.32967032967032966,56,0.6153846153846154
18,59,31,0.34065934065934067,55,0.6043956043956044
18,59,32,0.3516483516483517,54,0.5934065934065934
18,59,33,0.3626373626373626,53,0.5824175824175825
18,59,34,0.37362637362637363,52,0.5714285714285714
18,59,35,0.38461538461538464,51,0.5604395604395604
18,59,36,0.3956043956043956,51,0.5604395604395604
18,59,37,0.4065934065934066,50,0.5494505494505495
18,59,38,0.4175824175824176,49,0.5384615384615384
18,59,39,0.42857142857142855,48,0.5274725274725275
18,59,40,0.43956043956043955,47,0.5164835164835165
18,59,41,0.45054945054945056,46,0.5054945054945055
18,59,42,0.46153846153846156,46,0.5054945054945055
18,59,43,0.4725274725274725,45,0.4945054945054945
18,59,44,0.4835164835164835,44,0.4835164835164835
18,59,45,0.4945054945054945,43,0.4725274725274725
18,59,46,0.5054945054945055,42,0.46153846153846156
18,59,47,0.5164835164835165,41,0.45054945054945056
18,59,48,0.5274725274725275,40,0.43956043956043955
18,59,49,0.5384615384615384,39,0.42857142857142855
18,59,50,0.5494505494505495,38,0.4175824175824176
18,59,51,0.5604395604395604,37,0.4065934065934066
18,59,52,0.5714285714285714,36,0.3956043956043956
18,59,53,0.5824175824175825,35,0.38461538461538464
18,59,54,0.5934065934065934,34,0.37362637362637363
18,59,55,0.6043956043956044,33,0.3626373626373626
18,59,56,0.6153846153846154,32,0.3516483516483517
18,59,57,0.6263736263736264,31,0.34065934065934067
18,59,58,0.6373626373626373,30,0.32967032967032966
18,59,59,0.6483516483516484,30,0.32967032967032966
18,59,60,0.6593406593406593,29,0.31868131868131866
18,59,61,0.6703296703296703,29,0.31868131868131866
18,59,62,0.6813186813186813,28,0.3076923076923077
18,59,63,0.6923076923076923,27,0.2967032967032967
18,59,64,0.7032967032967034,26,0.2857142857142857
18,59,65,0.7142857142857143,25,0.27472527472527475
18,59,66,0.7252747252747253,24,0.26373626373626374
18,59,67,0.7362637362637363,23,0.25274725274725274
18,59,68,0.7472527472527473,22,0.24175824175824176
18,59,69,0.7582417582417582,21,0.23076923076923078
18,59,70,0.7692307692307693,20,0.21978021978021978
18,59,71,0.7802197802197802,19,0.2087912087912088
18,59,72,0.7912087912087912,18,0.1978021978021978
18,59,73,0.8021978021978022,17,0.18681318681318682
18,59,74,0.8131868131868132,16,0.17582417582417584
18,59,75,0.8241758241758241,15,0.16483516483516483
18,59,76,0.8351648351648352,14,0.15384615384615385
18,59,77,0.8461538461538461,13,0.14285714285714285
18,59,78,0.8571428571428571,12,0.13186813186813187
18,59,79,0.8681318681318682,12,0.13186813186813187
18,59,80,0.8791208791208791,11,0.12087912087912088
18,59,81,0.8901098901098901,10,0.10989010989010989
18,59,82,0.9010989010989011,9,0.0989010989010989
18,59,83,0.9120879120879121,8,0.08791208791208792
18,59,84,0.9230769230769231,7,0.07692307692307693
18,59,85,0.9340659340659341,6,0.06593406593406594
18,59,86,0.945054945054945,5,0.054945054945054944
18,59,87,0.9560439560439561,4,0.04395604395604396
18,59,88,0.967032967032967,3,0.03296703296703297
18,59,89,0.978021978021978,2,0.02197802197802198
18,59,90,0.989010989010989,1,0.01098901098901099
18,59,91,1.0,0,0.0
19,60,0,0.0,82,0.9010989010989011
19,60,1,0.01098901098901099,81,0.8901098901098901
19,60,2,0.02197802197802198,80,0.8791208791208791
19,60,3,0.03296703296703297,79,0.8681318681318682
19,60,4,0.04395604395604396,78,0.8571428571428571
19,60,5,0.054945054945054944,77,0.8461538461538461
19,60,6,0.06593406593406594,76,0.8351648351648352
19,60,7,0.07692307692307693,75,0.8241758241758241
19,60,8,0.08791208791208792,74,0.8131868131868132
19,60,9,0.0989010989010989,73,0.8021978021978022
19,60,10,0.10989010989010989,72,0.7912087912087912
19,60,11,0.12087912087912088,71,0.7802197802197802
19,60,12,0.13186813186813187,70,0.7692307692307693
19,60,13,0.14285714285714285,69,0.7582417582417582
19,60,14,0.15384615384615385,68,0.7472527472527473
19,60,15,0.16483516483516483,66,0.7252747252747253
19,60,16,0.17582417582417584,65,0.7142857142857143
19,60,17,0.18681318681318682,64,0.7032967032967034
19,60,18,0.1978021978021978,63,0.6923076923076923
19,60,19,0.2087912087912088,63,0.6923076923076923
19,60,20,0.21978021978021978,62,0.6813186813186813
19,60,21,0.23076923076923078,61,0.6703296703296703
19,60,22,0.24175824175824176,60,0.6593406593406593
19,60,23,0.25274725274725274,59,0.6483516483516484
19,60,24,0.26373626373626374,59,0.6483516483516484
19,60,25,0.27472527472527475,58,0.6373626373626373
19,60,26,0.2857142857142857,57,0.6263736263736264
19,60,27,0.2967032967032967,56,0.6153846153846154
19,60,28,0.3076923076923077,55,0.6043956043956044
19,60,29,0.31868131868131866,54,0.5934065934065934
19,60,30,0.32967032967032966,53,0.5824175824175825
19,60,31,0.34065934065934067,52,0.5714285714285714
19,60,32,0.3516483516483517,51,0.5604395604395604
19,60,33,0.3626373626373626,50,0.5494505494505495
19,60,34,0.37362637362637363,50,0.5494505494505495
19,60,35,0.38461538461538464,49,0.5384615384615384
19,60,36,0.3956043956043956,48,0.5274725274725275
19,60,37,0.4065934065934066,46,0.5054945054945055
19,60,38,0.4175824175824176,46,0.5054945054945055
19,60,39,0.42857142857142855,45,0.4945054945054945
19,60,40,0.43956043956043955,44,0.4835164835164835
19,60,41,0.45054945054945056,43,0.4725274725274725
19,60,42,0.46153846153846156,42,0.46153846153846156
19,60,43,0.4725274725274725,41,0.45054945054945056
19,60,44,0.4835164835164835,40,0.43956043956043955
19,60,45,0.4945054945054945,39,0.42857142857142855
19,60,46,0.5054945054945055,38,0.4175824175824176
19,60,47,0.5164835164835165,37,0.4065934065934066
19,60,48,0.5274725274725275,36,0.3956043956043956
19,60,49,0.5384615384615384,35,0.38461538461538464
19,60,50,0.5494505494505495,35,0.38461538461538464
19,60,51,0.5604395604395604,34,0.37362637362637363
19,60,52,0.5714285714285714,33,0.3626373626373626
19,60,53,0.5824175824175825,32,0.3516483516483517
19,60,54,0.5934065934065934,31,0.34065934065934067
19,60,55,0.6043956043956044,31,0.34065934065934067
19,60,56,0.6153846153846154,30,0.32967032967032966
19,60,57,0.6263736263736264,29,0.31868131868131866
19,60,58,0.6373626373626373,28,0.3076923076923077
19,60,59,0.6483516483516484,28,0.3076923076923077
19,60,60,0.6593406593406593,27,0.2967032967032967
19,60,61,0.6703296703296703,26,0.2857142857142857
19,60,62,0.6813186813186813,25,0.27472527472527475
19,60,63,0.6923076923076923,24,0.26373626373626374
19,60,64,0.7032967032967034,24,0.26373626373626374
19,60,65,0.7142857142857143,22,0.24175824175824176
19,60,66,0.7252747252747253,21,0.23076923076923078
19,60,67,0.7362637362637363,20,0.21978021978021978
19,60,68,0.7472527472527473,19,0.2087912087912088
19,60,69,0.7582417582417582,18,0.1978021978021978
19,60,70,0.7692307692307693,17,0.18681318681318682
19,60,71,0.7802197802197802,16,0.17582417582417584
19,60,72,0.7912087912087912,15,0.16483516483516483
19,60,73,0.8021978021978022,14,0.15384615384615385
19,60,74,0.8131868131868132,13,0.14285714285714285
19,60,75,0.8241758241758241,13,0.14285714285714285
19,60,76,0.8351648351648352,12,0.13186813186813187
19,60,77,0.8461538461538461,12,0.13186813186813187
19,60,78,0.8571428571428571,11,0.12087912087912088
19,60,79,0.8681318681318682,10,0.10989010989010989
19,60,80,0.8791208791208791,9,0.0989010989010989
19,60,81,0.8901098901098901,8,0.08791208791208792
19,60,82,0.9010989010989011,7,0.07692307692307693
19,60,83,0.9120879120879121,6,0.06593406593406594
19,60,84,0.9230769230769231,5,0.054945054945054944
19,60,85,0.9340659340659341,4,0.04395604395604396
19,60,86,0.945054945054945,3,0.03296703296703297
19,60,87,0.9560439560439561,3,0.03296703296703297
19,60,88,0.967032967032967,2,0.02197802197802198
19,60,89,0.978021978021978,1,0.01098901098901099
19,60,90,0.989010989010989,1,0.01098901098901099
19,60,91,1.0,0,0.0
20,61,0,0.0,82,0.9010989010989011
20,61,1,0.01098901098901099,81,0.8901098901098901
20,61,2,0.02197802197802198,80,0.8791208791208791
20,61,3,0.03296703296703297,79,0.8681318681318682
20,61,4,0.04395604395604396,78,0.8571428571428571
20,61,5,0.054945054945054944,77,0.8461538461538461
20,61,6,0.06593406593406594,76,0.8351648351648352
20,61,7,0.07692307692307693,76,0.8351648351648352
20,61,8,0.08791208791208792,75,0.8241758241758241
20,61,9,0.0989010989010989,75,0.8241758241758241
20,61,10,0.10989010989010989,74,0.8131868131868132
20,61,11,0.12087912087912088,73,0.8021978021978022
20,61,12,0.13186813186813187,72,0.7912087912087912
20,61,13,0.14285714285714285,71,0.7802197802197802
20,61,14,0.15384615384615385,70,0.7692307692307693
20,61,15,0.16483516483516483,69,0.7582417582417582
20,61,16,0.17582417582417584,68,0.7472527472527473
20,61,17,0.18681318681318682,67,0.7362637362637363
20,61,18,0.1978021978021978,66,0.7252747252747253
20,61,19,0.2087912087912088,65,0.7142857142857143
20,61,20,0.21978021978021978,64,0.7032967032967034
20,61,21,0.23076923076923078,63,0.6923076923076923
20,61,22,0.24175824175824176,62,0.6813186813186813
20,61,23,0.25274725274725274,61,0.6703296703296703
20,61,24,0.26373626373626374,60,0.6593406593406593
20,61,25,0.27472527472527475,59,0.6483516483516484
20,61,26,0.2857142857142857,58,0.6373626373626373
20,61,27,0.2967032967032967,57,0.6263736263736264
20,61,28,0.3076923076923077,56,0.6153846153846154
20,61,29,0.31868131868131866,55,0.6043956043956044
20,61,30,0.32967032967032966,54,0.5934065934065934
20,61,31,0.34065934065934067,53,0.5824175824175825
20,61,32,0.3516483516483517,52,0.5714285714285714
20,61,33,0.3626373626373626,51,0.5604395604395604
20,61,34,0.37362637362637363,50,0.5494505494505495
20,61,35,0.38461538461538464,50,0.5494505494505495
20,61,36,0.3956043956043956,48,0.5274725274725275
20,61,37,0.4065934065934066,47,0.5164835164835165
20,61,38,0.4175824175824176,47,0.5164835164835165
20,61,39,0.42857142857142855,46,0.5054945054945055
20,61,40,0.43956043956043955,44,0.4835164835164835
20,61,41,0.45054945054945056,43,0.4725274725274725
20,61,42,0.46153846153846156,42,0.46153846153846156
20,61,43,0.4725274725274725,41,0.45054945054945056
20,61,44,0.4835164835164835,41,0.45054945054945056
20,61,45,0.4945054945054945,40,0.43956043956043955
20,61,46,0.5054945054945055,39,0.42857142857142855
20,61,47,0.5164835164835165,38,0.4175824175824176
20,61,48,0.5274725274725275,37,0.4065934065934066
20,61,49,0.5384615384615384,36,0.3956043956043956
20,61,50,0.5494505494505495,35,0.38461538461538464
20,61,51,0.5604395604395604,34,0.37362637362637363
20,61,52,0.5714285714285714,33,0.3626373626373626
20,61,53,0.5824175824175825,32,0.3516483516483517
20,61,54,0.5934065934065934,31,0.34065934065934067
20,61,55,0.6043956043956044,30,0.32967032967032966
20,61,56,0.6153846153846154,29,0.31868131868131866
20,61,57,0.6263736263736264,28,0.3076923076923077
20,61,58,0.6373626373626373,28,0.3076923076923077
20,61,59,0.6483516483516484,28,0.3076923076923077
20,61,60,0.6593406593406593,27,0.2967032967032967
20,61,61,0.6703296703296703,26,0.2857142857142857
20,61,62,0.6813186813186813,24,0.26373626373626374
20,61,63,0.6923076923076923,23,0.25274725274725274
20,61,64,0.7032967032967034,22,0.24175824175824176
20,61,65,0.7142857142857143,22,0.24175824175824176
20,61,66,0.7252747252747253,22,0.24175824175824176
20,61,67,0.7362637362637363,21,0.23076923076923078
20,61,68,0.7472527472527473,20,0.21978021978021978
20,61,69,0.7582417582417582,19,0.2087912087912088
20,61,70,0.7692307692307693,19,0.2087912087912088
20,61,71,0.7802197802197802,18,0.1978021978021978
20,61,72,0.7912087912087912,17,0.18681318681318682
20,61,73,0.8021978021978022,16,0.17582417582417584
20,61,74,0.8131868131868132,16,0.17582417582417584
20,61,75,0.8241758241758241,15,0.16483516483516483
20,61,76,0.8351648351648352,14,0.15384615384615385
20,61,77,0.8461538461538461,13,0.14285714285714285
20,61,78,0.8571428571428571,13,0.14285714285714285
20,61,79,0.8681318681318682,12,0.13186813186813187
20,61,80,0.8791208791208791,11,0.12087912087912088
20,61,81,0.8901098901098901,10,0.10989010989010989
20,61,82,0.9010989010989011,9,0.0989010989010989
20,61,83,0.9120879120879121,8,0.08791208791208792
20,61,84,0.9230769230769231,7,0.07692307692307693
20,61,85,0.9340659340659341,6,0.06593406593406594
20,61,86,0.945054945054945,5,0.054945054945054944
20,61,87,0.9560439560439561,4,0.04395604395604396
20,61,88,0.967032967032967,3,0.03296703296703297
20,61,89,0.978021978021978,2,0.02197802197802198
20,61,90,0.989010989010989,1,0.01098901098901099
20,61,91,1.0,0,0.0
21,62,0,0.0,82,0.9010989010989011
21,62,1,0.01098901098901099,81,0.8901098901098901
21,62,2,0.02197802197802198,80,0.8791208791208791
21,62,3,0.03296703296703297,79,0.8681318681318682
21,62,4,0.04395604395604396,78,0.8571428571428571
21,62,5,0.054945054945054944,77,0.8461538461538461
21,62,6,0.06593406593406594,76,0.8351648351648352
21,62,7,0.07692307692307693,75,0.8241758241758241
21,62,8,0.08791208791208792,74,0.8131868131868132
21,62,9,0.0989010989010989,73,0.8021978021978022
21,62,10,0.10989010989010989,73,0.8021978021978022
21,62,11,0.12087912087912088,73,0.8021978021978022
21,62,12,0.13186813186813187,72,0.7912087912087912
21,62,13,0.14285714285714285,70,0.7692307692307693
21,62,14,0.15384615384615385,69,0.7582417582417582
21,62,15,0.16483516483516483,68,0.7472527472527473
21,62,16,0.17582417582417584,67,0.7362637362637363
21,62,17,0.18681318681318682,66,0.7252747252747253
21,62,18,0.1978021978021978,65,0.7142857142857143
21,62,19,0.2087912087912088,64,0.7032967032967034
21,62,20,0.21978021978021978,64,0.7032967032967034
21,62,21,0.23076923076923078,62,0.6813186813186813
21,62,22,0.24175824175824176,61,0.6703296703296703
21,62,23,0.25274725274725274,60,0.6593406593406593
21,62,24,0.26373626373626374,59,0.6483516483516484
21,62,25,0.27472527472527475,58,0.6373626373626373
21,62,26,0.2857142857142857,57,0.6263736263736264
21,62,27,0.2967032967032967,56,0.6153846153846154
21,62,28,0.3076923076923077,55,0.6043956043956044
21,62,29,0.31868131868131866,55,0.6043956043956044
21,62,30,0.32967032967032966,54,0.5934065934065934
21,62,31,0.34065934065934067,53,0.5824175824175825
21,62,32,0.3516483516483517,52,0.5714285714285714
21,62,33,0.3626373626373626,51,0.5604395604395604
21,62,34,0.37362637362637363,50,0.5494505494505495
21,62,35,0.38461538461538464,49,0.5384615384615384
21,62,36,0.3956043956043956,48,0.5274725274725275
21,62,37,0.4065934065934066,47,0.5164835164835165
21,62,38,0.4175824175824176,46,0.5054945054945055
21,62,39,0.42857142857142855,45,0.4945054945054945
21,62,40,0.43956043956043955,44,0.4835164835164835
21,62,41,0.45054945054945056,44,0.4835164835164835
21,62,42,0.46153846153846156,43,0.4725274725274725
21,62,43,0.4725274725274725,42,0.46153846153846156
21,62,44,0.4835164835164835,41,0.45054945054945056
21,62,45,0.4945054945054945,40,0.43956043956043955
21,62,46,0.5054945054945055,39,0.42857142857142855
21,62,47,0.5164835164835165,38,0.4175824175824176
21,62,48,0.5274725274725275,37,0.4065934065934066
21,62,49,0.5384615384615384,36,0.3956043956043956
21,62,50,0.5494505494505495,35,0.38461538461538464
21,62,51,0.5604395604395604,34,0.37362637362637363
21,62,52,0.5714285714285714,33,0.3626373626373626
21,62,53,0.5824175824175825,32,0.3516483516483517
21,62,54,0.5934065934065934,31,0.34065934065934067
21,62,55,0.6043956043956044,30,0.32967032967032966
21,62,56,0.6153846153846154,29,0.31868131868131866
21,62,57,0.6263736263736264,28,0.3076923076923077
21,62,58,0.6373626373626373,27,0.2967032967032967
21,62,59,0.6483516483516484,26,0.2857142857142857
21,62,60,0.6593406593406593,25,0.27472527472527475
21,62,61,0.6703296703296703,24,0.26373626373626374
21,62,62,0.6813186813186813,24,0.26373626373626374
21,62,63,0.6923076923076923,24,0.26373626373626374
21,62,64,0.7032967032967034,23,0.25274725274725274
21,62,65,0.7142857142857143,22,0.24175824175824176
21,62,66,0.7252747252747253,21,0.23076923076923078
21,62,67,0.7362637362637363,20,0.21978021978021978
21,62,68,0.7472527472527473,20,0.21978021978021978
21,62,69,0.7582417582417582,19,0.2087912087912088
21,62,70,0.7692307692307693,17,0.18681318681318682
21,62,71,0.7802197802197802,17,0.18681318681318682
21,62,72,0.7912087912087912,16,0.17582417582417584
21,62,73,0.8021978021978022,15,0.16483516483516483
21,62,74,0.8131868131868132,14,0.15384615384615385
21,62,75,0.8241758241758241,13,0.14285714285714285
21,62,76,0.8351648351648352,13,0.14285714285714285
21,62,77,0.8461538461538461,12,0.13186813186813187
21,62,78,0.8571428571428571,11,0.12087912087912088
21,62,79,0.8681318681318682,11,0.12087912087912088
21,62,80,0.8791208791208791,10,0.10989010989010989
21,62,81,0.8901098901098901,9,0.0989010989010989
21,62,82,0.9010989010989011,8,0.08791208791208792
21,62,83,0.9120879120879121,7,0.07692307692307693
21,62,84,0.9230769230769231,6,0.06593406593406594
21,62,85,0.9340659340659341,5,0.054945054945054944
21,62,86,0.945054945054945,2,0.02197802197802198
21,62,87,0.9560439560439561,2,0.02197802197802198
21,62,88,0.967032967032967,1,0.01098901098901099
21,62,89,0.978021978021978,1,0.01098901098901099
21,62,90,0.989010989010989,1,0.01098901098901099
21,62,91,1.0,0,0.0
22,63,0,0.0,82,0.9010989010989011
22,63,1,0.01098901098901099,81,0.8901098901098901
22,63,2,0.02197802197802198,81,0.8901098901098901
22,63,3,0.03296703296703297,80,0.8791208791208791
22,63,4,0.04395604395604396,79,0.8681318681318682
22,63,5,0.054945054945054944,78,0.8571428571428571
22,63,6,0.06593406593406594,77,0.8461538461538461
22,63,7,0.07692307692307693,76,0.8351648351648352
22,63,8,0.08791208791208792,75,0.8241758241758241
22,63,9,0.0989010989010989,74,0.8131868131868132
22,63,10,0.10989010989010989,73,0.8021978021978022
22,63,11,0.12087912087912088,72,0.7912087912087912
22,63,12,0.13186813186813187,71,0.7802197802197802
22,63,13,0.14285714285714285,70,0.7692307692307693
22,63,14,0.15384615384615385,69,0.7582417582417582
22,63,15,0.16483516483516483,68,0.7472527472527473
22,63,16,0.17582417582417584,67,0.7362637362637363
22,63,17,0.18681318681318682,66,0.7252747252747253
22,63,18,0.1978021978021978,65,0.7142857142857143
22,63,19,0.2087912087912088,64,0.7032967032967034
22,63,20,0.21978021978021978,63,0.6923076923076923
22,63,21,0.23076923076923078,62,0.6813186813186813
22,63,22,0.24175824175824176,62,0.6813186813186813
22,63,23,0.25274725274725274,61,0.6703296703296703
22,63,24,0.26373626373626374,60,0.6593406593406593
22,63,25,0.27472527472527475,59,0.6483516483516484
22,63,26,0.2857142857142857,58,0.6373626373626373
22,63,27,0.2967032967032967,57,0.6263736263736264
22,63,28,0.3076923076923077,56,0.6153846153846154
22,63,29,0.31868131868131866,55,0.6043956043956044
22,63,30,0.32967032967032966,54,0.5934065934065934
22,63,31,0.34065934065934067,53,0.5824175824175825
22,63,32,0.3516483516483517,52,0.5714285714285714
22,63,33,0.3626373626373626,51,0.5604395604395604
22,63,34,0.37362637362637363,50,0.5494505494505495
22,63,35,0.38461538461538464,49,0.5384615384615384
22,63,36,0.3956043956043956,48,0.5274725274725275
22,63,37,0.4065934065934066,48,0.5274725274725275
22,63,38,0.4175824175824176,47,0.5164835164835165
22,63,39,0.42857142857142855,46,0.5054945054945055
22,63,40,0.43956043956043955,46,0.5054945054945055
22,63,41,0.45054945054945056,45,0.4945054945054945
22,63,42,0.46153846153846156,44,0.4835164835164835
22,63,43,0.4725274725274725,43,0.4725274725274725
22,63,44,0.4835164835164835,42,0.46153846153846156
22,63,45,0.4945054945054945,41,0.45054945054945056
22,63,46,0.5054945054945055,41,0.45054945054945056
22,63,47,0.5164835164835165,40,0.43956043956043955
22,63,48,0.5274725274725275,39,0.42857142857142855
22,63,49,0.5384615384615384,38,0.4175824175824176
22,63,50,0.5494505494505495,36,0.3956043956043956
22,63,51,0.5604395604395604,35,0.38461538461538464
22,63,52,0.5714285714285714,34,0.37362637362637363
22,63,53,0.5824175824175825,34,0.37362637362637363
22,63,54,0.5934065934065934,33,0.3626373626373626
22,63,55,0.6043956043956044,33,0.3626373626373626
22,63,56,0.6153846153846154,32,0.3516483516483517
22,63,57,0.6263736263736264,31,0.34065934065934067
22,63,58,0.6373626373626373,30,0.32967032967032966
22,63,59,0.6483516483516484,29,0.31868131868131866
22,63,60,0.6593406593406593,28,0.3076923076923077
22,63,61,0.6703296703296703,27,0.2967032967032967
22,63,62,0.6813186813186813,26,0.2857142857142857
22,63,63,0.6923076923076923,25,0.27472527472527475
22,63,64,0.7032967032967034,24,0.26373626373626374
22,63,65,0.7142857142857143,23,0.25274725274725274
22,63,66,0.7252747252747253,22,0.24175824175824176
22,63,67,0.7362637362637363,21,0.23076923076923078
22,63,68,0.7472527472527473,20,0.21978021978021978
22,63,69,0.7582417582417582,19,0.2087912087912088
22,63,70,0.7692307692307693,18,0.1978021978021978
22,63,71,0.7802197802197802,18,0.1978021978021978
22,63,72,0.7912087912087912,17,0.18681318681318682
22,63,73,0.8021978021978022,16,0.17582417582417584
22,63,74,0.8131868131868132,15,0.16483516483516483
22,63,75,0.8241758241758241,14,0.15384615384615385
22,63,76,0.8351648351648352,13,0.14285714285714285
22,63,77,0.8461538461538461,12,0.13186813186813187
22,63,78,0.8571428571428571,11,0.12087912087912088
22,63,79,0.8681318681318682,10,0.10989010989010989
22,63,80,0.8791208791208791,9,0.0989010989010989
22,63,81,0.8901098901098901,9,0.0989010989010989
22,63,82,0.9010989010989011,8,0.08791208791208792
22,63,83,0.9120879120879121,7,0.07692307692307693
22,63,84,0.9230769230769231,7,0.07692307692307693
22,63,85,0.9340659340659341,6,0.06593406593406594
22,63,86,0.945054945054945,5,0.054945054945054944
22,63,87,0.9560439560439561,4,0.04395604395604396
22,63,88,0.967032967032967,3,0.03296703296703297
22,63,89,0.978021978021978,1,0.01098901098901099
22,63,90,0.989010989010989,1,0.01098901098901099
22,63,91,1.0,0,0.0
23,64,0,0.0,82,0.9010989010989011
23,64,1,0.01098901098901099,81,0.8901098901098901
23,64,2,0.02197802197802198,80,0.8791208791208791
23,64,3,0.03296703296703297,79,0.8681318681318682
23,64,4,0.04395604395604396,78,0.8571428571428571
23,64,5,0.054945054945054944,77,0.8461538461538461
23,64,6,0.06593406593406594,76,0.8351648351648352
23,64,7,0.07692307692307693,75,0.8241758241758241
23,64,8,0.08791208791208792,74,0.8131868131868132
23,64,9,0.0989010989010989,73,0.8021978021978022
23,64,10,0.10989010989010989,72,0.7912087912087912
23,64,11,0.12087912087912088,71,0.7802197802197802
23,64,12,0.13186813186813187,70,0.7692307692307693
23,64,13,0.14285714285714285,69,0.7582417582417582
23,64,14,0.15384615384615385,68,0.7472527472527473
23,64,15,0.16483516483516483,67,0.7362637362637363
23,64,16,0.17582417582417584,66,0.7252747252747253
23,64,17,0.18681318681318682,65,0.7142857142857143
23,64,18,0.1978021978021978,65,0.7142857142857143
23,64,19,0.2087912087912088,64,0.7032967032967034
23,64,20,0.21978021978021978,64,0.7032967032967034
23,64,21,0.23076923076923078,63,0.6923076923076923
23,64,22,0.24175824175824176,62,0.6813186813186813
23,64,23,0.25274725274725274,61,0.6703296703296703
23,64,24,0.26373626373626374,60,0.6593406593406593
23,64,25,0.27472527472527475,59,0.6483516483516484
23,64,26,0.2857142857142857,58,0.6373626373626373
23,64,27,0.2967032967032967,57,0.6263736263736264
23,64,28,0.3076923076923077,56,0.6153846153846154
23,64,29,0.31868131868131866,55,0.6043956043956044
23,64,30,0.32967032967032966,54,0.5934065934065934
23,64,31,0.34065934065934067,53,0.5824175824175825
23,64,32,0.3516483516483517,52,0.5714285714285714
23,64,33,0.3626373626373626,51,0.5604395604395604
23,64,34,0.37362637362637363,51,0.5604395604395604
23,64,35,0.38461538461538464,50,0.5494505494505495
23,64,36,0.3956043956043956,49,0.5384615384615384
23,64,37,0.4065934065934066,48,0.5274725274725275
23,64,38,0.4175824175824176,48,0.5274725274725275
23,64,39,0.42857142857142855,47,0.5164835164835165
23,64,40,0.43956043956043955,46,0.5054945054945055
23,64,41,0.45054945054945056,45,0.4945054945054945
23,64,42,0.46153846153846156,44,0.4835164835164835
23,64,43,0.4725274725274725,43,0.4725274725274725
23,64,44,0.4835164835164835,43,0.4725274725274725
23,64,45,0.4945054945054945,42,0.46153846153846156
23,64,46,0.5054945054945055,41,0.45054945054945056
23,64,47,0.5164835164835165,40,0.43956043956043955
23,64,48,0.5274725274725275,39,0.42857142857142855
23,64,49,0.5384615384615384,38,0.4175824175824176
23,64,50,0.5494505494505495,38,0.4175824175824176
23,64,51,0.5604395604395604,37,0.4065934065934066
23,64,52,0.5714285714285714,36,0.3956043956043956
23,64,53,0.5824175824175825,35,0.38461538461538464
23,64,54,0.5934065934065934,34,0.37362637362637363
23,64,55,0.6043956043956044,33,0.3626373626373626
23,64,56,0.6153846153846154,32,0.3516483516483517
23,64,57,0.6263736263736264,32,0.3516483516483517
23,64,58,0.6373626373626373,31,0.34065934065934067
23,64,59,0.6483516483516484,30,0.32967032967032966
23,64,60,0.6593406593406593,29,0.31868131868131866
23,64,61,0.6703296703296703,28,0.3076923076923077
23,64,62,0.6813186813186813,27,0.2967032967032967
23,64,63,0.6923076923076923,26,0.2857142857142857
23,64,64,0.7032967032967034,25,0.27472527472527475
23,64,65,0.7142857142857143,24,0.26373626373626374
23,64,66,0.7252747252747253,23,0.25274725274725274
23,64,67,0.7362637362637363,22,0.24175824175824176
23,64,68,0.7472527472527473,21,0.23076923076923078
23,64,69,0.7582417582417582,20,0.21978021978021978
23,64,70,0.7692307692307693,19,0.2087912087912088
23,64,71,0.7802197802197802,19,0.2087912087912088
23,64,72,0.7912087912087912,18,0.1978021978021978
23,64,73,0.8021978021978022,18,0.1978021978021978
23,64,74,0.8131868131868132,17,0.18681318681318682
23,64,75,0.8241758241758241,16,0.17582417582417584
23,64,76,0.8351648351648352,15,0.16483516483516483
23,64,77,0.8461538461538461,14,0.15384615384615385
23,64,78,0.8571428571428571,13,0.14285714285714285
23,64,79,0.8681318681318682,12,0.13186813186813187
23,64,80,0.8791208791208791,11,0.12087912087912088
23,64,81,0.8901098901098901,10,0.10989010989010989
23,64,82,0.9010989010989011,9,0.0989010989010989
23,64,83,0.9120879120879121,8,0.08791208791208792
23,64,84,0.9230769230769231,7,0.07692307692307693
23,64,85,0.9340659340659341,6,0.06593406593406594
23,64,86,0.945054945054945,5,0.054945054945054944
23,64,87,0.9560439560439561,4,0.04395604395604396
23,64,88,0.967032967032967,3,0.03296703296703297
23,64,89,0.978021978021978,2,0.02197802197802198
23,64,90,0.989010989010989,1,0.01098901098901099
23,64,91,1.0,0,0.0
24,65,0,0.0,82,0.9010989010989011
24,65,1,0.01098901098901099,81,0.8901098901098901
24,65,2,0.02197802197802198,80,0.8791208791208791
24,65,3,0.03296703296703297,79,0.8681318681318682
24,65,4,0.04395604395604396,78,0.8571428571428571
24,65,5,0.054945054945054944,77,0.8461538461538461
24,65,6,0.06593406593406594,76,0.8351648351648352
24,65,7,0.07692307692307693,75,0.8241758241758241
24,65,8,0.08791208791208792,74,0.8131868131868132
24,65,9,0.0989010989010989,73,0.8021978021978022
24,65,10,0.10989010989010989,72,0.7912087912087912
24,65,11,0.12087912087912088,71,0.7802197802197802
24,65,12,0.13186813186813187,71,0.7802197802197802
24,65,13,0.14285714285714285,71,0.7802197802197802
24,65,14,0.15384615384615385,70,0.7692307692307693
24,65,15,0.16483516483516483,69,0.7582417582417582
24,65,16,0.17582417582417584,67,0.7362637362637363
24,65,17,0.18681318681318682,66,0.7252747252747253
24,65,18,0.1978021978021978,65,0.7142857142857143
24,65,19,0.2087912087912088,64,0.7032967032967034
24,65,20,0.21978021978021978,63,0.6923076923076923
24,65,21,0.23076923076923078,62,0.6813186813186813
24,65,22,0.24175824175824176,61,0.6703296703296703
24,65,23,0.25274725274725274,60,0.6593406593406593
24,65,24,0.26373626373626374,59,0.6483516483516484
24,65,25,0.27472527472527475,58,0.6373626373626373
24,65,26,0.2857142857142857,57,0.6263736263736264
24,65,27,0.2967032967032967,56,0.6153846153846154
24,65,28,0.3076923076923077,55,0.6043956043956044
24,65,29,0.31868131868131866,54,0.5934065934065934
24,65,30,0.32967032967032966,53,0.5824175824175825
24,65,31,0.34065934065934067,52,0.5714285714285714
24,65,32,0.3516483516483517,51,0.5604395604395604
24,65,33,0.3626373626373626,50,0.5494505494505495
24,65,34,0.37362637362637363,49,0.5384615384615384
24,65,35,0.38461538461538464,49,0.5384615384615384
24,65,36,0.3956043956043956,49,0.5384615384615384
24,65,37,0.4065934065934066,48,0.5274725274725275
24,65,38,0.4175824175824176,47,0.5164835164835165
24,65,39,0.42857142857142855,46,0.5054945054945055
24,65,40,0.43956043956043955,45,0.4945054945054945
24,65,41,0.45054945054945056,44,0.4835164835164835
24,65,42,0.46153846153846156,43,0.4725274725274725
24,65,43,0.4725274725274725,42,0.46153846153846156
24,65,44,0.4835164835164835,42,0.46153846153846156
24,65,45,0.4945054945054945,41,0.45054945054945056
24,65,46,0.5054945054945055,40,0.43956043956043955
24,65,47,0.5164835164835165,39,0.42857142857142855
24,65,48,0.5274725274725275,38,0.4175824175824176
24,65,49,0.5384615384615384,37,0.4065934065934066
24,65,50,0.5494505494505495,36,0.3956043956043956
24,65,51,0.5604395604395604,36,0.3956043956043956
24,65,52,0.5714285714285714,35,0.38461538461538464
24,65,53,0.5824175824175825,34,0.37362637362637363
24,65,54,0.5934065934065934,33,0.3626373626373626
24,65,55,0.6043956043956044,33,0.3626373626373626
24,65,56,0.6153846153846154,33,0.3626373626373626
24,65,57,0.6263736263736264,32,0.3516483516483517
24,65,58,0.6373626373626373,31,0.34065934065934067
24,65,59,0.6483516483516484,30,0.32967032967032966
24,65,60,0.6593406593406593,29,0.31868131868131866
24,65,61,0.6703296703296703,28,0.3076923076923077
24,65,62,0.6813186813186813,27,0.2967032967032967
24,65,63,0.6923076923076923,26,0.2857142857142857
24,65,64,0.7032967032967034,24,0.26373626373626374
24,65,65,0.7142857142857143,23,0.25274725274725274
24,65,66,0.7252747252747253,22,0.24175824175824176
24,65,67,0.7362637362637363,21,0.23076923076923078
24,65,68,0.7472527472527473,20,0.21978021978021978
24,65,69,0.7582417582417582,19,0.2087912087912088
24,65,70,0.7692307692307693,18,0.1978021978021978
24,65,71,0.7802197802197802,18,0.1978021978021978
24,65,72,0.7912087912087912,17,0.18681318681318682
24,65,73,0.8021978021978022,16,0.17582417582417584
24,65,74,0.8131868131868132,15,0.16483516483516483
24,65,75,0.8241758241758241,14,0.15384615384615385
24,65,76,0.8351648351648352,13,0.14285714285714285
24,65,77,0.8461538461538461,12,0.13186813186813187
24,65,78,0.8571428571428571,11,0.12087912087912088
24,65,79,0.8681318681318682,10,0.10989010989010989
24,65,80,0.8791208791208791,10,0.10989010989010989
24,65,81,0.8901098901098901,9,0.0989010989010989
24,65,82,0.9010989010989011,8,0.08791208791208792
24,65,83,0.9120879120879121,7,0.07692307692307693
24,65,84,0.9230769230769231,6,0.06593406593406594
24,65,85,0.9340659340659341,5,0.054945054945054944
24,65,86,0.945054945054945,4,0.04395604395604396
24,65,87,0.9560439560439561,2,0.02197802197802198
24,65,88,0.967032967032967,2,0.02197802197802198
24,65,89,0.978021978021978,1,0.01098901098901099
24,65,90,0.989010989010989,1,0.01098901098901099
24,65,91,1.0,0,0.0
25,66,0,0.0,82,0.9010989010989011
25,66,1,0.01098901098901099,81,0.8901098901098901
25,66,2,0.02197802197802198,80,0.8791208791208791
25,66,3,0.03296703296703297,80,0.8791208791208791
25,66,4,0.04395604395604396,79,0.8681318681318682
25,66,5,0.054945054945054944,78,0.8571428571428571
25,66,6,0.06593406593406594,77,0.8461538461538461
25,66,7,0.07692307692307693,76,0.8351648351648352
25,66,8,0.08791208791208792,75,0.8241758241758241
25,66,9,0.0989010989010989,74,0.8131868131868132
25,66,10,0.10989010989010989,73,0.8021978021978022
25,66,11,0.12087912087912088,72,0.7912087912087912
25,66,12,0.13186813186813187,71,0.7802197802197802
25,66,13,0.14285714285714285,71,0.7802197802197802
25,66,14,0.15384615384615385,70,0.7692307692307693
25,66,15,0.16483516483516483,69,0.7582417582417582
25,66,16,0.17582417582417584,68,0.7472527472527473
25,66,17,0.18681318681318682,67,0.7362637362637363
25,66,18,0.1978021978021978,66,0.7252747252747253
25,66,19,0.2087912087912088,65,0.7142857142857143
25,66,20,0.21978021978021978,64,0.7032967032967034
25,66,21,0.23076923076923078,63,0.6923076923076923
25,66,22,0.24175824175824176,62,0.6813186813186813
25,66,23,0.25274725274725274,61,0.6703296703296703
25,66,24,0.26373626373626374,60,0.6593406593406593
25,66,25,0.27472527472527475,59,0.6483516483516484
25,66,26,0.2857142857142857,58,0.6373626373626373
25,66,27,0.2967032967032967,57,0.6263736263736264
25,66,28,0.3076923076923077,56,0.6153846153846154
25,66,29,0.31868131868131866,55,0.6043956043956044
25,66,30,0.32967032967032966,54,0.5934065934065934
25,66,31,0.34065934065934067,53,0.5824175824175825
25,66,32,0.3516483516483517,52,0.5714285714285714
25,66,33,0.3626373626373626,52,0.5714285714285714
25,66,34,0.37362637362637363,51,0.5604395604395604
25,66,35,0.38461538461538464,50,0.5494505494505495
25,66,36,0.3956043956043956,49,0.5384615384615384
25,66,37,0.4065934065934066,49,0.5384615384615384
25,66,38,0.4175824175824176,48,0.5274725274725275
25,66,39,0.42857142857142855,47,0.5164835164835165
25,66,40,0.43956043956043955,47,0.5164835164835165
25,66,41,0.45054945054945056,47,0.5164835164835165
25,66,42,0.46153846153846156,46,0.5054945054945055
25,66,43,0.4725274725274725,45,0.4945054945054945
25,66,44,0.4835164835164835,44,0.4835164835164835
25,66,45,0.4945054945054945,43,0.4725274725274725
25,66,46,0.5054945054945055,42,0.46153846153846156
25,66,47,0.5164835164835165,41,0.45054945054945056
25,66,48,0.5274725274725275,40,0.43956043956043955
25,66,49,0.5384615384615384,39,0.42857142857142855
25,66,50,0.5494505494505495,38,0.4175824175824176
25,66,51,0.5604395604395604,37,0.4065934065934066
25,66,52,0.5714285714285714,36,0.3956043956043956
25,66,53,0.5824175824175825,35,0.38461538461538464
25,66,54,0.5934065934065934,34,0.37362637362637363
25,66,55,0.6043956043956044,33,0.3626373626373626
25,66,56,0.6153846153846154,32,0.3516483516483517
25,66,57,0.6263736263736264,31,0.34065934065934067
25,66,58,0.6373626373626373,30,0.32967032967032966
25,66,59,0.6483516483516484,29,0.31868131868131866
25,66,60,0.6593406593406593,27,0.2967032967032967
25,66,61,0.6703296703296703,27,0.2967032967032967
25,66,62,0.6813186813186813,26,0.2857142857142857
25,66,63,0.6923076923076923,25,0.27472527472527475
25,66,64,0.7032967032967034,24,0.26373626373626374
25,66,65,0.7142857142857143,23,0.25274725274725274
25,66,66,0.7252747252747253,21,0.23076923076923078
25,66,67,0.7362637362637363,20,0.21978021978021978
25,66,68,0.7472527472527473,19,0.2087912087912088
25,66,69,0.7582417582417582,18,0.1978021978021978
25,66,70,0.7692307692307693,17,0.18681318681318682
25,66,71,0.7802197802197802,17,0.18681318681318682
25,66,72,0.7912087912087912,16,0.17582417582417584
25,66,73,0.8021978021978022,16,0.17582417582417584
25,66,74,0.8131868131868132,15,0.16483516483516483
25,66,75,0.8241758241758241,15,0.16483516483516483
25,66,76,0.8351648351648352,14,0.15384615384615385
25,66,77,0.8461538461538461,13,0.14285714285714285
25,66,78,0.8571428571428571,12,0.13186813186813187
25,66,79,0.8681318681318682,11,0.12087912087912088
25,66,80,0.8791208791208791,10,0.10989010989010989
25,66,81,0.8901098901098901,9,0.0989010989010989
25,66,82,0.9010989010989011,8,0.08791208791208792
25,66,83,0.9120879120879121,7,0.07692307692307693
25,66,84,0.9230769230769231,6,0.06593406593406594
25,66,85,0.9340659340659341,5,0.054945054945054944
25,66,86,0.945054945054945,4,0.04395604395604396
25,66,87,0.9560439560439561,3,0.03296703296703297
25,66,88,0.967032967032967,3,0.03296703296703297
25,66,89,0.978021978021978,2,0.02197802197802198
25,66,90,0.989010989010989,1,0.01098901098901099
25,66,91,1.0,0,0.0
26,67,0,0.0,82,0.9010989010989011
26,67,1,0.01098901098901099,81,0.8901098901098901
26,67,2,0.02197802197802198,80,0.8791208791208791
26,67,3,0.03296703296703297,79,0.8681318681318682
26,67,4,0.04395604395604396,79,0.8681318681318682
26,67,5,0.054945054945054944,78,0.8571428571428571
26,67,6,0.06593406593406594,77,0.8461538461538461
26,67,7,0.07692307692307693,76,0.8351648351648352
26,67,8,0.08791208791208792,75,0.8241758241758241
26,67,9,0.0989010989010989,74,0.8131868131868132
26,67,10,0.10989010989010989,74,0.8131868131868132
26,67,11,0.12087912087912088,73,0.8021978021978022
26,67,12,0.13186813186813187,72,0.7912087912087912
26,67,13,0.14285714285714285,72,0.7912087912087912
26,67,14,0.15384615384615385,71,0.7802197802197802
26,67,15,0.16483516483516483,70,0.7692307692307693
26,67,16,0.17582417582417584,69,0.7582417582417582
26,67,17,0.18681318681318682,68,0.7472527472527473
26,67,18,0.1978021978021978,67,0.7362637362637363
26,67,19,0.2087912087912088,66,0.7252747252747253
26,67,20,0.21978021978021978,65,0.7142857142857143
26,67,21,0.23076923076923078,64,0.7032967032967034
26,67,22,0.24175824175824176,63,0.6923076923076923
26,67,23,0.25274725274725274,62,0.6813186813186813
26,67,24,0.26373626373626374,61,0.6703296703296703
26,67,25,0.27472527472527475,60,0.6593406593406593
26,67,26,0.2857142857142857,59,0.6483516483516484
26,67,27,0.2967032967032967,58,0.6373626373626373
26,67,28,0.3076923076923077,57,0.6263736263736264
26,67,29,0.31868131868131866,56,0.6153846153846154
26,67,30,0.32967032967032966,55,0.6043956043956044
26,67,31,0.34065934065934067,54,0.5934065934065934
26,67,32,0.3516483516483517,53,0.5824175824175825
26,67,33,0.3626373626373626,52,0.5714285714285714
26,67,34,0.37362637362637363,51,0.5604395604395604
26,67,35,0.38461538461538464,50,0.5494505494505495
26,67,36,0.3956043956043956,50,0.5494505494505495
26,67,37,0.4065934065934066,49,0.5384615384615384
26,67,38,0.4175824175824176,48,0.5274725274725275
26,67,39,0.42857142857142855,47,0.5164835164835165
26,67,40,0.43956043956043955,46,0.5054945054945055
26,67,41,0.45054945054945056,45,0.4945054945054945
26,67,42,0.46153846153846156,44,0.4835164835164835
26,67,43,0.4725274725274725,43,0.4725274725274725
26,67,44,0.4835164835164835,43,0.4725274725274725
26,67,45,0.4945054945054945,42,0.46153846153846156
26,67,46,0.5054945054945055,41,0.45054945054945056
26,67,47,0.5164835164835165,40,0.43956043956043955
26,67,48,0.5274725274725275,40,0.43956043956043955
26,67,49,0.5384615384615384,39,0.42857142857142855
26,67,50,0.5494505494505495,38,0.4175824175824176
26,67,51,0.5604395604395604,37,0.4065934065934066
26,67,52,0.5714285714285714,36,0.3956043956043956
26,67,53,0.5824175824175825,35,0.38461538461538464
26,67,54,0.5934065934065934,34,0.37362637362637363
26,67,55,0.6043956043956044,33,0.3626373626373626
26,67,56,0.6153846153846154,32,0.3516483516483517
26,67,57,0.6263736263736264,31,0.34065934065934067
26,67,58,0.6373626373626373,30,0.32967032967032966
26,67,59,0.6483516483516484,29,0.31868131868131866
26,67,60,0.6593406593406593,29,0.31868131868131866
26,67,61,0.6703296703296703,28,0.3076923076923077
26,67,62,0.6813186813186813,27,0.2967032967032967
26,67,63,0.6923076923076923,26,0.2857142857142857
26,67,64,0.7032967032967034,25,0.27472527472527475
26,67,65,0.7142857142857143,24,0.26373626373626374
26,67,66,0.7252747252747253,23,0.25274725274725274
26,67,67,0.7362637362637363,23,0.25274725274725274
26,67,68,0.7472527472527473,23,0.25274725274725274
26,67,69,0.7582417582417582,22,0.24175824175824176
26,67,70,0.7692307692307693,21,0.23076923076923078
26,67,71,0.7802197802197802,20,0.21978021978021978
26,67,72,0.7912087912087912,19,0.2087912087912088
26,67,73,0.8021978021978022,18,0.1978021978021978
26,67,74,0.8131868131868132,17,0.18681318681318682
26,67,75,0.8241758241758241,16,0.17582417582417584
26,67,76,0.8351648351648352,15,0.16483516483516483
26,67,77,0.8461538461538461,14,0.15384615384615385
26,67,78,0.8571428571428571,13,0.14285714285714285
26,67,79,0.8681318681318682,12,0.13186813186813187
26,67,80,0.8791208791208791,11,0.12087912087912088
26,67,81,0.8901098901098901,10,0.10989010989010989
26,67,82,0.9010989010989011,9,0.0989010989010989
26,67,83,0.9120879120879121,7,0.07692307692307693
26,67,84,0.9230769230769231,6,0.06593406593406594
26,67,85,0.9340659340659341,6,0.06593406593406594
26,67,86,0.945054945054945,5,0.054945054945054944
26,67,87,0.9560439560439561,4,0.04395604395604396
26,67,88,0.967032967032967,3,0.03296703296703297
26,67,89,0.978021978021978,2,0.02197802197802198
26,67,90,0.989010989010989,1,0.01098901098901099
26,67,91,1.0,0,0.0
27,68,0,0.0,82,0.9010989010989011
27,68,1,0.01098901098901099,81,0.8901098901098901
27,68,2,0.02197802197802198,80,0.8791208791208791
27,68,3,0.03296703296703297,79,0.8681318681318682
27,68,4,0.04395604395604396,78,0.8571428571428571
27,68,5,0.054945054945054944,77,0.8461538461538461
27,68,6,0.06593406593406594,76,0.8351648351648352
27,68,7,0.07692307692307693,75,0.8241758241758241
27,68,8,0.08791208791208792,74,0.8131868131868132
27,68,9,0.0989010989010989,73,0.8021978021978022
27,68,10,0.10989010989010989,72,0.7912087912087912
27,68,11,0.12087912087912088,71,0.7802197802197802
27,68,12,0.13186813186813187,70,0.7692307692307693
27,68,13,0.14285714285714285,69,0.7582417582417582
27,68,14,0.15384615384615385,68,0.7472527472527473
27,68,15,0.16483516483516483,67,0.7362637362637363
27,68,16,0.17582417582417584,66,0.7252747252747253
27,68,17,0.18681318681318682,65,0.7142857142857143
27,68,18,0.1978021978021978,64,0.7032967032967034
27,68,19,0.2087912087912088,63,0.6923076923076923
27,68,20,0.21978021978021978,62,0.6813186813186813
27,68,21,0.23076923076923078,61,0.6703296703296703
27,68,22,0.24175824175824176,60,0.6593406593406593
27,68,23,0.25274725274725274,59,0.6483516483516484
27,68,24,0.26373626373626374,58,0.6373626373626373
27,68,25,0.27472527472527475,58,0.6373626373626373
27,68,26,0.2857142857142857,57,0.6263736263736264
27,68,27,0.2967032967032967,56,0.6153846153846154
27,68,28,0.3076923076923077,55,0.6043956043956044
27,68,29,0.31868131868131866,54,0.5934065934065934
27,68,30,0.32967032967032966,53,0.5824175824175825
27,68,31,0.34065934065934067,53,0.5824175824175825
27,68,32,0.3516483516483517,52,0.5714285714285714
27,68,33,0.3626373626373626,51,0.5604395604395604
27,68,34,0.37362637362637363,51,0.5604395604395604
27,68,35,0.38461538461538464,50,0.5494505494505495
27,68,36,0.3956043956043956,49,0.5384615384615384
27,68,37,0.4065934065934066,48,0.5274725274725275
27,68,38,0.4175824175824176,47,0.5164835164835165
27,68,39,0.42857142857142855,46,0.5054945054945055
27,68,40,0.43956043956043955,45,0.4945054945054945
27,68,41,0.45054945054945056,44,0.4835164835164835
27,68,42,0.46153846153846156,43,0.4725274725274725
27,68,43,0.4725274725274725,42,0.46153846153846156
27,68,44,0.4835164835164835,41,0.45054945054945056
27,68,45,0.4945054945054945,40,0.43956043956043955
27,68,46,0.5054945054945055,39,0.42857142857142855
27,68,47,0.5164835164835165,38,0.4175824175824176
27,68,48,0.5274725274725275,38,0.4175824175824176
27,68,49,0.5384615384615384,37,0.4065934065934066
27,68,50,0.5494505494505495,36,0.3956043956043956
27,68,51,0.5604395604395604,35,0.38461538461538464
27,68,52,0.5714285714285714,34,0.37362637362637363
27,68,53,0.5824175824175825,32,0.3516483516483517
27,68,54,0.5934065934065934,32,0.3516483516483517
27,68,55,0.6043956043956044,31,0.34065934065934067
27,68,56,0.6153846153846154,30,0.32967032967032966
27,68,57,0.6263736263736264,29,0.31868131868131866
27,68,58,0.6373626373626373,28,0.3076923076923077
27,68,59,0.6483516483516484,27,0.2967032967032967
27,68,60,0.6593406593406593,26,0.2857142857142857
27,68,61,0.6703296703296703,25,0.27472527472527475
27,68,62,0.6813186813186813,25,0.27472527472527475
27,68,63,0.6923076923076923,24,0.26373626373626374
27,68,64,0.7032967032967034,23,0.25274725274725274
27,68,65,0.7142857142857143,22,0.24175824175824176
27,68,66,0.7252747252747253,21,0.23076923076923078
27,68,67,0.7362637362637363,20,0.21978021978021978
27,68,68,0.7472527472527473,19,0.2087912087912088
27,68,69,0.7582417582417582,18,0.1978021978021978
27,68,70,0.7692307692307693,18,0.1978021978021978
27,68,71,0.7802197802197802,18,0.1978021978021978
27,68,72,0.7912087912087912,17,0.18681318681318682
27,68,73,0.8021978021978022,16,0.17582417582417584
27,68,74,0.8131868131868132,15,0.16483516483516483
27,68,75,0.8241758241758241,14,0.15384615384615385
27,68,76,0.8351648351648352,13,0.14285714285714285
27,68,77,0.8461538461538461,11,0.12087912087912088
27,68,78,0.8571428571428571,10,0.10989010989010989
27,68,79,0.8681318681318682,9,0.0989010989010989
27,68,80,0.8791208791208791,8,0.08791208791208792
27,68,81,0.8901098901098901,7,0.07692307692307693
27,68,82,0.9010989010989011,5,0.054945054945054944
27,68,83,0.9120879120879121,3,0.03296703296703297
27,68,84,0.9230769230769231,3,0.03296703296703297
27,68,85,0.9340659340659341,3,0.03296703296703297
27,68,86,0.945054945054945,2,0.02197802197802198
27,68,87,0.9560439560439561,2,0.02197802197802198
27,68,88,0.967032967032967,2,0.02197802197802198
27,68,89,0.978021978021978,2,0.02197802197802198
27,68,90,0.989010989010989,1,0.01098901098901099
27,68,91,1.0,0,0.0
28,69,0,0.0,82,0.9010989010989011
28,69,1,0.01098901098901099,81,0.8901098901098901
28,69,2,0.02197802197802198,80,0.8791208791208791
28,69,3,0.03296703296703297,79,0.8681318681318682
28,69,4,0.04395604395604396,78,0.8571428571428571
28,69,5,0.054945054945054944,77,0.8461538461538461
28,69,6,0.06593406593406594,76,0.8351648351648352
28,69,7,0.07692307692307693,75,0.8241758241758241
28,69,8,0.08791208791208792,74,0.8131868131868132
28,69,9,0.0989010989010989,73,0.8021978021978022
28,69,10,0.10989010989010989,72,0.7912087912087912
28,69,11,0.12087912087912088,71,0.7802197802197802
28,69,12,0.13186813186813187,70,0.7692307692307693
28,69,13,0.14285714285714285,69,0.7582417582417582
28,69,14,0.15384615384615385,68,0.7472527472527473
28,69,15,0.16483516483516483,68,0.7472527472527473
28,69,16,0.17582417582417584,67,0.7362637362637363
28,69,17,0.18681318681318682,66,0.7252747252747253
28,69,18,0.1978021978021978,65,0.7142857142857143
28,69,19,0.2087912087912088,64,0.7032967032967034
28,69,20,0.21978021978021978,63,0.6923076923076923
28,69,21,0.23076923076923078,63,0.6923076923076923
28,69,22,0.24175824175824176,62,0.6813186813186813
28,69,23,0.25274725274725274,61,0.6703296703296703
28,69,24,0.26373626373626374,60,0.6593406593406593
28,69,25,0.27472527472527475,60,0.6593406593406593
28,69,26,0.2857142857142857,58,0.6373626373626373
28,69,27,0.2967032967032967,57,0.6263736263736264
28,69,28,0.3076923076923077,56,0.6153846153846154
28,69,29,0.31868131868131866,55,0.6043956043956044
28,69,30,0.32967032967032966,54,0.5934065934065934
28,69,31,0.34065934065934067,53,0.5824175824175825
28,69,32,0.3516483516483517,52,0.5714285714285714
28,69,33,0.3626373626373626,51,0.5604395604395604
28,69,34,0.37362637362637363,50,0.5494505494505495
28,69,35,0.38461538461538464,49,0.5384615384615384
28,69,36,0.3956043956043956,48,0.5274725274725275
28,69,37,0.4065934065934066,47,0.5164835164835165
28,69,38,0.4175824175824176,46,0.5054945054945055
28,69,39,0.42857142857142855,45,0.4945054945054945
28,69,40,0.43956043956043955,44,0.4835164835164835
28,69,41,0.45054945054945056,43,0.4725274725274725
28,69,42,0.46153846153846156,43,0.4725274725274725
28,69,43,0.4725274725274725,41,0.45054945054945056
28,69,44,0.4835164835164835,40,0.43956043956043955
28,69,45,0.4945054945054945,39,0.42857142857142855
28,69,46,0.5054945054945055,38,0.4175824175824176
28,69,47,0.5164835164835165,37,0.4065934065934066
28,69,48,0.5274725274725275,36,0.3956043956043956
28,69,49,0.5384615384615384,35,0.38461538461538464
28,69,50,0.5494505494505495,34,0.37362637362637363
28,69,51,0.5604395604395604,33,0.3626373626373626
28,69,52,0.5714285714285714,32,0.3516483516483517
28,69,53,0.5824175824175825,32,0.3516483516483517
28,69,54,0.5934065934065934,31,0.34065934065934067
28,69,55,0.6043956043956044,30,0.32967032967032966
28,69,56,0.6153846153846154,29,0.31868131868131866
28,69,57,0.6263736263736264,28,0.3076923076923077
28,69,58,0.6373626373626373,27,0.2967032967032967
28,69,59,0.6483516483516484,26,0.2857142857142857
28,69,60,0.6593406593406593,25,0.27472527472527475
28,69,61,0.6703296703296703,24,0.26373626373626374
28,69,62,0.6813186813186813,23,0.25274725274725274
28,69,63,0.6923076923076923,22,0.24175824175824176
28,69,64,0.7032967032967034,22,0.24175824175824176
28,69,65,0.7142857142857143,21,0.23076923076923078
28,69,66,0.7252747252747253,21,0.23076923076923078
28,69,67,0.7362637362637363,20,0.21978021978021978
28,69,68,0.7472527472527473,20,0.21978021978021978
28,69,69,0.7582417582417582,19,0.2087912087912088
28,69,70,0.7692307692307693,18,0.1978021978021978
28,69,71,0.7802197802197802,17,0.18681318681318682
28,69,72,0.7912087912087912,16,0.17582417582417584
28,69,73,0.8021978021978022,15,0.16483516483516483
28,69,74,0.8131868131868132,14,0.15384615384615385
28,69,75,0.8241758241758241,14,0.15384615384615385
28,69,76,0.8351648351648352,13,0.14285714285714285
28,69,77,0.8461538461538461,12,0.13186813186813187
28,69,78,0.8571428571428571,11,0.12087912087912088
28,69,79,0.8681318681318682,10,0.10989010989010989
28,69,80,0.8791208791208791,9,0.0989010989010989
28,69,81,0.8901098901098901,8,0.08791208791208792
28,69,82,0.9010989010989011,7,0.07692307692307693
28,69,83,0.9120879120879121,7,0.07692307692307693
28,69,84,0.9230769230769231,6,0.06593406593406594
28,69,85,0.9340659340659341,6,0.06593406593406594
28,69,86,0.945054945054945,5,0.054945054945054944
28,69,87,0.9560439560439561,4,0.04395604395604396
28,69,88,0.967032967032967,3,0.03296703296703297
28,69,89,0.978021978021978,1,0.01098901098901099
28,69,90,0.989010989010989,1,0.01098901098901099
28,69,91,1.0,0,0.0
29,70,0,0.0,82,0.9010989010989011
29,70,1,0.01098901098901099,81,0.8901098901098901
29,70,2,0.02197802197802198,80,0.8791208791208791
29,70,3,0.03296703296703297,79,0.8681318681318682
29,70,4,0.04395604395604396,78,0.8571428571428571
29,70,5,0.054945054945054944,78,0.8571428571428571
29,70,6,0.06593406593406594,77,0.8461538461538461
29,70,7,0.07692307692307693,76,0.8351648351648352
29,70,8,0.08791208791208792,75,0.8241758241758241
29,70,9,0.0989010989010989,74,0.8131868131868132
29,70,10,0.10989010989010989,73,0.8021978021978022
29,70,11,0.12087912087912088,72,0.7912087912087912
29,70,12,0.13186813186813187,71,0.7802197802197802
29,70,13,0.14285714285714285,71,0.7802197802197802
29,70,14,0.15384615384615385,70,0.7692307692307693
29,70,15,0.16483516483516483,69,0.7582417582417582
29,70,16,0.17582417582417584,68,0.7472527472527473
29,70,17,0.18681318681318682,67,0.7362637362637363
29,70,18,0.1978021978021978,66,0.7252747252747253
29,70,19,0.2087912087912088,65,0.7142857142857143
29,70,20,0.21978021978021978,64,0.7032967032967034
29,70,21,0.23076923076923078,64,0.7032967032967034
29,70,22,0.24175824175824176,63,0.6923076923076923
29,70,23,0.25274725274725274,62,0.6813186813186813
29,70,24,0.26373626373626374,62,0.6813186813186813
29,70,25,0.27472527472527475,61,0.6703296703296703
29,70,26,0.2857142857142857,60,0.6593406593406593
29,70,27,0.2967032967032967,59,0.6483516483516484
29,70,28,0.3076923076923077,58,0.6373626373626373
29,70,29,0.31868131868131866,56,0.6153846153846154
29,70,30,0.32967032967032966,55,0.6043956043956044
29,70,31,0.34065934065934067,54,0.5934065934065934
29,70,32,0.3516483516483517,53,0.5824175824175825
29,70,33,0.3626373626373626,52,0.5714285714285714
29,70,34,0.37362637362637363,51,0.5604395604395604
29,70,35,0.38461538461538464,50,0.5494505494505495
29,70,36,0.3956043956043956,49,0.5384615384615384
29,70,37,0.4065934065934066,48,0.5274725274725275
29,70,38,0.4175824175824176,47,0.5164835164835165
29,70,39,0.42857142857142855,46,0.5054945054945055
29,70,40,0.43956043956043955,46,0.5054945054945055
29,70,41,0.45054945054945056,45,0.4945054945054945
29,70,42,0.46153846153846156,44,0.4835164835164835
29,70,43,0.4725274725274725,43,0.4725274725274725
29,70,44,0.4835164835164835,43,0.4725274725274725
29,70,45,0.4945054945054945,42,0.46153846153846156
29,70,46,0.5054945054945055,41,0.45054945054945056
29,70,47,0.5164835164835165,40,0.43956043956043955
29,70,48,0.5274725274725275,39,0.42857142857142855
29,70,49,0.5384615384615384,38,0.4175824175824176
29,70,50,0.5494505494505495,37,0.4065934065934066
29,70,51,0.5604395604395604,37,0.4065934065934066
29,70,52,0.5714285714285714,36,0.3956043956043956
29,70,53,0.5824175824175825,35,0.38461538461538464
29,70,54,0.5934065934065934,34,0.37362637362637363
29,70,55,0.6043956043956044,33,0.3626373626373626
29,70,56,0.6153846153846154,33,0.3626373626373626
29,70,57,0.6263736263736264,32,0.3516483516483517
29,70,58,0.6373626373626373,31,0.34065934065934067
29,70,59,0.6483516483516484,30,0.32967032967032966
29,70,60,0.6593406593406593,29,0.31868131868131866
29,70,61,0.6703296703296703,28,0.3076923076923077
29,70,62,0.6813186813186813,27,0.2967032967032967
29,70,63,0.6923076923076923,26,0.2857142857142857
29,70,64,0.7032967032967034,25,0.27472527472527475
29,70,65,0.7142857142857143,24,0.26373626373626374
29,70,66,0.7252747252747253,23,0.25274725274725274
29,70,67,0.7362637362637363,22,0.24175824175824176
29,70,68,0.7472527472527473,21,0.23076923076923078
29,70,69,0.7582417582417582,20,0.21978021978021978
29,70,70,0.7692307692307693,19,0.2087912087912088
29,70,71,0.7802197802197802,18,0.1978021978021978
29,70,72,0.7912087912087912,17,0.18681318681318682
29,70,73,0.8021978021978022,16,0.17582417582417584
29,70,74,0.8131868131868132,15,0.16483516483516483
29,70,75,0.8241758241758241,13,0.14285714285714285
29,70,76,0.8351648351648352,11,0.12087912087912088
29,70,77,0.8461538461538461,10,0.10989010989010989
29,70,78,0.8571428571428571,9,0.0989010989010989
29,70,79,0.8681318681318682,8,0.08791208791208792
29,70,80,0.8791208791208791,7,0.07692307692307693
29,70,81,0.8901098901098901,6,0.06593406593406594
29,70,82,0.9010989010989011,6,0.06593406593406594
29,70,83,0.9120879120879121,4,0.04395604395604396
29,70,84,0.9230769230769231,3,0.03296703296703297
29,70,85,0.9340659340659341,3,0.03296703296703297
29,70,86,0.945054945054945,3,0.03296703296703297
29,70,87,0.9560439560439561,2,0.02197802197802198
29,70,88,0.967032967032967,2,0.02197802197802198
29,70,89,0.978021978021978,1,0.01098901098901099
29,70,90,0.989010989010989,1,0.01098901098901099
29,70,91,1.0,0,0.0
30,71,0,0.0,82,0.9010989010989011
30,71,1,0.01098901098901099,81,0.8901098901098901
30,71,2,0.02197802197802198,80,0.8791208791208791
30,71,3,0.03296703296703297,79,0.8681318681318682
30,71,4,0.04395604395604396,78,0.8571428571428571
30,71,5,0.054945054945054944,77,0.8461538461538461
30,71,6,0.06593406593406594,76,0.8351648351648352
30,71,7,0.07692307692307693,75,0.8241758241758241
30,71,8,0.08791208791208792,74,0.8131868131868132
30,71,9,0.0989010989010989,73,0.8021978021978022
30,71,10,0.10989010989010989,72,0.7912087912087912
30,71,11,0.12087912087912088,71,0.7802197802197802
30,71,12,0.13186813186813187,70,0.7692307692307693
30,71,13,0.14285714285714285,69,0.7582417582417582
30,71,14,0.15384615384615385,68,0.7472527472527473
30,71,15,0.16483516483516483,67,0.7362637362637363
30,71,16,0.17582417582417584,66,0.7252747252747253
30,71,17,0.18681318681318682,65,0.7142857142857143
30,71,18,0.1978021978021978,64,0.7032967032967034
30,71,19,0.2087912087912088,63,0.6923076923076923
30,71,20,0.21978021978021978,62,0.6813186813186813
30,71,21,0.23076923076923078,61,0.6703296703296703
30,71,22,0.24175824175824176,60,0.6593406593406593
30,71,23,0.25274725274725274,59,0.6483516483516484
30,71,24,0.26373626373626374,58,0.6373626373626373
30,71,25,0.27472527472527475,57,0.6263736263736264
30,71,26,0.2857142857142857,56,0.6153846153846154
30,71,27,0.2967032967032967,55,0.6043956043956044
30,71,28,0.3076923076923077,54,0.5934065934065934
30,71,29,0.31868131868131866,52,0.5714285714285714
30,71,30,0.32967032967032966,52,0.5714285714285714
30,71,31,0.34065934065934067,51,0.5604395604395604
30,71,32,0.3516483516483517,50,0.5494505494505495
30,71,33,0.3626373626373626,49,0.5384615384615384
30,71,34,0.37362637362637363,48,0.5274725274725275
30,71,35,0.38461538461538464,47,0.5164835164835165
30,71,36,0.3956043956043956,46,0.5054945054945055
30,71,37,0.4065934065934066,45,0.4945054945054945
30,71,38,0.4175824175824176,44,0.4835164835164835
30,71,39,0.42857142857142855,43,0.4725274725274725
30,71,40,0.43956043956043955,42,0.46153846153846156
30,71,41,0.45054945054945056,42,0.46153846153846156
30,71,42,0.46153846153846156,42,0.46153846153846156
30,71,43,0.4725274725274725,41,0.45054945054945056
30,71,44,0.4835164835164835,40,0.43956043956043955
30,71,45,0.4945054945054945,39,0.42857142857142855
30,71,46,0.5054945054945055,38,0.4175824175824176
30,71,47,0.5164835164835165,38,0.4175824175824176
30,71,48,0.5274725274725275,38,0.4175824175824176
30,71,49,0.5384615384615384,37,0.4065934065934066
30,71,50,0.5494505494505495,36,0.3956043956043956
30,71,51,0.5604395604395604,35,0.38461538461538464
30,71,52,0.5714285714285714,34,0.37362637362637363
30,71,53,0.5824175824175825,33,0.3626373626373626
30,71,54,0.5934065934065934,33,0.3626373626373626
30,71,55,0.6043956043956044,32,0.3516483516483517
30,71,56,0.6153846153846154,30,0.32967032967032966
30,71,57,0.6263736263736264,29,0.31868131868131866
30,71,58,0.6373626373626373,28,0.3076923076923077
30,71,59,0.6483516483516484,28,0.3076923076923077
30,71,60,0.6593406593406593,28,0.3076923076923077
30,71,61,0.6703296703296703,27,0.2967032967032967
30,71,62,0.6813186813186813,27,0.2967032967032967
30,71,63,0.6923076923076923,26,0.2857142857142857
30,71,64,0.7032967032967034,25,0.27472527472527475
30,71,65,0.7142857142857143,24,0.26373626373626374
30,71,66,0.7252747252747253,23,0.25274725274725274
30,71,67,0.7362637362637363,22,0.24175824175824176
30,71,68,0.7472527472527473,21,0.23076923076923078
30,71,69,0.7582417582417582,20,0.21978021978021978
30,71,70,0.7692307692307693,19,0.2087912087912088
30,71,71,0.7802197802197802,18,0.1978021978021978
30,71,72,0.7912087912087912,17,0.18681318681318682
30,71,73,0.8021978021978022,16,0.17582417582417584
30,71,74,0.8131868131868132,15,0.16483516483516483
30,71,75,0.8241758241758241,14,0.15384615384615385
30,71,76,0.8351648351648352,13,0.14285714285714285
30,71,77,0.8461538461538461,12,0.13186813186813187
30,71,78,0.8571428571428571,11,0.12087912087912088
30,71,79,0.8681318681318682,10,0.10989010989010989
30,71,80,0.8791208791208791,9,0.0989010989010989
30,71,81,0.8901098901098901,8,0.08791208791208792
30,71,82,0.9010989010989011,7,0.07692307692307693
30,71,83,0.9120879120879121,7,0.07692307692307693
30,71,84,0.9230769230769231,6,0.06593406593406594
30,71,85,0.9340659340659341,5,0.054945054945054944
30,71,86,0.945054945054945,4,0.04395604395604396
30,71,87,0.9560439560439561,2,0.02197802197802198
30,71,88,0.967032967032967,1,0.01098901098901099
30,71,89,0.978021978021978,1,0.01098901098901099
30,71,90,0.989010989010989,1,0.01098901098901099
30,71,91,1.0,0,0.0
31,72,0,0.0,82,0.9010989010989011
31,72,1,0.01098901098901099,82,0.9010989010989011
31,72,2,0.02197802197802198,81,0.8901098901098901
31,72,3,0.03296703296703297,80,0.8791208791208791
31,72,4,0.04395604395604396,79,0.8681318681318682
31,72,5,0.054945054945054944,78,0.8571428571428571
31,72,6,0.06593406593406594,77,0.8461538461538461
31,72,7,0.07692307692307693,76,0.8351648351648352
31,72,8,0.08791208791208792,75,0.8241758241758241
31,72,9,0.0989010989010989,74,0.8131868131868132
31,72,10,0.10989010989010989,74,0.8131868131868132
31,72,11,0.12087912087912088,73,0.8021978021978022
31,72,12,0.13186813186813187,72,0.7912087912087912
31,72,13,0.14285714285714285,71,0.7802197802197802
31,72,14,0.15384615384615385,70,0.7692307692307693
31,72,15,0.16483516483516483,70,0.7692307692307693
31,72,16,0.17582417582417584,69,0.7582417582417582
31,72,17,0.18681318681318682,68,0.7472527472527473
31,72,18,0.1978021978021978,67,0.7362637362637363
31,72,19,0.2087912087912088,66,0.7252747252747253
31,72,20,0.21978021978021978,65,0.7142857142857143
31,72,21,0.23076923076923078,64,0.7032967032967034
31,72,22,0.24175824175824176,63,0.6923076923076923
31,72,23,0.25274725274725274,62,0.6813186813186813
31,72,24,0.26373626373626374,62,0.6813186813186813
31,72,25,0.27472527472527475,61,0.6703296703296703
31,72,26,0.2857142857142857,60,0.6593406593406593
31,72,27,0.2967032967032967,59,0.6483516483516484
31,72,28,0.3076923076923077,58,0.6373626373626373
31,72,29,0.31868131868131866,57,0.6263736263736264
31,72,30,0.32967032967032966,56,0.6153846153846154
31,72,31,0.34065934065934067,55,0.6043956043956044
31,72,32,0.3516483516483517,54,0.5934065934065934
31,72,33,0.3626373626373626,53,0.5824175824175825
31,72,34,0.37362637362637363,52,0.5714285714285714
31,72,35,0.38461538461538464,51,0.5604395604395604
31,72,36,0.3956043956043956,50,0.5494505494505495
31,72,37,0.4065934065934066,49,0.5384615384615384
31,72,38,0.4175824175824176,48,0.5274725274725275
31,72,39,0.42857142857142855,47,0.5164835164835165
31,72,40,0.43956043956043955,46,0.5054945054945055
31,72,41,0.45054945054945056,45,0.4945054945054945
31,72,42,0.46153846153846156,44,0.4835164835164835
31,72,43,0.4725274725274725,43,0.4725274725274725
31,72,44,0.4835164835164835,42,0.46153846153846156
31,72,45,0.4945054945054945,41,0.45054945054945056
31,72,46,0.5054945054945055,39,0.42857142857142855
31,72,47,0.5164835164835165,38,0.4175824175824176
31,72,48,0.5274725274725275,37,0.4065934065934066
31,72,49,0.5384615384615384,36,0.3956043956043956
31,72,50,0.5494505494505495,35,0.38461538461538464
31,72,51,0.5604395604395604,34,0.37362637362637363
31,72,52,0.5714285714285714,33,0.3626373626373626
31,72,53,0.5824175824175825,32,0.3516483516483517
31,72,54,0.5934065934065934,31,0.34065934065934067
31,72,55,0.6043956043956044,30,0.32967032967032966
31,72,56,0.6153846153846154,29,0.31868131868131866
31,72,57,0.6263736263736264,28,0.3076923076923077
31,72,58,0.6373626373626373,27,0.2967032967032967
31,72,59,0.6483516483516484,27,0.2967032967032967
31,72,60,0.6593406593406593,26,0.2857142857142857
31,72,61,0.6703296703296703,25,0.27472527472527475
31,72,62,0.6813186813186813,25,0.27472527472527475
31,72,63,0.6923076923076923,24,0.26373626373626374
31,72,64,0.7032967032967034,24,0.26373626373626374
31,72,65,0.7142857142857143,23,0.25274725274725274
31,72,66,0.7252747252747253,22,0.24175824175824176
31,72,67,0.7362637362637363,21,0.23076923076923078
31,72,68,0.7472527472527473,20,0.21978021978021978
31,72,69,0.7582417582417582,19,0.2087912087912088
31,72,70,0.7692307692307693,18,0.1978021978021978
31,72,71,0.7802197802197802,17,0.18681318681318682
31,72,72,0.7912087912087912,16,0.17582417582417584
31,72,73,0.8021978021978022,15,0.16483516483516483
31,72,74,0.8131868131868132,15,0.16483516483516483
31,72,75,0.8241758241758241,14,0.15384615384615385
31,72,76,0.8351648351648352,13,0.14285714285714285
31,72,77,0.8461538461538461,12,0.13186813186813187
31,72,78,0.8571428571428571,11,0.12087912087912088
31,72,79,0.8681318681318682,10,0.10989010989010989
31,72,80,0.8791208791208791,9,0.0989010989010989
31,72,81,0.8901098901098901,8,0.08791208791208792
31,72,82,0.9010989010989011,7,0.07692307692307693
31,72,83,0.9120879120879121,6,0.06593406593406594
31,72,84,0.9230769230769231,5,0.054945054945054944
31,72,85,0.9340659340659341,4,0.04395604395604396
31,72,86,0.945054945054945,3,0.03296703296703297
31,72,87,0.9560439560439561,2,0.02197802197802198
31,72,88,0.967032967032967,1,0.01098901098901099
31,72,89,0.978021978021978,1,0.01098901098901099
31,72,90,0.989010989010989,1,0.01098901098901099
31,72,91,1.0,0,0.0
32,73,0,0.0,82,0.9010989010989011
32,73,1,0.01098901098901099,81,0.8901098901098901
32,73,2,0.02197802197802198,80,0.8791208791208791
32,73,3,0.03296703296703297,79,0.8681318681318682
32,73,4,0.04395604395604396,78,0.8571428571428571
32,73,5,0.054945054945054944,77,0.8461538461538461
32,73,6,0.06593406593406594,76,0.8351648351648352
32,73,7,0.07692307692307693,75,0.8241758241758241
32,73,8,0.08791208791208792,74,0.8131868131868132
32,73,9,0.0989010989010989,73,0.8021978021978022
32,73,10,0.10989010989010989,73,0.8021978021978022
32,73,11,0.12087912087912088,72,0.7912087912087912
32,73,12,0.13186813186813187,71,0.7802197802197802
32,73,13,0.14285714285714285,70,0.7692307692307693
32,73,14,0.15384615384615385,69,0.7582417582417582
32,73,15,0.16483516483516483,69,0.7582417582417582
32,73,16,0.17582417582417584,68,0.7472527472527473
32,73,17,0.18681318681318682,67,0.7362637362637363
32,73,18,0.1978021978021978,66,0.7252747252747253
32,73,19,0.2087912087912088,65,0.7142857142857143
32,73,20,0.21978021978021978,64,0.7032967032967034
32,73,21,0.23076923076923078,63,0.6923076923076923
32,73,22,0.24175824175824176,62,0.6813186813186813
32,73,23,0.25274725274725274,62,0.6813186813186813
32,73,24,0.26373626373626374,61,0.6703296703296703
32,73,25,0.27472527472527475,60,0.6593406593406593
32,73,26,0.2857142857142857,60,0.6593406593406593
32,73,27,0.2967032967032967,60,0.6593406593406593
32,73,28,0.3076923076923077,59,0.6483516483516484
32,73,29,0.31868131868131866,58,0.6373626373626373
32,73,30,0.32967032967032966,57,0.6263736263736264
32,73,31,0.34065934065934067,56,0.6153846153846154
32,73,32,0.3516483516483517,55,0.6043956043956044
32,73,33,0.3626373626373626,54,0.5934065934065934
32,73,34,0.37362637362637363,53,0.5824175824175825
32,73,35,0.38461538461538464,52,0.5714285714285714
32,73,36,0.3956043956043956,50,0.5494505494505495
32,73,37,0.4065934065934066,49,0.5384615384615384
32,73,38,0.4175824175824176,48,0.5274725274725275
32,73,39,0.42857142857142855,47,0.5164835164835165
32,73,40,0.43956043956043955,47,0.5164835164835165
32,73,41,0.45054945054945056,46,0.5054945054945055
32,73,42,0.46153846153846156,45,0.4945054945054945
32,73,43,0.4725274725274725,44,0.4835164835164835
32,73,44,0.4835164835164835,43,0.4725274725274725
32,73,45,0.4945054945054945,42,0.46153846153846156
32,73,46,0.5054945054945055,41,0.45054945054945056
32,73,47,0.5164835164835165,40,0.43956043956043955
32,73,48,0.5274725274725275,39,0.42857142857142855
32,73,49,0.5384615384615384,38,0.4175824175824176
32,73,50,0.5494505494505495,37,0.4065934065934066
32,73,51,0.5604395604395604,36,0.3956043956043956
32,73,52,0.5714285714285714,36,0.3956043956043956
32,73,53,0.5824175824175825,35,0.38461538461538464
32,73,54,0.5934065934065934,34,0.37362637362637363
32,73,55,0.6043956043956044,34,0.37362637362637363
32,73,56,0.6153846153846154,33,0.3626373626373626
32,73,57,0.6263736263736264,32,0.3516483516483517
32,73,58,0.6373626373626373,31,0.34065934065934067
32,73,59,0.6483516483516484,30,0.32967032967032966
32,73,60,0.6593406593406593,29,0.31868131868131866
32,73,61,0.6703296703296703,28,0.3076923076923077
32,73,62,0.6813186813186813,27,0.2967032967032967
32,73,63,0.6923076923076923,26,0.2857142857142857
32,73,64,0.7032967032967034,25,0.27472527472527475
32,73,65,0.7142857142857143,24,0.26373626373626374
32,73,66,0.7252747252747253,23,0.25274725274725274
32,73,67,0.7362637362637363,22,0.24175824175824176
32,73,68,0.7472527472527473,21,0.23076923076923078
32,73,69,0.7582417582417582,20,0.21978021978021978
32,73,70,0.7692307692307693,20,0.21978021978021978
32,73,71,0.7802197802197802,19,0.2087912087912088
32,73,72,0.7912087912087912,18,0.1978021978021978
32,73,73,0.8021978021978022,17,0.18681318681318682
32,73,74,0.8131868131868132,16,0.17582417582417584
32,73,75,0.8241758241758241,15,0.16483516483516483
32,73,76,0.8351648351648352,14,0.15384615384615385
32,73,77,0.8461538461538461,13,0.14285714285714285
32,73,78,0.8571428571428571,12,0.13186813186813187
32,73,79,0.8681318681318682,11,0.12087912087912088
32,73,80,0.8791208791208791,10,0.10989010989010989
32,73,81,0.8901098901098901,9,0.0989010989010989
32,73,82,0.9010989010989011,8,0.08791208791208792
32,73,83,0.9120879120879121,7,0.07692307692307693
32,73,84,0.9230769230769231,6,0.06593406593406594
32,73,85,0.9340659340659341,6,0.06593406593406594
32,73,86,0.945054945054945,5,0.054945054945054944
32,73,87,0.9560439560439561,4,0.04395604395604396
32,73,88,0.967032967032967,3,0.03296703296703297
32,73,89,0.978021978021978,2,0.02197802197802198
32,73,90,0.989010989010989,1,0.01098901098901099
32,73,91,1.0,0,0.0
33,74,0,0.0,82,0.9010989010989011
33,74,1,0.01098901098901099,81,0.8901098901098901
33,74,2,0.02197802197802198,80,0.8791208791208791
33,74,3,0.03296703296703297,79,0.8681318681318682
33,74,4,0.04395604395604396,78,0.8571428571428571
33,74,5,0.054945054945054944,77,0.8461538461538461
33,74,6,0.06593406593406594,76,0.8351648351648352
33,74,7,0.07692307692307693,75,0.8241758241758241
33,74,8,0.08791208791208792,74,0.8131868131868132
33,74,9,0.0989010989010989,73,0.8021978021978022
33,74,10,0.10989010989010989,72,0.7912087912087912
33,74,11,0.12087912087912088,71,0.7802197802197802
33,74,12,0.13186813186813187,70,0.7692307692307693
33,74,13,0.14285714285714285,69,0.7582417582417582
33,74,14,0.15384615384615385,68,0.7472527472527473
33,74,15,0.16483516483516483,67,0.7362637362637363
33,74,16,0.17582417582417584,66,0.7252747252747253
33,74,17,0.18681318681318682,65,0.7142857142857143
33,74,18,0.1978021978021978,64,0.7032967032967034
33,74,19,0.2087912087912088,63,0.6923076923076923
33,74,20,0.21978021978021978,62,0.6813186813186813
33,74,21,0.23076923076923078,61,0.6703296703296703
33,74,22,0.24175824175824176,60,0.6593406593406593
33,74,23,0.25274725274725274,59,0.6483516483516484
33,74,24,0.26373626373626374,58,0.6373626373626373
33,74,25,0.27472527472527475,57,0.6263736263736264
33,74,26,0.2857142857142857,57,0.6263736263736264
33,74,27,0.2967032967032967,55,0.6043956043956044
33,74,28,0.3076923076923077,54,0.5934065934065934
33,74,29,0.31868131868131866,53,0.5824175824175825
33,74,30,0.32967032967032966,52,0.5714285714285714
33,74,31,0.34065934065934067,52,0.5714285714285714
33,74,32,0.3516483516483517,52,0.5714285714285714
33,74,33,0.3626373626373626,51,0.5604395604395604
33,74,34,0.37362637362637363,50,0.5494505494505495
33,74,35,0.38461538461538464,49,0.5384615384615384
33,74,36,0.3956043956043956,48,0.5274725274725275
33,74,37,0.4065934065934066,47,0.5164835164835165
33,74,38,0.4175824175824176,46,0.5054945054945055
33,74,39,0.42857142857142855,45,0.4945054945054945
33,74,40,0.43956043956043955,44,0.4835164835164835
33,74,41,0.45054945054945056,43,0.4725274725274725
33,74,42,0.46153846153846156,42,0.46153846153846156
33,74,43,0.4725274725274725,41,0.45054945054945056
33,74,44,0.4835164835164835,40,0.43956043956043955
33,74,45,0.4945054945054945,39,0.42857142857142855
33,74,46,0.5054945054945055,38,0.4175824175824176
33,74,47,0.5164835164835165,37,0.4065934065934066
33,74,48,0.5274725274725275,36,0.3956043956043956
33,74,49,0.5384615384615384,35,0.38461538461538464
33,74,50,0.5494505494505495,35,0.38461538461538464
33,74,51,0.5604395604395604,34,0.37362637362637363
33,74,52,0.5714285714285714,33,0.3626373626373626
33,74,53,0.5824175824175825,32,0.3516483516483517
33,74,54,0.5934065934065934,31,0.34065934065934067
33,74,55,0.6043956043956044,30,0.32967032967032966
33,74,56,0.6153846153846154,29,0.31868131868131866
33,74,57,0.6263736263736264,28,0.3076923076923077
33,74,58,0.6373626373626373,27,0.2967032967032967
33,74,59,0.6483516483516484,27,0.2967032967032967
33,74,60,0.6593406593406593,26,0.2857142857142857
33,74,61,0.6703296703296703,26,0.2857142857142857
33,74,62,0.6813186813186813,25,0.27472527472527475
33,74,63,0.6923076923076923,24,0.26373626373626374
33,74,64,0.7032967032967034,23,0.25274725274725274
33,74,65,0.7142857142857143,22,0.24175824175824176
33,74,66,0.7252747252747253,22,0.24175824175824176
33,74,67,0.7362637362637363,22,0.24175824175824176
33,74,68,0.7472527472527473,22,0.24175824175824176
33,74,69,0.7582417582417582,21,0.23076923076923078
33,74,70,0.7692307692307693,20,0.21978021978021978
33,74,71,0.7802197802197802,19,0.2087912087912088
33,74,72,0.7912087912087912,18,0.1978021978021978
33,74,73,0.8021978021978022,17,0.18681318681318682
33,74,74,0.8131868131868132,16,0.17582417582417584
33,74,75,0.8241758241758241,15,0.16483516483516483
33,74,76,0.8351648351648352,14,0.15384615384615385
33,74,77,0.8461538461538461,13,0.14285714285714285
33,74,78,0.8571428571428571,12,0.13186813186813187
33,74,79,0.8681318681318682,11,0.12087912087912088
33,74,80,0.8791208791208791,9,0.0989010989010989
33,74,81,0.8901098901098901,8,0.08791208791208792
33,74,82,0.9010989010989011,7,0.07692307692307693
33,74,83,0.9120879120879121,6,0.06593406593406594
33,74,84,0.9230769230769231,5,0.054945054945054944
33,74,85,0.9340659340659341,5,0.054945054945054944
33,74,86,0.945054945054945,4,0.04395604395604396
33,74,87,0.9560439560439561,2,0.02197802197802198
33,74,88,0.967032967032967,1,0.01098901098901099
33,74,89,0.978021978021978,1,0.01098901098901099
33,74,90,0.989010989010989,1,0.01098901098901099
33,74,91,1.0,0,0.0
34,75,0,0.0,82,0.9010989010989011
34,75,1,0.01098901098901099,81,0.8901098901098901
34,75,2,0.02197802197802198,81,0.8901098901098901
34,75,3,0.03296703296703297,80,0.8791208791208791
34,75,4,0.04395604395604396,79,0.8681318681318682
34,75,5,0.054945054945054944,78,0.8571428571428571
34,75,6,0.06593406593406594,77,0.8461538461538461
34,75,7,0.07692307692307693,76,0.8351648351648352
34,75,8,0.08791208791208792,75,0.8241758241758241
34,75,9,0.0989010989010989,74,0.8131868131868132
34,75,10,0.10989010989010989,73,0.8021978021978022
34,75,11,0.12087912087912088,72,0.7912087912087912
34,75,12,0.13186813186813187,71,0.7802197802197802
34,75,13,0.14285714285714285,70,0.7692307692307693
34,75,14,0.15384615384615385,69,0.7582417582417582
34,75,15,0.16483516483516483,68,0.7472527472527473
34,75,16,0.17582417582417584,67,0.7362637362637363
34,75,17,0.18681318681318682,66,0.7252747252747253
34,75,18,0.1978021978021978,66,0.7252747252747253
34,75,19,0.2087912087912088,65,0.7142857142857143
34,75,20,0.21978021978021978,64,0.7032967032967034
34,75,21,0.23076923076923078,63,0.6923076923076923
34,75,22,0.24175824175824176,62,0.6813186813186813
34,75,23,0.25274725274725274,61,0.6703296703296703
34,75,24,0.26373626373626374,60,0.6593406593406593
34,75,25,0.27472527472527475,59,0.6483516483516484
34,75,26,0.2857142857142857,59,0.6483516483516484
34,75,27,0.2967032967032967,58,0.6373626373626373
34,75,28,0.3076923076923077,57,0.6263736263736264
34,75,29,0.31868131868131866,56,0.6153846153846154
34,75,30,0.32967032967032966,55,0.6043956043956044
34,75,31,0.34065934065934067,54,0.5934065934065934
34,75,32,0.3516483516483517,53,0.5824175824175825
34,75,33,0.3626373626373626,52,0.5714285714285714
34,75,34,0.37362637362637363,51,0.5604395604395604
34,75,35,0.38461538461538464,50,0.5494505494505495
34,75,36,0.3956043956043956,49,0.5384615384615384
34,75,37,0.4065934065934066,48,0.5274725274725275
34,75,38,0.4175824175824176,47,0.5164835164835165
34,75,39,0.42857142857142855,46,0.5054945054945055
34,75,40,0.43956043956043955,45,0.4945054945054945
34,75,41,0.45054945054945056,44,0.4835164835164835
34,75,42,0.46153846153846156,43,0.4725274725274725
34,75,43,0.4725274725274725,43,0.4725274725274725
34,75,44,0.4835164835164835,43,0.4725274725274725
34,75,45,0.4945054945054945,42,0.46153846153846156
34,75,46,0.5054945054945055,41,0.45054945054945056
34,75,47,0.5164835164835165,40,0.43956043956043955
34,75,48,0.5274725274725275,39,0.42857142857142855
34,75,49,0.5384615384615384,38,0.4175824175824176
34,75,50,0.5494505494505495,37,0.4065934065934066
34,75,51,0.5604395604395604,36,0.3956043956043956
34,75,52,0.5714285714285714,35,0.38461538461538464
34,75,53,0.5824175824175825,34,0.37362637362637363
34,75,54,0.5934065934065934,33,0.3626373626373626
34,75,55,0.6043956043956044,32,0.3516483516483517
34,75,56,0.6153846153846154,31,0.34065934065934067
34,75,57,0.6263736263736264,30,0.32967032967032966
34,75,58,0.6373626373626373,29,0.31868131868131866
34,75,59,0.6483516483516484,28,0.3076923076923077
34,75,60,0.6593406593406593,28,0.3076923076923077
34,75,61,0.6703296703296703,27,0.2967032967032967
34,75,62,0.6813186813186813,26,0.2857142857142857
34,75,63,0.6923076923076923,26,0.2857142857142857
34,75,64,0.7032967032967034,25,0.27472527472527475
34,75,65,0.7142857142857143,23,0.25274725274725274
34,75,66,0.7252747252747253,22,0.24175824175824176
34,75,67,0.7362637362637363,21,0.23076923076923078
34,75,68,0.7472527472527473,20,0.21978021978021978
34,75,69,0.7582417582417582,19,0.2087912087912088
34,75,70,0.7692307692307693,18,0.1978021978021978
34,75,71,0.7802197802197802,17,0.18681318681318682
34,75,72,0.7912087912087912,16,0.17582417582417584
34,75,73,0.8021978021978022,15,0.16483516483516483
34,75,74,0.8131868131868132,15,0.16483516483516483
34,75,75,0.8241758241758241,14,0.15384615384615385
34,75,76,0.8351648351648352,13,0.14285714285714285
34,75,77,0.8461538461538461,12,0.13186813186813187
34,75,78,0.8571428571428571,11,0.12087912087912088
34,75,79,0.8681318681318682,11,0.12087912087912088
34,75,80,0.8791208791208791,10,0.10989010989010989
34,75,81,0.8901098901098901,9,0.0989010989010989
34,75,82,0.9010989010989011,8,0.08791208791208792
34,75,83,0.9120879120879121,7,0.07692307692307693
34,75,84,0.9230769230769231,6,0.06593406593406594
34,75,85,0.9340659340659341,4,0.04395604395604396
34,75,86,0.945054945054945,3,0.03296703296703297
34,75,87,0.9560439560439561,2,0.02197802197802198
34,75,88,0.967032967032967,2,0.02197802197802198
34,75,89,0.978021978021978,1,0.01098901098901099
34,75,90,0.989010989010989,1,0.01098901098901099
34,75,91,1.0,0,0.0
35,76,0,0.0,82,0.9010989010989011
35,76,1,0.01098901098901099,81,0.8901098901098901
35,76,2,0.02197802197802198,80,0.8791208791208791
35,76,3,0.03296703296703297,79,0.8681318681318682
35,76,4,0.04395604395604396,78,0.8571428571428571
35,76,5,0.054945054945054944,77,0.8461538461538461
35,76,6,0.06593406593406594,76,0.8351648351648352
35,76,7,0.07692307692307693,76,0.8351648351648352
35,76,8,0.08791208791208792,76,0.8351648351648352
35,76,9,0.0989010989010989,75,0.8241758241758241
35,76,10,0.10989010989010989,74,0.8131868131868132
35,76,11,0.12087912087912088,74,0.8131868131868132
35,76,12,0.13186813186813187,73,0.8021978021978022
35,76,13,0.14285714285714285,72,0.7912087912087912
35,76,14,0.15384615384615385,71,0.7802197802197802
35,76,15,0.16483516483516483,70,0.7692307692307693
35,76,16,0.17582417582417584,69,0.7582417582417582
35,76,17,0.18681318681318682,68,0.7472527472527473
35,76,18,0.1978021978021978,67,0.7362637362637363
35,76,19,0.2087912087912088,66,0.7252747252747253
35,76,20,0.21978021978021978,65,0.7142857142857143
35,76,21,0.23076923076923078,64,0.7032967032967034
35,76,22,0.24175824175824176,63,0.6923076923076923
35,76,23,0.25274725274725274,62,0.6813186813186813
35,76,24,0.26373626373626374,61,0.6703296703296703
35,76,25,0.27472527472527475,60,0.6593406593406593
35,76,26,0.2857142857142857,59,0.6483516483516484
35,76,27,0.2967032967032967,58,0.6373626373626373
35,76,28,0.3076923076923077,57,0.6263736263736264
35,76,29,0.31868131868131866,56,0.6153846153846154
35,76,30,0.32967032967032966,54,0.5934065934065934
35,76,31,0.34065934065934067,53,0.5824175824175825
35,76,32,0.3516483516483517,52,0.5714285714285714
35,76,33,0.3626373626373626,51,0.5604395604395604
35,76,34,0.37362637362637363,50,0.5494505494505495
35,76,35,0.38461538461538464,49,0.5384615384615384
35,76,36,0.3956043956043956,48,0.5274725274725275
35,76,37,0.4065934065934066,47,0.5164835164835165
35,76,38,0.4175824175824176,47,0.5164835164835165
35,76,39,0.42857142857142855,46,0.5054945054945055
35,76,40,0.43956043956043955,45,0.4945054945054945
35,76,41,0.45054945054945056,44,0.4835164835164835
35,76,42,0.46153846153846156,43,0.4725274725274725
35,76,43,0.4725274725274725,42,0.46153846153846156
35,76,44,0.4835164835164835,41,0.45054945054945056
35,76,45,0.4945054945054945,40,0.43956043956043955
35,76,46,0.5054945054945055,39,0.42857142857142855
35,76,47,0.5164835164835165,38,0.4175824175824176
35,76,48,0.5274725274725275,37,0.4065934065934066
35,76,49,0.5384615384615384,36,0.3956043956043956
35,76,50,0.5494505494505495,35,0.38461538461538464
35,76,51,0.5604395604395604,34,0.37362637362637363
35,76,52,0.5714285714285714,33,0.3626373626373626
35,76,53,0.5824175824175825,32,0.3516483516483517
35,76,54,0.5934065934065934,31,0.34065934065934067
35,76,55,0.6043956043956044,30,0.32967032967032966
35,76,56,0.6153846153846154,29,0.31868131868131866
35,76,57,0.6263736263736264,28,0.3076923076923077
35,76,58,0.6373626373626373,27,0.2967032967032967
35,76,59,0.6483516483516484,26,0.2857142857142857
35,76,60,0.6593406593406593,25,0.27472527472527475
35,76,61,0.6703296703296703,23,0.25274725274725274
35,76,62,0.6813186813186813,23,0.25274725274725274
35,76,63,0.6923076923076923,22,0.24175824175824176
35,76,64,0.7032967032967034,21,0.23076923076923078
35,76,65,0.7142857142857143,20,0.21978021978021978
35,76,66,0.7252747252747253,19,0.2087912087912088
35,76,67,0.7362637362637363,18,0.1978021978021978
35,76,68,0.7472527472527473,17,0.18681318681318682
35,76,69,0.7582417582417582,16,0.17582417582417584
35,76,70,0.7692307692307693,15,0.16483516483516483
35,76,71,0.7802197802197802,14,0.15384615384615385
35,76,72,0.7912087912087912,14,0.15384615384615385
35,76,73,0.8021978021978022,13,0.14285714285714285
35,76,74,0.8131868131868132,12,0.13186813186813187
35,76,75,0.8241758241758241,11,0.12087912087912088
35,76,76,0.8351648351648352,10,0.10989010989010989
35,76,77,0.8461538461538461,9,0.0989010989010989
35,76,78,0.8571428571428571,8,0.08791208791208792
35,76,79,0.8681318681318682,7,0.07692307692307693
35,76,80,0.8791208791208791,6,0.06593406593406594
35,76,81,0.8901098901098901,6,0.06593406593406594
35,76,82,0.9010989010989011,5,0.054945054945054944
35,76,83,0.9120879120879121,3,0.03296703296703297
35,76,84,0.9230769230769231,3,0.03296703296703297
35,76,85,0.9340659340659341,3,0.03296703296703297
35,76,86,0.945054945054945,3,0.03296703296703297
35,76,87,0.9560439560439561,2,0.02197802197802198
35,76,88,0.967032967032967,2,0.02197802197802198
35,76,89,0.978021978021978,1,0.01098901098901099
35,76,90,0.989010989010989,1,0.01098901098901099
35,76,91,1.0,0,0.0
36,77,0,0.0,82,0.9010989010989011
36,77,1,0.01098901098901099,81,0.8901098901098901
36,77,2,0.02197802197802198,80,0.8791208791208791
36,77,3,0.03296703296703297,78,0.8571428571428571
36,77,4,0.04395604395604396,77,0.8461538461538461
36,77,5,0.054945054945054944,76,0.8351648351648352
36,77,6,0.06593406593406594,75,0.8241758241758241
36,77,7,0.07692307692307693,74,0.8131868131868132
36,77,8,0.08791208791208792,73,0.8021978021978022
36,77,9,0.0989010989010989,72,0.7912087912087912
36,77,10,0.10989010989010989,71,0.7802197802197802
36,77,11,0.12087912087912088,70,0.7692307692307693
36,77,12,0.13186813186813187,70,0.7692307692307693
36,77,13,0.14285714285714285,70,0.7692307692307693
36,77,14,0.15384615384615385,69,0.7582417582417582
36,77,15,0.16483516483516483,67,0.7362637362637363
36,77,16,0.17582417582417584,66,0.7252747252747253
36,77,17,0.18681318681318682,65,0.7142857142857143
36,77,18,0.1978021978021978,64,0.7032967032967034
36,77,19,0.2087912087912088,64,0.7032967032967034
36,77,20,0.21978021978021978,63,0.6923076923076923
36,77,21,0.23076923076923078,62,0.6813186813186813
36,77,22,0.24175824175824176,61,0.6703296703296703
36,77,23,0.25274725274725274,60,0.6593406593406593
36,77,24,0.26373626373626374,59,0.6483516483516484
36,77,25,0.27472527472527475,58,0.6373626373626373
36,77,26,0.2857142857142857,57,0.6263736263736264
36,77,27,0.2967032967032967,56,0.6153846153846154
36,77,28,0.3076923076923077,55,0.6043956043956044
36,77,29,0.31868131868131866,54,0.5934065934065934
36,77,30,0.32967032967032966,53,0.5824175824175825
36,77,31,0.34065934065934067,52,0.5714285714285714
36,77,32,0.3516483516483517,51,0.5604395604395604
36,77,33,0.3626373626373626,50,0.5494505494505495
36,77,34,0.37362637362637363,49,0.5384615384615384
36,77,35,0.38461538461538464,48,0.5274725274725275
36,77,36,0.3956043956043956,47,0.5164835164835165
36,77,37,0.4065934065934066,46,0.5054945054945055
36,77,38,0.4175824175824176,46,0.5054945054945055
36,77,39,0.42857142857142855,45,0.4945054945054945
36,77,40,0.43956043956043955,44,0.4835164835164835
36,77,41,0.45054945054945056,43,0.4725274725274725
36,77,42,0.46153846153846156,42,0.46153846153846156
36,77,43,0.4725274725274725,42,0.46153846153846156
36,77,44,0.4835164835164835,41,0.45054945054945056
36,77,45,0.4945054945054945,41,0.45054945054945056
36,77,46,0.5054945054945055,40,0.43956043956043955
36,77,47,0.5164835164835165,40,0.43956043956043955
36,77,48,0.5274725274725275,39,0.42857142857142855
36,77,49,0.5384615384615384,38,0.4175824175824176
36,77,50,0.5494505494505495,38,0.4175824175824176
36,77,51,0.5604395604395604,37,0.4065934065934066
36,77,52,0.5714285714285714,36,0.3956043956043956
36,77,53,0.5824175824175825,36,0.3956043956043956
36,77,54,0.5934065934065934,35,0.38461538461538464
36,77,55,0.6043956043956044,34,0.37362637362637363
36,77,56,0.6153846153846154,33,0.3626373626373626
36,77,57,0.6263736263736264,33,0.3626373626373626
36,77,58,0.6373626373626373,32,0.3516483516483517
36,77,59,0.6483516483516484,31,0.34065934065934067
36,77,60,0.6593406593406593,30,0.32967032967032966
36,77,61,0.6703296703296703,29,0.31868131868131866
36,77,62,0.6813186813186813,28,0.3076923076923077
36,77,63,0.6923076923076923,27,0.2967032967032967
36,77,64,0.7032967032967034,26,0.2857142857142857
36,77,65,0.7142857142857143,25,0.27472527472527475
36,77,66,0.7252747252747253,24,0.26373626373626374
36,77,67,0.7362637362637363,23,0.25274725274725274
36,77,68,0.7472527472527473,22,0.24175824175824176
36,77,69,0.7582417582417582,21,0.23076923076923078
36,77,70,0.7692307692307693,20,0.21978021978021978
36,77,71,0.7802197802197802,19,0.2087912087912088
36,77,72,0.7912087912087912,18,0.1978021978021978
36,77,73,0.8021978021978022,17,0.18681318681318682
36,77,74,0.8131868131868132,16,0.17582417582417584
36,77,75,0.8241758241758241,15,0.16483516483516483
36,77,76,0.8351648351648352,14,0.15384615384615385
36,77,77,0.8461538461538461,13,0.14285714285714285
36,77,78,0.8571428571428571,12,0.13186813186813187
36,77,79,0.8681318681318682,11,0.12087912087912088
36,77,80,0.8791208791208791,11,0.12087912087912088
36,77,81,0.8901098901098901,10,0.10989010989010989
36,77,82,0.9010989010989011,9,0.0989010989010989
36,77,83,0.9120879120879121,8,0.08791208791208792
36,77,84,0.9230769230769231,7,0.07692307692307693
36,77,85,0.9340659340659341,6,0.06593406593406594
36,77,86,0.945054945054945,5,0.054945054945054944
36,77,87,0.9560439560439561,4,0.04395604395604396
36,77,88,0.967032967032967,3,0.03296703296703297
36,77,89,0.978021978021978,2,0.02197802197802198
36,77,90,0.989010989010989,1,0.01098901098901099
36,77,91,1.0,0,0.0
37,78,0,0.0,82,0.9010989010989011
37,78,1,0.01098901098901099,81,0.8901098901098901
37,78,2,0.02197802197802198,80,0.8791208791208791
37,78,3,0.03296703296703297,79,0.8681318681318682
37,78,4,0.04395604395604396,78,0.8571428571428571
37,78,5,0.054945054945054944,77,0.8461538461538461
37,78,6,0.06593406593406594,76,0.8351648351648352
37,78,7,0.07692307692307693,75,0.8241758241758241
37,78,8,0.08791208791208792,74,0.8131868131868132
37,78,9,0.0989010989010989,73,0.8021978021978022
37,78,10,0.10989010989010989,72,0.7912087912087912
37,78,11,0.12087912087912088,71,0.7802197802197802
37,78,12,0.13186813186813187,70,0.7692307692307693
37,78,13,0.14285714285714285,69,0.7582417582417582
37,78,14,0.15384615384615385,68,0.7472527472527473
37,78,15,0.16483516483516483,67,0.7362637362637363
37,78,16,0.17582417582417584,66,0.7252747252747253
37,78,17,0.18681318681318682,65,0.7142857142857143
37,78,18,0.1978021978021978,63,0.6923076923076923
37,78,19,0.2087912087912088,63,0.6923076923076923
37,78,20,0.21978021978021978,62,0.6813186813186813
37,78,21,0.23076923076923078,62,0.6813186813186813
37,78,22,0.24175824175824176,61,0.6703296703296703
37,78,23,0.25274725274725274,60,0.6593406593406593
37,78,24,0.26373626373626374,60,0.6593406593406593
37,78,25,0.27472527472527475,59,0.6483516483516484
37,78,26,0.2857142857142857,58,0.6373626373626373
37,78,27,0.2967032967032967,57,0.6263736263736264
37,78,28,0.3076923076923077,56,0.6153846153846154
37,78,29,0.31868131868131866,55,0.6043956043956044
37,78,30,0.32967032967032966,54,0.5934065934065934
37,78,31,0.34065934065934067,53,0.5824175824175825
37,78,32,0.3516483516483517,52,0.5714285714285714
37,78,33,0.3626373626373626,51,0.5604395604395604
37,78,34,0.37362637362637363,50,0.5494505494505495
37,78,35,0.38461538461538464,49,0.5384615384615384
37,78,36,0.3956043956043956,48,0.5274725274725275
37,78,37,0.4065934065934066,47,0.5164835164835165
37,78,38,0.4175824175824176,46,0.5054945054945055
37,78,39,0.42857142857142855,46,0.5054945054945055
37,78,40,0.43956043956043955,46,0.5054945054945055
37,78,41,0.45054945054945056,45,0.4945054945054945
37,78,42,0.46153846153846156,44,0.4835164835164835
37,78,43,0.4725274725274725,43,0.4725274725274725
37,78,44,0.4835164835164835,42,0.46153846153846156
37,78,45,0.4945054945054945,41,0.45054945054945056
37,78,46,0.5054945054945055,40,0.43956043956043955
37,78,47,0.5164835164835165,39,0.42857142857142855
37,78,48,0.5274725274725275,38,0.4175824175824176
37,78,49,0.5384615384615384,37,0.4065934065934066
37,78,50,0.5494505494505495,36,0.3956043956043956
37,78,51,0.5604395604395604,36,0.3956043956043956
37,78,52,0.5714285714285714,35,0.38461538461538464
37,78,53,0.5824175824175825,34,0.37362637362637363
37,78,54,0.5934065934065934,33,0.3626373626373626
37,78,55,0.6043956043956044,33,0.3626373626373626
37,78,56,0.6153846153846154,32,0.3516483516483517
37,78,57,0.6263736263736264,31,0.34065934065934067
37,78,58,0.6373626373626373,30,0.32967032967032966
37,78,59,0.6483516483516484,29,0.31868131868131866
37,78,60,0.6593406593406593,28,0.3076923076923077
37,78,61,0.6703296703296703,27,0.2967032967032967
37,78,62,0.6813186813186813,26,0.2857142857142857
37,78,63,0.6923076923076923,25,0.27472527472527475
37,78,64,0.7032967032967034,24,0.26373626373626374
37,78,65,0.7142857142857143,23,0.25274725274725274
37,78,66,0.7252747252747253,22,0.24175824175824176
37,78,67,0.7362637362637363,21,0.23076923076923078
37,78,68,0.7472527472527473,20,0.21978021978021978
37,78,69,0.7582417582417582,19,0.2087912087912088
37,78,70,0.7692307692307693,18,0.1978021978021978
37,78,71,0.7802197802197802,17,0.18681318681318682
37,78,72,0.7912087912087912,17,0.18681318681318682
37,78,73,0.8021978021978022,16,0.17582417582417584
37,78,74,0.8131868131868132,15,0.16483516483516483
37,78,75,0.8241758241758241,14,0.15384615384615385
37,78,76,0.8351648351648352,13,0.14285714285714285
37,78,77,0.8461538461538461,12,0.13186813186813187
37,78,78,0.8571428571428571,11,0.12087912087912088
37,78,79,0.8681318681318682,10,0.10989010989010989
37,78,80,0.8791208791208791,10,0.10989010989010989
37,78,81,0.8901098901098901,9,0.0989010989010989
37,78,82,0.9010989010989011,8,0.08791208791208792
37,78,83,0.9120879120879121,7,0.07692307692307693
37,78,84,0.9230769230769231,6,0.06593406593406594
37,78,85,0.9340659340659341,4,0.04395604395604396
37,78,86,0.945054945054945,3,0.03296703296703297
37,78,87,0.9560439560439561,3,0.03296703296703297
37,78,88,0.967032967032967,2,0.02197802197802198
37,78,89,0.978021978021978,1,0.01098901098901099
37,78,90,0.989010989010989,1,0.01098901098901099
37,78,91,1.0,0,0.0
38,79,0,0.0,82,0.9010989010989011
38,79,1,0.01098901098901099,81,0.8901098901098901
38,79,2,0.02197802197802198,80,0.8791208791208791
38,79,3,0.03296703296703297,79,0.8681318681318682
38,79,4,0.04395604395604396,79,0.8681318681318682
38,79,5,0.054945054945054944,78,0.8571428571428571
38,79,6,0.06593406593406594,77,0.8461538461538461
38,79,7,0.07692307692307693,76,0.8351648351648352
38,79,8,0.08791208791208792,75,0.8241758241758241
38,79,9,0.0989010989010989,74,0.8131868131868132
38,79,10,0.10989010989010989,74,0.8131868131868132
38,79,11,0.12087912087912088,73,0.8021978021978022
38,79,12,0.13186813186813187,73,0.8021978021978022
38,79,13,0.14285714285714285,72,0.7912087912087912
38,79,14,0.15384615384615385,71,0.7802197802197802
38,79,15,0.16483516483516483,70,0.7692307692307693
38,79,16,0.17582417582417584,70,0.7692307692307693
38,79,17,0.18681318681318682,69,0.7582417582417582
38,79,18,0.1978021978021978,68,0.7472527472527473
38,79,19,0.2087912087912088,67,0.7362637362637363
38,79,20,0.21978021978021978,66,0.7252747252747253
38,79,21,0.23076923076923078,65,0.7142857142857143
38,79,22,0.24175824175824176,64,0.7032967032967034
38,79,23,0.25274725274725274,63,0.6923076923076923
38,79,24,0.26373626373626374,62,0.6813186813186813
38,79,25,0.27472527472527475,60,0.6593406593406593
38,79,26,0.2857142857142857,59,0.6483516483516484
38,79,27,0.2967032967032967,58,0.6373626373626373
38,79,28,0.3076923076923077,57,0.6263736263736264
38,79,29,0.31868131868131866,56,0.6153846153846154
38,79,30,0.32967032967032966,55,0.6043956043956044
38,79,31,0.34065934065934067,54,0.5934065934065934
38,79,32,0.3516483516483517,53,0.5824175824175825
38,79,33,0.3626373626373626,52,0.5714285714285714
38,79,34,0.37362637362637363,51,0.5604395604395604
38,79,35,0.38461538461538464,50,0.5494505494505495
38,79,36,0.3956043956043956,50,0.5494505494505495
38,79,37,0.4065934065934066,49,0.5384615384615384
38,79,38,0.4175824175824176,48,0.5274725274725275
38,79,39,0.42857142857142855,47,0.5164835164835165
38,79,40,0.43956043956043955,46,0.5054945054945055
38,79,41,0.45054945054945056,44,0.4835164835164835
38,79,42,0.46153846153846156,43,0.4725274725274725
38,79,43,0.4725274725274725,42,0.46153846153846156
38,79,44,0.4835164835164835,41,0.45054945054945056
38,79,45,0.4945054945054945,40,0.43956043956043955
38,79,46,0.5054945054945055,39,0.42857142857142855
38,79,47,0.5164835164835165,38,0.4175824175824176
38,79,48,0.5274725274725275,37,0.4065934065934066
38,79,49,0.5384615384615384,36,0.3956043956043956
38,79,50,0.5494505494505495,35,0.38461538461538464
38,79,51,0.5604395604395604,34,0.37362637362637363
38,79,52,0.5714285714285714,34,0.37362637362637363
38,79,53,0.5824175824175825,33,0.3626373626373626
38,79,54,0.5934065934065934,32,0.3516483516483517
38,79,55,0.6043956043956044,31,0.34065934065934067
38,79,56,0.6153846153846154,30,0.32967032967032966
38,79,57,0.6263736263736264,29,0.31868131868131866
38,79,58,0.6373626373626373,29,0.31868131868131866
38,79,59,0.6483516483516484,28,0.3076923076923077
38,79,60,0.6593406593406593,27,0.2967032967032967
38,79,61,0.6703296703296703,27,0.2967032967032967
38,79,62,0.6813186813186813,27,0.2967032967032967
38,79,63,0.6923076923076923,26,0.2857142857142857
38,79,64,0.7032967032967034,25,0.27472527472527475
38,79,65,0.7142857142857143,24,0.26373626373626374
38,79,66,0.7252747252747253,23,0.25274725274725274
38,79,67,0.7362637362637363,22,0.24175824175824176
38,79,68,0.7472527472527473,21,0.23076923076923078
38,79,69,0.7582417582417582,20,0.21978021978021978
38,79,70,0.7692307692307693,19,0.2087912087912088
38,79,71,0.7802197802197802,18,0.1978021978021978
38,79,72,0.7912087912087912,17,0.18681318681318682
38,79,73,0.8021978021978022,16,0.17582417582417584
38,79,74,0.8131868131868132,15,0.16483516483516483
38,79,75,0.8241758241758241,14,0.15384615384615385
38,79,76,0.8351648351648352,13,0.14285714285714285
38,79,77,0.8461538461538461,12,0.13186813186813187
38,79,78,0.8571428571428571,12,0.13186813186813187
38,79,79,0.8681318681318682,11,0.12087912087912088
38,79,80,0.8791208791208791,10,0.10989010989010989
38,79,81,0.8901098901098901,9,0.0989010989010989
38,79,82,0.9010989010989011,8,0.08791208791208792
38,79,83,0.9120879120879121,7,0.07692307692307693
38,79,84,0.9230769230769231,6,0.06593406593406594
38,79,85,0.9340659340659341,4,0.04395604395604396
38,79,86,0.945054945054945,4,0.04395604395604396
38,79,87,0.9560439560439561,3,0.03296703296703297
38,79,88,0.967032967032967,2,0.02197802197802198
38,79,89,0.978021978021978,1,0.01098901098901099
38,79,90,0.989010989010989,1,0.01098901098901099
38,79,91,1.0,0,0.0
39,80,0,0.0,82,0.9010989010989011
39,80,1,0.01098901098901099,81,0.8901098901098901
39,80,2,0.02197802197802198,80,0.8791208791208791
39,80,3,0.03296703296703297,79,0.8681318681318682
39,80,4,0.04395604395604396,78,0.8571428571428571
39,80,5,0.054945054945054944,77,0.8461538461538461
39,80,6,0.06593406593406594,75,0.8241758241758241
39,80,7,0.07692307692307693,74,0.8131868131868132
39,80,8,0.08791208791208792,73,0.8021978021978022
39,80,9,0.0989010989010989,72,0.7912087912087912
39,80,10,0.10989010989010989,71,0.7802197802197802
39,80,11,0.12087912087912088,70,0.7692307692307693
39,80,12,0.13186813186813187,69,0.7582417582417582
39,80,13,0.14285714285714285,69,0.7582417582417582
39,80,14,0.15384615384615385,69,0.7582417582417582
39,80,15,0.16483516483516483,68,0.7472527472527473
39,80,16,0.17582417582417584,67,0.7362637362637363
39,80,17,0.18681318681318682,66,0.7252747252747253
39,80,18,0.1978021978021978,65,0.7142857142857143
39,80,19,0.2087912087912088,65,0.7142857142857143
39,80,20,0.21978021978021978,64,0.7032967032967034
39,80,21,0.23076923076923078,63,0.6923076923076923
39,80,22,0.24175824175824176,62,0.6813186813186813
39,80,23,0.25274725274725274,61,0.6703296703296703
39,80,24,0.26373626373626374,60,0.6593406593406593
39,80,25,0.27472527472527475,59,0.6483516483516484
39,80,26,0.2857142857142857,58,0.6373626373626373
39,80,27,0.2967032967032967,57,0.6263736263736264
39,80,28,0.3076923076923077,56,0.6153846153846154
39,80,29,0.31868131868131866,55,0.6043956043956044
39,80,30,0.32967032967032966,54,0.5934065934065934
39,80,31,0.34065934065934067,53,0.5824175824175825
39,80,32,0.3516483516483517,52,0.5714285714285714
39,80,33,0.3626373626373626,51,0.5604395604395604
39,80,34,0.37362637362637363,51,0.5604395604395604
39,80,35,0.38461538461538464,50,0.5494505494505495
39,80,36,0.3956043956043956,49,0.5384615384615384
39,80,37,0.4065934065934066,49,0.5384615384615384
39,80,38,0.4175824175824176,48,0.5274725274725275
39,80,39,0.42857142857142855,47,0.5164835164835165
39,80,40,0.43956043956043955,46,0.5054945054945055
39,80,41,0.45054945054945056,45,0.4945054945054945
39,80,42,0.46153846153846156,44,0.4835164835164835
39,80,43,0.4725274725274725,43,0.4725274725274725
39,80,44,0.4835164835164835,42,0.46153846153846156
39,80,45,0.4945054945054945,41,0.45054945054945056
39,80,46,0.5054945054945055,40,0.43956043956043955
39,80,47,0.5164835164835165,39,0.42857142857142855
39,80,48,0.5274725274725275,38,0.4175824175824176
39,80,49,0.5384615384615384,37,0.4065934065934066
39,80,50,0.5494505494505495,36,0.3956043956043956
39,80,51,0.5604395604395604,35,0.38461538461538464
39,80,52,0.5714285714285714,34,0.37362637362637363
39,80,53,0.5824175824175825,33,0.3626373626373626
39,80,54,0.5934065934065934,32,0.3516483516483517
39,80,55,0.6043956043956044,31,0.34065934065934067
39,80,56,0.6153846153846154,29,0.31868131868131866
39,80,57,0.6263736263736264,28,0.3076923076923077
39,80,58,0.6373626373626373,26,0.2857142857142857
39,80,59,0.6483516483516484,25,0.27472527472527475
39,80,60,0.6593406593406593,24,0.26373626373626374
39,80,61,0.6703296703296703,23,0.25274725274725274
39,80,62,0.6813186813186813,23,0.25274725274725274
39,80,63,0.6923076923076923,22,0.24175824175824176
39,80,64,0.7032967032967034,21,0.23076923076923078
39,80,65,0.7142857142857143,21,0.23076923076923078
39,80,66,0.7252747252747253,20,0.21978021978021978
39,80,67,0.7362637362637363,20,0.21978021978021978
39,80,68,0.7472527472527473,19,0.2087912087912088
39,80,69,0.7582417582417582,18,0.1978021978021978
39,80,70,0.7692307692307693,17,0.18681318681318682
39,80,71,0.7802197802197802,16,0.17582417582417584
39,80,72,0.7912087912087912,16,0.17582417582417584
39,80,73,0.8021978021978022,15,0.16483516483516483
39,80,74,0.8131868131868132,14,0.15384615384615385
39,80,75,0.8241758241758241,14,0.15384615384615385
39,80,76,0.8351648351648352,13,0.14285714285714285
39,80,77,0.8461538461538461,12,0.13186813186813187
39,80,78,0.8571428571428571,11,0.12087912087912088
39,80,79,0.8681318681318682,10,0.10989010989010989
39,80,80,0.8791208791208791,9,0.0989010989010989
39,80,81,0.8901098901098901,9,0.0989010989010989
39,80,82,0.9010989010989011,8,0.08791208791208792
39,80,83,0.9120879120879121,7,0.07692307692307693
39,80,84,0.9230769230769231,6,0.06593406593406594
39,80,85,0.9340659340659341,5,0.054945054945054944
39,80,86,0.945054945054945,4,0.04395604395604396
39,80,87,0.9560439560439561,3,0.03296703296703297
39,80,88,0.967032967032967,2,0.02197802197802198
39,80,89,0.978021978021978,1,0.01098901098901099
39,80,90,0.989010989010989,1,0.01098901098901099
39,80,91,1.0,0,0.0
40,81,0,0.0,82,0.9010989010989011
40,81,1,0.01098901098901099,81,0.8901098901098901
40,81,2,0.02197802197802198,80,0.8791208791208791
40,81,3,0.03296703296703297,79,0.8681318681318682
40,81,4,0.04395604395604396,79,0.8681318681318682
40,81,5,0.054945054945054944,78,0.8571428571428571
40,81,6,0.06593406593406594,77,0.8461538461538461
40,81,7,0.07692307692307693,76,0.8351648351648352
40,81,8,0.08791208791208792,74,0.8131868131868132
40,81,9,0.0989010989010989,73,0.8021978021978022
40,81,10,0.10989010989010989,72,0.7912087912087912
40,81,11,0.12087912087912088,71,0.7802197802197802
40,81,12,0.13186813186813187,70,0.7692307692307693
40,81,13,0.14285714285714285,69,0.7582417582417582
40,81,14,0.15384615384615385,68,0.7472527472527473
40,81,15,0.16483516483516483,67,0.7362637362637363
40,81,16,0.17582417582417584,66,0.7252747252747253
40,81,17,0.18681318681318682,65,0.7142857142857143
40,81,18,0.1978021978021978,65,0.7142857142857143
40,81,19,0.2087912087912088,64,0.7032967032967034
40,81,20,0.21978021978021978,63,0.6923076923076923
40,81,21,0.23076923076923078,62,0.6813186813186813
40,81,22,0.24175824175824176,61,0.6703296703296703
40,81,23,0.25274725274725274,60,0.6593406593406593
40,81,24,0.26373626373626374,60,0.6593406593406593
40,81,25,0.27472527472527475,59,0.6483516483516484
40,81,26,0.2857142857142857,58,0.6373626373626373
40,81,27,0.2967032967032967,57,0.6263736263736264
40,81,28,0.3076923076923077,56,0.6153846153846154
40,81,29,0.31868131868131866,55,0.6043956043956044
40,81,30,0.32967032967032966,54,0.5934065934065934
40,81,31,0.34065934065934067,53,0.5824175824175825
40,81,32,0.3516483516483517,53,0.5824175824175825
40,81,33,0.3626373626373626,53,0.5824175824175825
40,81,34,0.37362637362637363,53,0.5824175824175825
40,81,35,0.38461538461538464,53,0.5824175824175825
40,81,36,0.3956043956043956,52,0.5714285714285714
40,81,37,0.4065934065934066,51,0.5604395604395604
40,81,38,0.4175824175824176,50,0.5494505494505495
40,81,39,0.42857142857142855,49,0.5384615384615384
40,81,40,0.43956043956043955,48,0.5274725274725275
40,81,41,0.45054945054945056,47,0.5164835164835165
40,81,42,0.46153846153846156,46,0.5054945054945055
40,81,43,0.4725274725274725,45,0.4945054945054945
40,81,44,0.4835164835164835,44,0.4835164835164835
40,81,45,0.4945054945054945,43,0.4725274725274725
40,81,46,0.5054945054945055,42,0.46153846153846156
40,81,47,0.5164835164835165,41,0.45054945054945056
40,81,48,0.5274725274725275,40,0.43956043956043955
40,81,49,0.5384615384615384,39,0.42857142857142855
40,81,50,0.5494505494505495,38,0.4175824175824176
40,81,51,0.5604395604395604,37,0.4065934065934066
40,81,52,0.5714285714285714,36,0.3956043956043956
40,81,53,0.5824175824175825,35,0.38461538461538464
40,81,54,0.5934065934065934,34,0.37362637362637363
40,81,55,0.6043956043956044,34,0.37362637362637363
40,81,56,0.6153846153846154,33,0.3626373626373626
40,81,57,0.6263736263736264,32,0.3516483516483517
40,81,58,0.6373626373626373,31,0.34065934065934067
40,81,59,0.6483516483516484,30,0.32967032967032966
40,81,60,0.6593406593406593,29,0.31868131868131866
40,81,61,0.6703296703296703,28,0.3076923076923077
40,81,62,0.6813186813186813,27,0.2967032967032967
40,81,63,0.6923076923076923,26,0.2857142857142857
40,81,64,0.7032967032967034,25,0.27472527472527475
40,81,65,0.7142857142857143,24,0.26373626373626374
40,81,66,0.7252747252747253,23,0.25274725274725274
40,81,67,0.7362637362637363,23,0.25274725274725274
40,81,68,0.7472527472527473,22,0.24175824175824176
40,81,69,0.7582417582417582,21,0.23076923076923078
40,81,70,0.7692307692307693,20,0.21978021978021978
40,81,71,0.7802197802197802,19,0.2087912087912088
40,81,72,0.7912087912087912,18,0.1978021978021978
40,81,73,0.8021978021978022,17,0.18681318681318682
40,81,74,0.8131868131868132,16,0.17582417582417584
40,81,75,0.8241758241758241,15,0.16483516483516483
40,81,76,0.8351648351648352,14,0.15384615384615385
40,81,77,0.8461538461538461,13,0.14285714285714285
40,81,78,0.8571428571428571,12,0.13186813186813187
40,81,79,0.8681318681318682,10,0.10989010989010989
40,81,80,0.8791208791208791,10,0.10989010989010989
40,81,81,0.8901098901098901,9,0.0989010989010989
40,81,82,0.9010989010989011,9,0.0989010989010989
40,81,83,0.9120879120879121,8,0.08791208791208792
40,81,84,0.9230769230769231,7,0.07692307692307693
40,81,85,0.9340659340659341,6,0.06593406593406594
40,81,86,0.945054945054945,5,0.054945054945054944
40,81,87,0.9560439560439561,4,0.04395604395604396
40,81,88,0.967032967032967,3,0.03296703296703297
40,81,89,0.978021978021978,1,0.01098901098901099
40,81,90,0.989010989010989,1,0.01098901098901099
40,81,91,1.0,0,0.0
41,82,0,0.0,82,0.9010989010989011
41,82,1,0.01098901098901099,81,0.8901098901098901
41,82,2,0.02197802197802198,80,0.8791208791208791
41,82,3,0.03296703296703297,80,0.8791208791208791
41,82,4,0.04395604395604396,79,0.8681318681318682
41,82,5,0.054945054945054944,78,0.8571428571428571
41,82,6,0.06593406593406594,77,0.8461538461538461
41,82,7,0.07692307692307693,76,0.8351648351648352
41,82,8,0.08791208791208792,75,0.8241758241758241
41,82,9,0.0989010989010989,74,0.8131868131868132
41,82,10,0.10989010989010989,73,0.8021978021978022
41,82,11,0.12087912087912088,72,0.7912087912087912
41,82,12,0.13186813186813187,71,0.7802197802197802
41,82,13,0.14285714285714285,70,0.7692307692307693
41,82,14,0.15384615384615385,69,0.7582417582417582
41,82,15,0.16483516483516483,68,0.7472527472527473
41,82,16,0.17582417582417584,67,0.7362637362637363
41,82,17,0.18681318681318682,66,0.7252747252747253
41,82,18,0.1978021978021978,65,0.7142857142857143
41,82,19,0.2087912087912088,64,0.7032967032967034
41,82,20,0.21978021978021978,63,0.6923076923076923
41,82,21,0.23076923076923078,62,0.6813186813186813
41,82,22,0.24175824175824176,61,0.6703296703296703
41,82,23,0.25274725274725274,60,0.6593406593406593
41,82,24,0.26373626373626374,59,0.6483516483516484
41,82,25,0.27472527472527475,58,0.6373626373626373
41,82,26,0.2857142857142857,57,0.6263736263736264
41,82,27,0.2967032967032967,56,0.6153846153846154
41,82,28,0.3076923076923077,55,0.6043956043956044
41,82,29,0.31868131868131866,54,0.5934065934065934
41,82,30,0.32967032967032966,53,0.5824175824175825
41,82,31,0.34065934065934067,52,0.5714285714285714
41,82,32,0.3516483516483517,51,0.5604395604395604
41,82,33,0.3626373626373626,51,0.5604395604395604
41,82,34,0.37362637362637363,50,0.5494505494505495
41,82,35,0.38461538461538464,49,0.5384615384615384
41,82,36,0.3956043956043956,49,0.5384615384615384
41,82,37,0.4065934065934066,48,0.5274725274725275
41,82,38,0.4175824175824176,47,0.5164835164835165
41,82,39,0.42857142857142855,46,0.5054945054945055
41,82,40,0.43956043956043955,45,0.4945054945054945
41,82,41,0.45054945054945056,44,0.4835164835164835
41,82,42,0.46153846153846156,44,0.4835164835164835
41,82,43,0.4725274725274725,43,0.4725274725274725
41,82,44,0.4835164835164835,42,0.46153846153846156
41,82,45,0.4945054945054945,41,0.45054945054945056
41,82,46,0.5054945054945055,40,0.43956043956043955
41,82,47,0.5164835164835165,39,0.42857142857142855
41,82,48,0.5274725274725275,38,0.4175824175824176
41,82,49,0.5384615384615384,38,0.4175824175824176
41,82,50,0.5494505494505495,37,0.4065934065934066
41,82,51,0.5604395604395604,36,0.3956043956043956
41,82,52,0.5714285714285714,35,0.38461538461538464
41,82,53,0.5824175824175825,34,0.37362637362637363
41,82,54,0.5934065934065934,33,0.3626373626373626
41,82,55,0.6043956043956044,32,0.3516483516483517
41,82,56,0.6153846153846154,31,0.34065934065934067
41,82,57,0.6263736263736264,30,0.32967032967032966
41,82,58,0.6373626373626373,29,0.31868131868131866
41,82,59,0.6483516483516484,28,0.3076923076923077
41,82,60,0.6593406593406593,27,0.2967032967032967
41,82,61,0.6703296703296703,26,0.2857142857142857
41,82,62,0.6813186813186813,25,0.27472527472527475
41,82,63,0.6923076923076923,24,0.26373626373626374
41,82,64,0.7032967032967034,23,0.25274725274725274
41,82,65,0.7142857142857143,23,0.25274725274725274
41,82,66,0.7252747252747253,22,0.24175824175824176
41,82,67,0.7362637362637363,21,0.23076923076923078
41,82,68,0.7472527472527473,20,0.21978021978021978
41,82,69,0.7582417582417582,19,0.2087912087912088
41,82,70,0.7692307692307693,18,0.1978021978021978
41,82,71,0.7802197802197802,17,0.18681318681318682
41,82,72,0.7912087912087912,16,0.17582417582417584
41,82,73,0.8021978021978022,15,0.16483516483516483
41,82,74,0.8131868131868132,14,0.15384615384615385
41,82,75,0.8241758241758241,13,0.14285714285714285
41,82,76,0.8351648351648352,12,0.13186813186813187
41,82,77,0.8461538461538461,11,0.12087912087912088
41,82,78,0.8571428571428571,10,0.10989010989010989
41,82,79,0.8681318681318682,10,0.10989010989010989
41,82,80,0.8791208791208791,10,0.10989010989010989
41,82,81,0.8901098901098901,9,0.0989010989010989
41,82,82,0.9010989010989011,8,0.08791208791208792
41,82,83,0.9120879120879121,7,0.07692307692307693
41,82,84,0.9230769230769231,6,0.06593406593406594
41,82,85,0.9340659340659341,5,0.054945054945054944
41,82,86,0.945054945054945,4,0.04395604395604396
41,82,87,0.9560439560439561,3,0.03296703296703297
41,82,88,0.967032967032967,2,0.02197802197802198
41,82,89,0.978021978021978,1,0.01098901098901099
41,82,90,0.989010989010989,1,0.01098901098901099
41,82,91,1.0,0,0.0
42,83,0,0.0,82,0.9010989010989011
42,83,1,0.01098901098901099,82,0.9010989010989011
42,83,2,0.02197802197802198,81,0.8901098901098901
42,83,3,0.03296703296703297,80,0.8791208791208791
42,83,4,0.04395604395604396,79,0.8681318681318682
42,83,5,0.054945054945054944,78,0.8571428571428571
42,83,6,0.06593406593406594,77,0.8461538461538461
42,83,7,0.07692307692307693,76,0.8351648351648352
42,83,8,0.08791208791208792,75,0.8241758241758241
42,83,9,0.0989010989010989,74,0.8131868131868132
42,83,10,0.10989010989010989,73,0.8021978021978022
42,83,11,0.12087912087912088,72,0.7912087912087912
42,83,12,0.13186813186813187,71,0.7802197802197802
42,83,13,0.14285714285714285,70,0.7692307692307693
42,83,14,0.15384615384615385,69,0.7582417582417582
42,83,15,0.16483516483516483,68,0.7472527472527473
42,83,16,0.17582417582417584,67,0.7362637362637363
42,83,17,0.18681318681318682,66,0.7252747252747253
42,83,18,0.1978021978021978,65,0.7142857142857143
42,83,19,0.2087912087912088,64,0.7032967032967034
42,83,20,0.21978021978021978,64,0.7032967032967034
42,83,21,0.23076923076923078,63,0.6923076923076923
42,83,22,0.24175824175824176,62,0.6813186813186813
42,83,23,0.25274725274725274,61,0.6703296703296703
42,83,24,0.26373626373626374,60,0.6593406593406593
42,83,25,0.27472527472527475,59,0.6483516483516484
42,83,26,0.2857142857142857,58,0.6373626373626373
42,83,27,0.2967032967032967,57,0.6263736263736264
42,83,28,0.3076923076923077,57,0.6263736263736264
42,83,29,0.31868131868131866,56,0.6153846153846154
42,83,30,0.32967032967032966,55,0.6043956043956044
42,83,31,0.34065934065934067,54,0.5934065934065934
42,83,32,0.3516483516483517,53,0.5824175824175825
42,83,33,0.3626373626373626,52,0.5714285714285714
42,83,34,0.37362637362637363,51,0.5604395604395604
42,83,35,0.38461538461538464,51,0.5604395604395604
42,83,36,0.3956043956043956,50,0.5494505494505495
42,83,37,0.4065934065934066,49,0.5384615384615384
42,83,38,0.4175824175824176,49,0.5384615384615384
42,83,39,0.42857142857142855,49,0.5384615384615384
42,83,40,0.43956043956043955,48,0.5274725274725275
42,83,41,0.45054945054945056,47,0.5164835164835165
42,83,42,0.46153846153846156,46,0.5054945054945055
42,83,43,0.4725274725274725,45,0.4945054945054945
42,83,44,0.4835164835164835,44,0.4835164835164835
42,83,45,0.4945054945054945,43,0.4725274725274725
42,83,46,0.5054945054945055,42,0.46153846153846156
42,83,47,0.5164835164835165,41,0.45054945054945056
42,83,48,0.5274725274725275,40,0.43956043956043955
42,83,49,0.5384615384615384,39,0.42857142857142855
42,83,50,0.5494505494505495,38,0.4175824175824176
42,83,51,0.5604395604395604,37,0.4065934065934066
42,83,52,0.5714285714285714,36,0.3956043956043956
42,83,53,0.5824175824175825,35,0.38461538461538464
42,83,54,0.5934065934065934,34,0.37362637362637363
42,83,55,0.6043956043956044,33,0.3626373626373626
42,83,56,0.6153846153846154,33,0.3626373626373626
42,83,57,0.6263736263736264,32,0.3516483516483517
42,83,58,0.6373626373626373,31,0.34065934065934067
42,83,59,0.6483516483516484,30,0.32967032967032966
42,83,60,0.6593406593406593,29,0.31868131868131866
42,83,61,0.6703296703296703,28,0.3076923076923077
42,83,62,0.6813186813186813,27,0.2967032967032967
42,83,63,0.6923076923076923,26,0.2857142857142857
42,83,64,0.7032967032967034,25,0.27472527472527475
42,83,65,0.7142857142857143,24,0.26373626373626374
42,83,66,0.7252747252747253,23,0.25274725274725274
42,83,67,0.7362637362637363,22,0.24175824175824176
42,83,68,0.7472527472527473,21,0.23076923076923078
42,83,69,0.7582417582417582,20,0.21978021978021978
42,83,70,0.7692307692307693,19,0.2087912087912088
42,83,71,0.7802197802197802,19,0.2087912087912088
42,83,72,0.7912087912087912,18,0.1978021978021978
42,83,73,0.8021978021978022,17,0.18681318681318682
42,83,74,0.8131868131868132,16,0.17582417582417584
42,83,75,0.8241758241758241,15,0.16483516483516483
42,83,76,0.8351648351648352,14,0.15384615384615385
42,83,77,0.8461538461538461,13,0.14285714285714285
42,83,78,0.8571428571428571,12,0.13186813186813187
42,83,79,0.8681318681318682,11,0.12087912087912088
42,83,80,0.8791208791208791,10,0.10989010989010989
42,83,81,0.8901098901098901,10,0.10989010989010989
42,83,82,0.9010989010989011,9,0.0989010989010989
42,83,83,0.9120879120879121,8,0.08791208791208792
42,83,84,0.9230769230769231,7,0.07692307692307693
42,83,85,0.9340659340659341,6,0.06593406593406594
42,83,86,0.945054945054945,3,0.03296703296703297
42,83,87,0.9560439560439561,2,0.02197802197802198
42,83,88,0.967032967032967,2,0.02197802197802198
42,83,89,0.978021978021978,2,0.02197802197802198
42,83,90,0.989010989010989,1,0.01098901098901099
42,83,91,1.0,0,0.0
43,84,0,0.0,82,0.9010989010989011
43,84,1,0.01098901098901099,81,0.8901098901098901
43,84,2,0.02197802197802198,80,0.8791208791208791
43,84,3,0.03296703296703297,79,0.8681318681318682
43,84,4,0.04395604395604396,78,0.8571428571428571
43,84,5,0.054945054945054944,77,0.8461538461538461
43,84,6,0.06593406593406594,76,0.8351648351648352
43,84,7,0.07692307692307693,75,0.8241758241758241
43,84,8,0.08791208791208792,74,0.8131868131868132
43,84,9,0.0989010989010989,73,0.8021978021978022
43,84,10,0.10989010989010989,72,0.7912087912087912
43,84,11,0.12087912087912088,72,0.7912087912087912
43,84,12,0.13186813186813187,71,0.7802197802197802
43,84,13,0.14285714285714285,70,0.7692307692307693
43,84,14,0.15384615384615385,70,0.7692307692307693
43,84,15,0.16483516483516483,69,0.7582417582417582
43,84,16,0.17582417582417584,68,0.7472527472527473
43,84,17,0.18681318681318682,67,0.7362637362637363
43,84,18,0.1978021978021978,66,0.7252747252747253
43,84,19,0.2087912087912088,65,0.7142857142857143
43,84,20,0.21978021978021978,64,0.7032967032967034
43,84,21,0.23076923076923078,63,0.6923076923076923
43,84,22,0.24175824175824176,62,0.6813186813186813
43,84,23,0.25274725274725274,61,0.6703296703296703
43,84,24,0.26373626373626374,60,0.6593406593406593
43,84,25,0.27472527472527475,59,0.6483516483516484
43,84,26,0.2857142857142857,58,0.6373626373626373
43,84,27,0.2967032967032967,57,0.6263736263736264
43,84,28,0.3076923076923077,56,0.6153846153846154
43,84,29,0.31868131868131866,56,0.6153846153846154
43,84,30,0.32967032967032966,55,0.6043956043956044
43,84,31,0.34065934065934067,55,0.6043956043956044
43,84,32,0.3516483516483517,54,0.5934065934065934
43,84,33,0.3626373626373626,53,0.5824175824175825
43,84,34,0.37362637362637363,52,0.5714285714285714
43,84,35,0.38461538461538464,51,0.5604395604395604
43,84,36,0.3956043956043956,50,0.5494505494505495
43,84,37,0.4065934065934066,50,0.5494505494505495
43,84,38,0.4175824175824176,49,0.5384615384615384
43,84,39,0.42857142857142855,48,0.5274725274725275
43,84,40,0.43956043956043955,47,0.5164835164835165
43,84,41,0.45054945054945056,46,0.5054945054945055
43,84,42,0.46153846153846156,45,0.4945054945054945
43,84,43,0.4725274725274725,44,0.4835164835164835
43,84,44,0.4835164835164835,43,0.4725274725274725
43,84,45,0.4945054945054945,42,0.46153846153846156
43,84,46,0.5054945054945055,41,0.45054945054945056
43,84,47,0.5164835164835165,40,0.43956043956043955
43,84,48,0.5274725274725275,39,0.42857142857142855
43,84,49,0.5384615384615384,38,0.4175824175824176
43,84,50,0.5494505494505495,37,0.4065934065934066
43,84,51,0.5604395604395604,36,0.3956043956043956
43,84,52,0.5714285714285714,35,0.38461538461538464
43,84,53,0.5824175824175825,34,0.37362637362637363
43,84,54,0.5934065934065934,32,0.3516483516483517
43,84,55,0.6043956043956044,31,0.34065934065934067
43,84,56,0.6153846153846154,30,0.32967032967032966
43,84,57,0.6263736263736264,29,0.31868131868131866
43,84,58,0.6373626373626373,28,0.3076923076923077
43,84,59,0.6483516483516484,27,0.2967032967032967
43,84,60,0.6593406593406593,27,0.2967032967032967
43,84,61,0.6703296703296703,26,0.2857142857142857
43,84,62,0.6813186813186813,26,0.2857142857142857
43,84,63,0.6923076923076923,25,0.27472527472527475
43,84,64,0.7032967032967034,25,0.27472527472527475
43,84,65,0.7142857142857143,24,0.26373626373626374
43,84,66,0.7252747252747253,23,0.25274725274725274
43,84,67,0.7362637362637363,21,0.23076923076923078
43,84,68,0.7472527472527473,20,0.21978021978021978
43,84,69,0.7582417582417582,19,0.2087912087912088
43,84,70,0.7692307692307693,18,0.1978021978021978
43,84,71,0.7802197802197802,17,0.18681318681318682
43,84,72,0.7912087912087912,16,0.17582417582417584
43,84,73,0.8021978021978022,15,0.16483516483516483
43,84,74,0.8131868131868132,14,0.15384615384615385
43,84,75,0.8241758241758241,13,0.14285714285714285
43,84,76,0.8351648351648352,13,0.14285714285714285
43,84,77,0.8461538461538461,13,0.14285714285714285
43,84,78,0.8571428571428571,12,0.13186813186813187
43,84,79,0.8681318681318682,11,0.12087912087912088
43,84,80,0.8791208791208791,10,0.10989010989010989
43,84,81,0.8901098901098901,9,0.0989010989010989
43,84,82,0.9010989010989011,8,0.08791208791208792
43,84,83,0.9120879120879121,7,0.07692307692307693
43,84,84,0.9230769230769231,6,0.06593406593406594
43,84,85,0.9340659340659341,5,0.054945054945054944
43,84,86,0.945054945054945,4,0.04395604395604396
43,84,87,0.9560439560439561,3,0.03296703296703297
43,84,88,0.967032967032967,2,0.02197802197802198
43,84,89,0.978021978021978,2,0.02197802197802198
43,84,90,0.989010989010989,1,0.01098901098901099
43,84,91,1.0,0,0.0
44,85,0,0.0,82,0.9010989010989011
44,85,1,0.01098901098901099,81,0.8901098901098901
44,85,2,0.02197802197802198,80,0.8791208791208791
44,85,3,0.03296703296703297,79,0.8681318681318682
44,85,4,0.04395604395604396,78,0.8571428571428571
44,85,5,0.054945054945054944,77,0.8461538461538461
44,85,6,0.06593406593406594,76,0.8351648351648352
44,85,7,0.07692307692307693,75,0.8241758241758241
44,85,8,0.08791208791208792,74,0.8131868131868132
44,85,9,0.0989010989010989,73,0.8021978021978022
44,85,10,0.10989010989010989,72,0.7912087912087912
44,85,11,0.12087912087912088,71,0.7802197802197802
44,85,12,0.13186813186813187,70,0.7692307692307693
44,85,13,0.14285714285714285,69,0.7582417582417582
44,85,14,0.15384615384615385,68,0.7472527472527473
44,85,15,0.16483516483516483,67,0.7362637362637363
44,85,16,0.17582417582417584,66,0.7252747252747253
44,85,17,0.18681318681318682,65,0.7142857142857143
44,85,18,0.1978021978021978,64,0.7032967032967034
44,85,19,0.2087912087912088,63,0.6923076923076923
44,85,20,0.21978021978021978,62,0.6813186813186813
44,85,21,0.23076923076923078,61,0.6703296703296703
44,85,22,0.24175824175824176,60,0.6593406593406593
44,85,23,0.25274725274725274,60,0.6593406593406593
44,85,24,0.26373626373626374,59,0.6483516483516484
44,85,25,0.27472527472527475,58,0.6373626373626373
44,85,26,0.2857142857142857,57,0.6263736263736264
44,85,27,0.2967032967032967,57,0.6263736263736264
44,85,28,0.3076923076923077,56,0.6153846153846154
44,85,29,0.31868131868131866,55,0.6043956043956044
44,85,30,0.32967032967032966,54,0.5934065934065934
44,85,31,0.34065934065934067,53,0.5824175824175825
44,85,32,0.3516483516483517,52,0.5714285714285714
44,85,33,0.3626373626373626,51,0.5604395604395604
44,85,34,0.37362637362637363,50,0.5494505494505495
44,85,35,0.38461538461538464,49,0.5384615384615384
44,85,36,0.3956043956043956,48,0.5274725274725275
44,85,37,0.4065934065934066,48,0.5274725274725275
44,85,38,0.4175824175824176,47,0.5164835164835165
44,85,39,0.42857142857142855,46,0.5054945054945055
44,85,40,0.43956043956043955,45,0.4945054945054945
44,85,41,0.45054945054945056,44,0.4835164835164835
44,85,42,0.46153846153846156,44,0.4835164835164835
44,85,43,0.4725274725274725,43,0.4725274725274725
44,85,44,0.4835164835164835,41,0.45054945054945056
44,85,45,0.4945054945054945,40,0.43956043956043955
44,85,46,0.5054945054945055,38,0.4175824175824176
44,85,47,0.5164835164835165,37,0.4065934065934066
44,85,48,0.5274725274725275,36,0.3956043956043956
44,85,49,0.5384615384615384,35,0.38461538461538464
44,85,50,0.5494505494505495,34,0.37362637362637363
44,85,51,0.5604395604395604,33,0.3626373626373626
44,85,52,0.5714285714285714,32,0.3516483516483517
44,85,53,0.5824175824175825,31,0.34065934065934067
44,85,54,0.5934065934065934,30,0.32967032967032966
44,85,55,0.6043956043956044,30,0.32967032967032966
44,85,56,0.6153846153846154,29,0.31868131868131866
44,85,57,0.6263736263736264,28,0.3076923076923077
44,85,58,0.6373626373626373,27,0.2967032967032967
44,85,59,0.6483516483516484,27,0.2967032967032967
44,85,60,0.6593406593406593,25,0.27472527472527475
44,85,61,0.6703296703296703,24,0.26373626373626374
44,85,62,0.6813186813186813,23,0.25274725274725274
44,85,63,0.6923076923076923,22,0.24175824175824176
44,85,64,0.7032967032967034,21,0.23076923076923078
44,85,65,0.7142857142857143,20,0.21978021978021978
44,85,66,0.7252747252747253,19,0.2087912087912088
44,85,67,0.7362637362637363,18,0.1978021978021978
44,85,68,0.7472527472527473,17,0.18681318681318682
44,85,69,0.7582417582417582,17,0.18681318681318682
44,85,70,0.7692307692307693,16,0.17582417582417584
44,85,71,0.7802197802197802,15,0.16483516483516483
44,85,72,0.7912087912087912,14,0.15384615384615385
44,85,73,0.8021978021978022,13,0.14285714285714285
44,85,74,0.8131868131868132,12,0.13186813186813187
44,85,75,0.8241758241758241,11,0.12087912087912088
44,85,76,0.8351648351648352,10,0.10989010989010989
44,85,77,0.8461538461538461,9,0.0989010989010989
44,85,78,0.8571428571428571,9,0.0989010989010989
44,85,79,0.8681318681318682,8,0.08791208791208792
44,85,80,0.8791208791208791,7,0.07692307692307693
44,85,81,0.8901098901098901,6,0.06593406593406594
44,85,82,0.9010989010989011,5,0.054945054945054944
44,85,83,0.9120879120879121,5,0.054945054945054944
44,85,84,0.9230769230769231,4,0.04395604395604396
44,85,85,0.9340659340659341,3,0.03296703296703297
44,85,86,0.945054945054945,2,0.02197802197802198
44,85,87,0.9560439560439561,2,0.02197802197802198
44,85,88,0.967032967032967,1,0.01098901098901099
44,85,89,0.978021978021978,1,0.01098901098901099
44,85,90,0.989010989010989,1,0.01098901098901099
44,85,91,1.0,0,0.0
45,86,0,0.0,82,0.9010989010989011
45,86,1,0.01098901098901099,80,0.8791208791208791
45,86,2,0.02197802197802198,80,0.8791208791208791
45,86,3,0.03296703296703297,79,0.8681318681318682
45,86,4,0.04395604395604396,78,0.8571428571428571
45,86,5,0.054945054945054944,77,0.8461538461538461
45,86,6,0.06593406593406594,76,0.8351648351648352
45,86,7,0.07692307692307693,75,0.8241758241758241
45,86,8,0.08791208791208792,74,0.8131868131868132
45,86,9,0.0989010989010989,73,0.8021978021978022
45,86,10,0.10989010989010989,72,0.7912087912087912
45,86,11,0.12087912087912088,71,0.7802197802197802
45,86,12,0.13186813186813187,70,0.7692307692307693
45,86,13,0.14285714285714285,69,0.7582417582417582
45,86,14,0.15384615384615385,68,0.7472527472527473
45,86,15,0.16483516483516483,67,0.7362637362637363
45,86,16,0.17582417582417584,66,0.7252747252747253
45,86,17,0.18681318681318682,66,0.7252747252747253
45,86,18,0.1978021978021978,65,0.7142857142857143
45,86,19,0.2087912087912088,64,0.7032967032967034
45,86,20,0.21978021978021978,64,0.7032967032967034
45,86,21,0.23076923076923078,63,0.6923076923076923
45,86,22,0.24175824175824176,62,0.6813186813186813
45,86,23,0.25274725274725274,61,0.6703296703296703
45,86,24,0.26373626373626374,60,0.6593406593406593
45,86,25,0.27472527472527475,59,0.6483516483516484
45,86,26,0.2857142857142857,58,0.6373626373626373
45,86,27,0.2967032967032967,57,0.6263736263736264
45,86,28,0.3076923076923077,57,0.6263736263736264
45,86,29,0.31868131868131866,56,0.6153846153846154
45,86,30,0.32967032967032966,55,0.6043956043956044
45,86,31,0.34065934065934067,54,0.5934065934065934
45,86,32,0.3516483516483517,53,0.5824175824175825
45,86,33,0.3626373626373626,52,0.5714285714285714
45,86,34,0.37362637362637363,51,0.5604395604395604
45,86,35,0.38461538461538464,51,0.5604395604395604
45,86,36,0.3956043956043956,50,0.5494505494505495
45,86,37,0.4065934065934066,49,0.5384615384615384
45,86,38,0.4175824175824176,48,0.5274725274725275
45,86,39,0.42857142857142855,47,0.5164835164835165
45,86,40,0.43956043956043955,46,0.5054945054945055
45,86,41,0.45054945054945056,45,0.4945054945054945
45,86,42,0.46153846153846156,44,0.4835164835164835
45,86,43,0.4725274725274725,43,0.4725274725274725
45,86,44,0.4835164835164835,42,0.46153846153846156
45,86,45,0.4945054945054945,42,0.46153846153846156
45,86,46,0.5054945054945055,42,0.46153846153846156
45,86,47,0.5164835164835165,41,0.45054945054945056
45,86,48,0.5274725274725275,40,0.43956043956043955
45,86,49,0.5384615384615384,39,0.42857142857142855
45,86,50,0.5494505494505495,38,0.4175824175824176
45,86,51,0.5604395604395604,37,0.4065934065934066
45,86,52,0.5714285714285714,36,0.3956043956043956
45,86,53,0.5824175824175825,35,0.38461538461538464
45,86,54,0.5934065934065934,35,0.38461538461538464
45,86,55,0.6043956043956044,34,0.37362637362637363
45,86,56,0.6153846153846154,33,0.3626373626373626
45,86,57,0.6263736263736264,30,0.32967032967032966
45,86,58,0.6373626373626373,29,0.31868131868131866
45,86,59,0.6483516483516484,28,0.3076923076923077
45,86,60,0.6593406593406593,27,0.2967032967032967
45,86,61,0.6703296703296703,26,0.2857142857142857
45,86,62,0.6813186813186813,25,0.27472527472527475
45,86,63,0.6923076923076923,24,0.26373626373626374
45,86,64,0.7032967032967034,24,0.26373626373626374
45,86,65,0.7142857142857143,23,0.25274725274725274
45,86,66,0.7252747252747253,23,0.25274725274725274
45,86,67,0.7362637362637363,23,0.25274725274725274
45,86,68,0.7472527472527473,22,0.24175824175824176
45,86,69,0.7582417582417582,21,0.23076923076923078
45,86,70,0.7692307692307693,20,0.21978021978021978
45,86,71,0.7802197802197802,19,0.2087912087912088
45,86,72,0.7912087912087912,18,0.1978021978021978
45,86,73,0.8021978021978022,17,0.18681318681318682
45,86,74,0.8131868131868132,16,0.17582417582417584
45,86,75,0.8241758241758241,15,0.16483516483516483
45,86,76,0.8351648351648352,14,0.15384615384615385
45,86,77,0.8461538461538461,13,0.14285714285714285
45,86,78,0.8571428571428571,12,0.13186813186813187
45,86,79,0.8681318681318682,11,0.12087912087912088
45,86,80,0.8791208791208791,10,0.10989010989010989
45,86,81,0.8901098901098901,9,0.0989010989010989
45,86,82,0.9010989010989011,8,0.08791208791208792
45,86,83,0.9120879120879121,7,0.07692307692307693
45,86,84,0.9230769230769231,6,0.06593406593406594
45,86,85,0.9340659340659341,5,0.054945054945054944
45,86,86,0.945054945054945,4,0.04395604395604396
45,86,87,0.9560439560439561,3,0.03296703296703297
45,86,88,0.967032967032967,2,0.02197802197802198
45,86,89,0.978021978021978,1,0.01098901098901099
45,86,90,0.989010989010989,1,0.01098901098901099
45,86,91,1.0,0,0.0
46,87,0,0.0,82,0.9010989010989011
46,87,1,0.01098901098901099,81,0.8901098901098901
46,87,2,0.02197802197802198,80,0.8791208791208791
46,87,3,0.03296703296703297,79,0.8681318681318682
46,87,4,0.04395604395604396,78,0.8571428571428571
46,87,5,0.054945054945054944,77,0.8461538461538461
46,87,6,0.06593406593406594,76,0.8351648351648352
46,87,7,0.07692307692307693,75,0.8241758241758241
46,87,8,0.08791208791208792,74,0.8131868131868132
46,87,9,0.0989010989010989,73,0.8021978021978022
46,87,10,0.10989010989010989,72,0.7912087912087912
46,87,11,0.12087912087912088,71,0.7802197802197802
46,87,12,0.13186813186813187,71,0.7802197802197802
46,87,13,0.14285714285714285,70,0.7692307692307693
46,87,14,0.15384615384615385,69,0.7582417582417582
46,87,15,0.16483516483516483,68,0.7472527472527473
46,87,16,0.17582417582417584,67,0.7362637362637363
46,87,17,0.18681318681318682,66,0.7252747252747253
46,87,18,0.1978021978021978,66,0.7252747252747253
46,87,19,0.2087912087912088,65,0.7142857142857143
46,87,20,0.21978021978021978,64,0.7032967032967034
46,87,21,0.23076923076923078,63,0.6923076923076923
46,87,22,0.24175824175824176,62,0.6813186813186813
46,87,23,0.25274725274725274,62,0.6813186813186813
46,87,24,0.26373626373626374,61,0.6703296703296703
46,87,25,0.27472527472527475,60,0.6593406593406593
46,87,26,0.2857142857142857,59,0.6483516483516484
46,87,27,0.2967032967032967,58,0.6373626373626373
46,87,28,0.3076923076923077,57,0.6263736263736264
46,87,29,0.31868131868131866,56,0.6153846153846154
46,87,30,0.32967032967032966,55,0.6043956043956044
46,87,31,0.34065934065934067,55,0.6043956043956044
46,87,32,0.3516483516483517,54,0.5934065934065934
46,87,33,0.3626373626373626,54,0.5934065934065934
46,87,34,0.37362637362637363,53,0.5824175824175825
46,87,35,0.38461538461538464,52,0.5714285714285714
46,87,36,0.3956043956043956,51,0.5604395604395604
46,87,37,0.4065934065934066,50,0.5494505494505495
46,87,38,0.4175824175824176,49,0.5384615384615384
46,87,39,0.42857142857142855,48,0.5274725274725275
46,87,40,0.43956043956043955,47,0.5164835164835165
46,87,41,0.45054945054945056,46,0.5054945054945055
46,87,42,0.46153846153846156,45,0.4945054945054945
46,87,43,0.4725274725274725,44,0.4835164835164835
46,87,44,0.4835164835164835,43,0.4725274725274725
46,87,45,0.4945054945054945,42,0.46153846153846156
46,87,46,0.5054945054945055,41,0.45054945054945056
46,87,47,0.5164835164835165,40,0.43956043956043955
46,87,48,0.5274725274725275,39,0.42857142857142855
46,87,49,0.5384615384615384,38,0.4175824175824176
46,87,50,0.5494505494505495,37,0.4065934065934066
46,87,51,0.5604395604395604,37,0.4065934065934066
46,87,52,0.5714285714285714,36,0.3956043956043956
46,87,53,0.5824175824175825,35,0.38461538461538464
46,87,54,0.5934065934065934,35,0.38461538461538464
46,87,55,0.6043956043956044,34,0.37362637362637363
46,87,56,0.6153846153846154,33,0.3626373626373626
46,87,57,0.6263736263736264,32,0.3516483516483517
46,87,58,0.6373626373626373,31,0.34065934065934067
46,87,59,0.6483516483516484,30,0.32967032967032966
46,87,60,0.6593406593406593,29,0.31868131868131866
46,87,61,0.6703296703296703,28,0.3076923076923077
46,87,62,0.6813186813186813,27,0.2967032967032967
46,87,63,0.6923076923076923,26,0.2857142857142857
46,87,64,0.7032967032967034,25,0.27472527472527475
46,87,65,0.7142857142857143,24,0.26373626373626374
46,87,66,0.7252747252747253,23,0.25274725274725274
46,87,67,0.7362637362637363,22,0.24175824175824176
46,87,68,0.7472527472527473,21,0.23076923076923078
46,87,69,0.7582417582417582,21,0.23076923076923078
46,87,70,0.7692307692307693,20,0.21978021978021978
46,87,71,0.7802197802197802,19,0.2087912087912088
46,87,72,0.7912087912087912,18,0.1978021978021978
46,87,73,0.8021978021978022,17,0.18681318681318682
46,87,74,0.8131868131868132,16,0.17582417582417584
46,87,75,0.8241758241758241,15,0.16483516483516483
46,87,76,0.8351648351648352,14,0.15384615384615385
46,87,77,0.8461538461538461,13,0.14285714285714285
46,87,78,0.8571428571428571,12,0.13186813186813187
46,87,79,0.8681318681318682,12,0.13186813186813187
46,87,80,0.8791208791208791,11,0.12087912087912088
46,87,81,0.8901098901098901,10,0.10989010989010989
46,87,82,0.9010989010989011,9,0.0989010989010989
46,87,83,0.9120879120879121,8,0.08791208791208792
46,87,84,0.9230769230769231,7,0.07692307692307693
46,87,85,0.9340659340659341,6,0.06593406593406594
46,87,86,0.945054945054945,5,0.054945054945054944
46,87,87,0.9560439560439561,4,0.04395604395604396
46,87,88,0.967032967032967,3,0.03296703296703297
46,87,89,0.978021978021978,1,0.01098901098901099
46,87,90,0.989010989010989,1,0.01098901098901099
46,87,91,1.0,0,0.0
47,88,0,0.0,82,0.9010989010989011
47,88,1,0.01098901098901099,81,0.8901098901098901
47,88,2,0.02197802197802198,80,0.8791208791208791
47,88,3,0.03296703296703297,79,0.8681318681318682
47,88,4,0.04395604395604396,78,0.8571428571428571
47,88,5,0.054945054945054944,77,0.8461538461538461
47,88,6,0.06593406593406594,76,0.8351648351648352
47,88,7,0.07692307692307693,75,0.8241758241758241
47,88,8,0.08791208791208792,74,0.8131868131868132
47,88,9,0.0989010989010989,74,0.8131868131868132
47,88,10,0.10989010989010989,73,0.8021978021978022
47,88,11,0.12087912087912088,72,0.7912087912087912
47,88,12,0.13186813186813187,71,0.7802197802197802
47,88,13,0.14285714285714285,70,0.7692307692307693
47,88,14,0.15384615384615385,70,0.7692307692307693
47,88,15,0.16483516483516483,69,0.7582417582417582
47,88,16,0.17582417582417584,68,0.7472527472527473
47,88,17,0.18681318681318682,67,0.7362637362637363
47,88,18,0.1978021978021978,66,0.7252747252747253
47,88,19,0.2087912087912088,66,0.7252747252747253
47,88,20,0.21978021978021978,65,0.7142857142857143
47,88,21,0.23076923076923078,64,0.7032967032967034
47,88,22,0.24175824175824176,63,0.6923076923076923
47,88,23,0.25274725274725274,62,0.6813186813186813
47,88,24,0.26373626373626374,61,0.6703296703296703
47,88,25,0.27472527472527475,60,0.6593406593406593
47,88,26,0.2857142857142857,59,0.6483516483516484
47,88,27,0.2967032967032967,58,0.6373626373626373
47,88,28,0.3076923076923077,57,0.6263736263736264
47,88,29,0.31868131868131866,56,0.6153846153846154
47,88,30,0.32967032967032966,55,0.6043956043956044
47,88,31,0.34065934065934067,54,0.5934065934065934
47,88,32,0.3516483516483517,54,0.5934065934065934
47,88,33,0.3626373626373626,53,0.5824175824175825
47,88,34,0.37362637362637363,51,0.5604395604395604
47,88,35,0.38461538461538464,50,0.5494505494505495
47,88,36,0.3956043956043956,49,0.5384615384615384
47,88,37,0.4065934065934066,48,0.5274725274725275
47,88,38,0.4175824175824176,48,0.5274725274725275
47,88,39,0.42857142857142855,47,0.5164835164835165
47,88,40,0.43956043956043955,46,0.5054945054945055
47,88,41,0.45054945054945056,45,0.4945054945054945
47,88,42,0.46153846153846156,44,0.4835164835164835
47,88,43,0.4725274725274725,44,0.4835164835164835
47,88,44,0.4835164835164835,44,0.4835164835164835
47,88,45,0.4945054945054945,43,0.4725274725274725
47,88,46,0.5054945054945055,42,0.46153846153846156
47,88,47,0.5164835164835165,41,0.45054945054945056
47,88,48,0.5274725274725275,41,0.45054945054945056
47,88,49,0.5384615384615384,40,0.43956043956043955
47,88,50,0.5494505494505495,39,0.42857142857142855
47,88,51,0.5604395604395604,38,0.4175824175824176
47,88,52,0.5714285714285714,37,0.4065934065934066
47,88,53,0.5824175824175825,36,0.3956043956043956
47,88,54,0.5934065934065934,34,0.37362637362637363
47,88,55,0.6043956043956044,33,0.3626373626373626
47,88,56,0.6153846153846154,32,0.3516483516483517
47,88,57,0.6263736263736264,31,0.34065934065934067
47,88,58,0.6373626373626373,31,0.34065934065934067
47,88,59,0.6483516483516484,30,0.32967032967032966
47,88,60,0.6593406593406593,29,0.31868131868131866
47,88,61,0.6703296703296703,28,0.3076923076923077
47,88,62,0.6813186813186813,27,0.2967032967032967
47,88,63,0.6923076923076923,26,0.2857142857142857
47,88,64,0.7032967032967034,25,0.27472527472527475
47,88,65,0.7142857142857143,24,0.26373626373626374
47,88,66,0.7252747252747253,23,0.25274725274725274
47,88,67,0.7362637362637363,22,0.24175824175824176
47,88,68,0.7472527472527473,21,0.23076923076923078
47,88,69,0.7582417582417582,20,0.21978021978021978
47,88,70,0.7692307692307693,19,0.2087912087912088
47,88,71,0.7802197802197802,18,0.1978021978021978
47,88,72,0.7912087912087912,17,0.18681318681318682
47,88,73,0.8021978021978022,16,0.17582417582417584
47,88,74,0.8131868131868132,15,0.16483516483516483
47,88,75,0.8241758241758241,15,0.16483516483516483
47,88,76,0.8351648351648352,14,0.15384615384615385
47,88,77,0.8461538461538461,13,0.14285714285714285
47,88,78,0.8571428571428571,12,0.13186813186813187
47,88,79,0.8681318681318682,11,0.12087912087912088
47,88,80,0.8791208791208791,10,0.10989010989010989
47,88,81,0.8901098901098901,9,0.0989010989010989
47,88,82,0.9010989010989011,8,0.08791208791208792
47,88,83,0.9120879120879121,7,0.07692307692307693
47,88,84,0.9230769230769231,6,0.06593406593406594
47,88,85,0.9340659340659341,5,0.054945054945054944
47,88,86,0.945054945054945,5,0.054945054945054944
47,88,87,0.9560439560439561,4,0.04395604395604396
47,88,88,0.967032967032967,3,0.03296703296703297
47,88,89,0.978021978021978,2,0.02197802197802198
47,88,90,0.989010989010989,1,0.01098901098901099
47,88,91,1.0,0,0.0
48,89,0,0.0,82,0.9010989010989011
48,89,1,0.01098901098901099,81,0.8901098901098901
48,89,2,0.02197802197802198,80,0.8791208791208791
48,89,3,0.03296703296703297,79,0.8681318681318682
48,89,4,0.04395604395604396,78,0.8571428571428571
48,89,5,0.054945054945054944,77,0.8461538461538461
48,89,6,0.06593406593406594,76,0.8351648351648352
48,89,7,0.07692307692307693,75,0.8241758241758241
48,89,8,0.08791208791208792,74,0.8131868131868132
48,89,9,0.0989010989010989,73,0.8021978021978022
48,89,10,0.10989010989010989,72,0.7912087912087912
48,89,11,0.12087912087912088,71,0.7802197802197802
48,89,12,0.13186813186813187,71,0.7802197802197802
48,89,13,0.14285714285714285,70,0.7692307692307693
48,89,14,0.15384615384615385,69,0.7582417582417582
48,89,15,0.16483516483516483,68,0.7472527472527473
48,89,16,0.17582417582417584,67,0.7362637362637363
48,89,17,0.18681318681318682,66,0.7252747252747253
48,89,18,0.1978021978021978,65,0.7142857142857143
48,89,19,0.2087912087912088,64,0.7032967032967034
48,89,20,0.21978021978021978,63,0.6923076923076923
48,89,21,0.23076923076923078,62,0.6813186813186813
48,89,22,0.24175824175824176,61,0.6703296703296703
48,89,23,0.25274725274725274,60,0.6593406593406593
48,89,24,0.26373626373626374,59,0.6483516483516484
48,89,25,0.27472527472527475,58,0.6373626373626373
48,89,26,0.2857142857142857,56,0.6153846153846154
48,89,27,0.2967032967032967,55,0.6043956043956044
48,89,28,0.3076923076923077,54,0.5934065934065934
48,89,29,0.31868131868131866,54,0.5934065934065934
48,89,30,0.32967032967032966,54,0.5934065934065934
48,89,31,0.34065934065934067,54,0.5934065934065934
48,89,32,0.3516483516483517,53,0.5824175824175825
48,89,33,0.3626373626373626,53,0.5824175824175825
48,89,34,0.37362637362637363,52,0.5714285714285714
48,89,35,0.38461538461538464,51,0.5604395604395604
48,89,36,0.3956043956043956,50,0.5494505494505495
48,89,37,0.4065934065934066,49,0.5384615384615384
48,89,38,0.4175824175824176,48,0.5274725274725275
48,89,39,0.42857142857142855,47,0.5164835164835165
48,89,40,0.43956043956043955,46,0.5054945054945055
48,89,41,0.45054945054945056,45,0.4945054945054945
48,89,42,0.46153846153846156,44,0.4835164835164835
48,89,43,0.4725274725274725,43,0.4725274725274725
48,89,44,0.4835164835164835,42,0.46153846153846156
48,89,45,0.4945054945054945,41,0.45054945054945056
48,89,46,0.5054945054945055,40,0.43956043956043955
48,89,47,0.5164835164835165,39,0.42857142857142855
48,89,48,0.5274725274725275,38,0.4175824175824176
48,89,49,0.5384615384615384,37,0.4065934065934066
48,89,50,0.5494505494505495,36,0.3956043956043956
48,89,51,0.5604395604395604,35,0.38461538461538464
48,89,52,0.5714285714285714,34,0.37362637362637363
48,89,53,0.5824175824175825,33,0.3626373626373626
48,89,54,0.5934065934065934,32,0.3516483516483517
48,89,55,0.6043956043956044,31,0.34065934065934067
48,89,56,0.6153846153846154,30,0.32967032967032966
48,89,57,0.6263736263736264,29,0.31868131868131866
48,89,58,0.6373626373626373,28,0.3076923076923077
48,89,59,0.6483516483516484,27,0.2967032967032967
48,89,60,0.6593406593406593,26,0.2857142857142857
48,89,61,0.6703296703296703,25,0.27472527472527475
48,89,62,0.6813186813186813,24,0.26373626373626374
48,89,63,0.6923076923076923,23,0.25274725274725274
48,89,64,0.7032967032967034,23,0.25274725274725274
48,89,65,0.7142857142857143,22,0.24175824175824176
48,89,66,0.7252747252747253,21,0.23076923076923078
48,89,67,0.7362637362637363,20,0.21978021978021978
48,89,68,0.7472527472527473,20,0.21978021978021978
48,89,69,0.7582417582417582,19,0.2087912087912088
48,89,70,0.7692307692307693,18,0.1978021978021978
48,89,71,0.7802197802197802,17,0.18681318681318682
48,89,72,0.7912087912087912,16,0.17582417582417584
48,89,73,0.8021978021978022,15,0.16483516483516483
48,89,74,0.8131868131868132,14,0.15384615384615385
48,89,75,0.8241758241758241,13,0.14285714285714285
48,89,76,0.8351648351648352,11,0.12087912087912088
48,89,77,0.8461538461538461,10,0.10989010989010989
48,89,78,0.8571428571428571,9,0.0989010989010989
48,89,79,0.8681318681318682,9,0.0989010989010989
48,89,80,0.8791208791208791,8,0.08791208791208792
48,89,81,0.8901098901098901,7,0.07692307692307693
48,89,82,0.9010989010989011,6,0.06593406593406594
48,89,83,0.9120879120879121,6,0.06593406593406594
48,89,84,0.9230769230769231,5,0.054945054945054944
48,89,85,0.9340659340659341,5,0.054945054945054944
48,89,86,0.945054945054945,4,0.04395604395604396
48,89,87,0.9560439560439561,3,0.03296703296703297
48,89,88,0.967032967032967,2,0.02197802197802198
48,89,89,0.978021978021978,2,0.02197802197802198
48,89,90,0.989010989010989,1,0.01098901098901099
48,89,91,1.0,0,0.0
49,90,0,0.0,82,0.9010989010989011
49,90,1,0.01098901098901099,81,0.8901098901098901
49,90,2,0.02197802197802198,80,0.8791208791208791
49,90,3,0.03296703296703297,79,0.8681318681318682
49,90,4,0.04395604395604396,78,0.8571428571428571
49,90,5,0.054945054945054944,77,0.8461538461538461
49,90,6,0.06593406593406594,77,0.8461538461538461
49,90,7,0.07692307692307693,76,0.8351648351648352
49,90,8,0.08791208791208792,75,0.8241758241758241
49,90,9,0.0989010989010989,74,0.8131868131868132
49,90,10,0.10989010989010989,73,0.8021978021978022
49,90,11,0.12087912087912088,72,0.7912087912087912
49,90,12,0.13186813186813187,71,0.7802197802197802
49,90,13,0.14285714285714285,70,0.7692307692307693
49,90,14,0.15384615384615385,70,0.7692307692307693
49,90,15,0.16483516483516483,69,0.7582417582417582
49,90,16,0.17582417582417584,68,0.7472527472527473
49,90,17,0.18681318681318682,67,0.7362637362637363
49,90,18,0.1978021978021978,66,0.7252747252747253
49,90,19,0.2087912087912088,65,0.7142857142857143
49,90,20,0.21978021978021978,64,0.7032967032967034
49,90,21,0.23076923076923078,63,0.6923076923076923
49,90,22,0.24175824175824176,62,0.6813186813186813
49,90,23,0.25274725274725274,61,0.6703296703296703
49,90,24,0.26373626373626374,60,0.6593406593406593
49,90,25,0.27472527472527475,59,0.6483516483516484
49,90,26,0.2857142857142857,58,0.6373626373626373
49,90,27,0.2967032967032967,57,0.6263736263736264
49,90,28,0.3076923076923077,57,0.6263736263736264
49,90,29,0.31868131868131866,56,0.6153846153846154
49,90,30,0.32967032967032966,55,0.6043956043956044
49,90,31,0.34065934065934067,54,0.5934065934065934
49,90,32,0.3516483516483517,53,0.5824175824175825
49,90,33,0.3626373626373626,52,0.5714285714285714
49,90,34,0.37362637362637363,51,0.5604395604395604
49,90,35,0.38461538461538464,50,0.5494505494505495
49,90,36,0.3956043956043956,50,0.5494505494505495
49,90,37,0.4065934065934066,49,0.5384615384615384
49,90,38,0.4175824175824176,48,0.5274725274725275
49,90,39,0.42857142857142855,47,0.5164835164835165
49,90,40,0.43956043956043955,47,0.5164835164835165
49,90,41,0.45054945054945056,46,0.5054945054945055
49,90,42,0.46153846153846156,45,0.4945054945054945
49,90,43,0.4725274725274725,44,0.4835164835164835
49,90,44,0.4835164835164835,43,0.4725274725274725
49,90,45,0.4945054945054945,42,0.46153846153846156
49,90,46,0.5054945054945055,41,0.45054945054945056
49,90,47,0.5164835164835165,40,0.43956043956043955
49,90,48,0.5274725274725275,39,0.42857142857142855
49,90,49,0.5384615384615384,38,0.4175824175824176
49,90,50,0.5494505494505495,37,0.4065934065934066
49,90,51,0.5604395604395604,36,0.3956043956043956
49,90,52,0.5714285714285714,35,0.38461538461538464
49,90,53,0.5824175824175825,34,0.37362637362637363
49,90,54,0.5934065934065934,33,0.3626373626373626
49,90,55,0.6043956043956044,32,0.3516483516483517
49,90,56,0.6153846153846154,32,0.3516483516483517
49,90,57,0.6263736263736264,31,0.34065934065934067
49,90,58,0.6373626373626373,29,0.31868131868131866
49,90,59,0.6483516483516484,28,0.3076923076923077
49,90,60,0.6593406593406593,27,0.2967032967032967
49,90,61,0.6703296703296703,26,0.2857142857142857
49,90,62,0.6813186813186813,25,0.27472527472527475
49,90,63,0.6923076923076923,23,0.25274725274725274
49,90,64,0.7032967032967034,22,0.24175824175824176
49,90,65,0.7142857142857143,21,0.23076923076923078
49,90,66,0.7252747252747253,20,0.21978021978021978
49,90,67,0.7362637362637363,19,0.2087912087912088
49,90,68,0.7472527472527473,18,0.1978021978021978
49,90,69,0.7582417582417582,17,0.18681318681318682
49,90,70,0.7692307692307693,16,0.17582417582417584
49,90,71,0.7802197802197802,15,0.16483516483516483
49,90,72,0.7912087912087912,14,0.15384615384615385
49,90,73,0.8021978021978022,13,0.14285714285714285
49,90,74,0.8131868131868132,12,0.13186813186813187
49,90,75,0.8241758241758241,12,0.13186813186813187
49,90,76,0.8351648351648352,11,0.12087912087912088
49,90,77,0.8461538461538461,11,0.12087912087912088
49,90,78,0.8571428571428571,10,0.10989010989010989
49,90,79,0.8681318681318682,9,0.0989010989010989
49,90,80,0.8791208791208791,9,0.0989010989010989
49,90,81,0.8901098901098901,8,0.08791208791208792
49,90,82,0.9010989010989011,7,0.07692307692307693
49,90,83,0.9120879120879121,6,0.06593406593406594
49,90,84,0.9230769230769231,5,0.054945054945054944
49,90,85,0.9340659340659341,4,0.04395604395604396
49,90,86,0.945054945054945,4,0.04395604395604396
49,90,87,0.9560439560439561,4,0.04395604395604396
49,90,88,0.967032967032967,3,0.03296703296703297
49,90,89,0.978021978021978,2,0.02197802197802198
49,90,90,0.989010989010989,1,0.01098901098901099
49,90,91,1.0,0,0.0
50,91,0,0.0,82,0.9010989010989011
50,91,1,0.01098901098901099,81,0.8901098901098901
50,91,2,0.02197802197802198,80,0.8791208791208791
50,91,3,0.03296703296703297,80,0.8791208791208791
50,91,4,0.04395604395604396,79,0.8681318681318682
50,91,5,0.054945054945054944,78,0.8571428571428571
50,91,6,0.06593406593406594,77,0.8461538461538461
50,91,7,0.07692307692307693,76,0.8351648351648352
50,91,8,0.08791208791208792,75,0.8241758241758241
50,91,9,0.0989010989010989,74,0.8131868131868132
50,91,10,0.10989010989010989,73,0.8021978021978022
50,91,11,0.12087912087912088,72,0.7912087912087912
50,91,12,0.13186813186813187,72,0.7912087912087912
50,91,13,0.14285714285714285,71,0.7802197802197802
50,91,14,0.15384615384615385,70,0.7692307692307693
50,91,15,0.16483516483516483,69,0.7582417582417582
50,91,16,0.17582417582417584,68,0.7472527472527473
50,91,17,0.18681318681318682,67,0.7362637362637363
50,91,18,0.1978021978021978,66,0.7252747252747253
50,91,19,0.2087912087912088,64,0.7032967032967034
50,91,20,0.21978021978021978,63,0.6923076923076923
50,91,21,0.23076923076923078,62,0.6813186813186813
50,91,22,0.24175824175824176,61,0.6703296703296703
50,91,23,0.25274725274725274,61,0.6703296703296703
50,91,24,0.26373626373626374,60,0.6593406593406593
50,91,25,0.27472527472527475,59,0.6483516483516484
50,91,26,0.2857142857142857,58,0.6373626373626373
50,91,27,0.2967032967032967,57,0.6263736263736264
50,91,28,0.3076923076923077,57,0.6263736263736264
50,91,29,0.31868131868131866,56,0.6153846153846154
50,91,30,0.32967032967032966,55,0.6043956043956044
50,91,31,0.34065934065934067,54,0.5934065934065934
50,91,32,0.3516483516483517,53,0.5824175824175825
50,91,33,0.3626373626373626,52,0.5714285714285714
50,91,34,0.37362637362637363,52,0.5714285714285714
50,91,35,0.38461538461538464,51,0.5604395604395604
50,91,36,0.3956043956043956,50,0.5494505494505495
50,91,37,0.4065934065934066,49,0.5384615384615384
50,91,38,0.4175824175824176,48,0.5274725274725275
50,91,39,0.42857142857142855,47,0.5164835164835165
50,91,40,0.43956043956043955,46,0.5054945054945055
50,91,41,0.45054945054945056,45,0.4945054945054945
50,91,42,0.46153846153846156,44,0.4835164835164835
50,91,43,0.4725274725274725,43,0.4725274725274725
50,91,44,0.4835164835164835,42,0.46153846153846156
50,91,45,0.4945054945054945,41,0.45054945054945056
50,91,46,0.5054945054945055,41,0.45054945054945056
50,91,47,0.5164835164835165,40,0.43956043956043955
50,91,48,0.5274725274725275,40,0.43956043956043955
50,91,49,0.5384615384615384,39,0.42857142857142855
50,91,50,0.5494505494505495,38,0.4175824175824176
50,91,51,0.5604395604395604,37,0.4065934065934066
50,91,52,0.5714285714285714,36,0.3956043956043956
50,91,53,0.5824175824175825,35,0.38461538461538464
50,91,54,0.5934065934065934,35,0.38461538461538464
50,91,55,0.6043956043956044,34,0.37362637362637363
50,91,56,0.6153846153846154,33,0.3626373626373626
50,91,57,0.6263736263736264,32,0.3516483516483517
50,91,58,0.6373626373626373,31,0.34065934065934067
50,91,59,0.6483516483516484,30,0.32967032967032966
50,91,60,0.6593406593406593,29,0.31868131868131866
50,91,61,0.6703296703296703,28,0.3076923076923077
50,91,62,0.6813186813186813,27,0.2967032967032967
50,91,63,0.6923076923076923,26,0.2857142857142857
50,91,64,0.7032967032967034,25,0.27472527472527475
50,91,65,0.7142857142857143,24,0.26373626373626374
50,91,66,0.7252747252747253,23,0.25274725274725274
50,91,67,0.7362637362637363,22,0.24175824175824176
50,91,68,0.7472527472527473,21,0.23076923076923078
50,91,69,0.7582417582417582,20,0.21978021978021978
50,91,70,0.7692307692307693,19,0.2087912087912088
50,91,71,0.7802197802197802,18,0.1978021978021978
50,91,72,0.7912087912087912,17,0.18681318681318682
50,91,73,0.8021978021978022,16,0.17582417582417584
50,91,74,0.8131868131868132,15,0.16483516483516483
50,91,75,0.8241758241758241,14,0.15384615384615385
50,91,76,0.8351648351648352,13,0.14285714285714285
50,91,77,0.8461538461538461,13,0.14285714285714285
50,91,78,0.8571428571428571,12,0.13186813186813187
50,91,79,0.8681318681318682,11,0.12087912087912088
50,91,80,0.8791208791208791,10,0.10989010989010989
50,91,81,0.8901098901098901,9,0.0989010989010989
50,91,82,0.9010989010989011,9,0.0989010989010989
50,91,83,0.9120879120879121,8,0.08791208791208792
50,91,84,0.9230769230769231,7,0.07692307692307693
50,91,85,0.9340659340659341,6,0.06593406593406594
50,91,86,0.945054945054945,5,0.054945054945054944
50,91,87,0.9560439560439561,4,0.04395604395604396
50,91,88,0.967032967032967,3,0.03296703296703297
50,91,89,0.978021978021978,2,0.02197802197802198
50,91,90,0.989010989010989,1,0.01098901098901099
50,91,91,1.0,0,0.0
51,92,0,0.0,82,0.9010989010989011
51,92,1,0.01098901098901099,81,0.8901098901098901
51,92,2,0.02197802197802198,80,0.8791208791208791
51,92,3,0.03296703296703297,78,0.8571428571428571
51,92,4,0.04395604395604396,77,0.8461538461538461
51,92,5,0.054945054945054944,76,0.8351648351648352
51,92,6,0.06593406593406594,75,0.8241758241758241
51,92,7,0.07692307692307693,74,0.8131868131868132
51,92,8,0.08791208791208792,73,0.8021978021978022
51,92,9,0.0989010989010989,72,0.7912087912087912
51,92,10,0.10989010989010989,71,0.7802197802197802
51,92,11,0.12087912087912088,70,0.7692307692307693
51,92,12,0.13186813186813187,69,0.7582417582417582
51,92,13,0.14285714285714285,68,0.7472527472527473
51,92,14,0.15384615384615385,67,0.7362637362637363
51,92,15,0.16483516483516483,66,0.7252747252747253
51,92,16,0.17582417582417584,65,0.7142857142857143
51,92,17,0.18681318681318682,64,0.7032967032967034
51,92,18,0.1978021978021978,64,0.7032967032967034
51,92,19,0.2087912087912088,63,0.6923076923076923
51,92,20,0.21978021978021978,62,0.6813186813186813
51,92,21,0.23076923076923078,61,0.6703296703296703
51,92,22,0.24175824175824176,60,0.6593406593406593
51,92,23,0.25274725274725274,59,0.6483516483516484
51,92,24,0.26373626373626374,58,0.6373626373626373
51,92,25,0.27472527472527475,57,0.6263736263736264
51,92,26,0.2857142857142857,56,0.6153846153846154
51,92,27,0.2967032967032967,55,0.6043956043956044
51,92,28,0.3076923076923077,55,0.6043956043956044
51,92,29,0.31868131868131866,54,0.5934065934065934
51,92,30,0.32967032967032966,53,0.5824175824175825
51,92,31,0.34065934065934067,53,0.5824175824175825
51,92,32,0.3516483516483517,53,0.5824175824175825
51,92,33,0.3626373626373626,52,0.5714285714285714
51,92,34,0.37362637362637363,51,0.5604395604395604
51,92,35,0.38461538461538464,50,0.5494505494505495
51,92,36,0.3956043956043956,49,0.5384615384615384
51,92,37,0.4065934065934066,48,0.5274725274725275
51,92,38,0.4175824175824176,47,0.5164835164835165
51,92,39,0.42857142857142855,46,0.5054945054945055
51,92,40,0.43956043956043955,45,0.4945054945054945
51,92,41,0.45054945054945056,44,0.4835164835164835
51,92,42,0.46153846153846156,44,0.4835164835164835
51,92,43,0.4725274725274725,44,0.4835164835164835
51,92,44,0.4835164835164835,43,0.4725274725274725
51,92,45,0.4945054945054945,42,0.46153846153846156
51,92,46,0.5054945054945055,41,0.45054945054945056
51,92,47,0.5164835164835165,41,0.45054945054945056
51,92,48,0.5274725274725275,40,0.43956043956043955
51,92,49,0.5384615384615384,39,0.42857142857142855
51,92,50,0.5494505494505495,38,0.4175824175824176
51,92,51,0.5604395604395604,37,0.4065934065934066
51,92,52,0.5714285714285714,36,0.3956043956043956
51,92,53,0.5824175824175825,35,0.38461538461538464
51,92,54,0.5934065934065934,34,0.37362637362637363
51,92,55,0.6043956043956044,34,0.37362637362637363
51,92,56,0.6153846153846154,33,0.3626373626373626
51,92,57,0.6263736263736264,32,0.3516483516483517
51,92,58,0.6373626373626373,31,0.34065934065934067
51,92,59,0.6483516483516484,30,0.32967032967032966
51,92,60,0.6593406593406593,29,0.31868131868131866
51,92,61,0.6703296703296703,28,0.3076923076923077
51,92,62,0.6813186813186813,27,0.2967032967032967
51,92,63,0.6923076923076923,26,0.2857142857142857
51,92,64,0.7032967032967034,25,0.27472527472527475
51,92,65,0.7142857142857143,24,0.26373626373626374
51,92,66,0.7252747252747253,23,0.25274725274725274
51,92,67,0.7362637362637363,22,0.24175824175824176
51,92,68,0.7472527472527473,21,0.23076923076923078
51,92,69,0.7582417582417582,21,0.23076923076923078
51,92,70,0.7692307692307693,20,0.21978021978021978
51,92,71,0.7802197802197802,19,0.2087912087912088
51,92,72,0.7912087912087912,18,0.1978021978021978
51,92,73,0.8021978021978022,17,0.18681318681318682
51,92,74,0.8131868131868132,16,0.17582417582417584
51,92,75,0.8241758241758241,15,0.16483516483516483
51,92,76,0.8351648351648352,14,0.15384615384615385
51,92,77,0.8461538461538461,13,0.14285714285714285
51,92,78,0.8571428571428571,12,0.13186813186813187
51,92,79,0.8681318681318682,11,0.12087912087912088
51,92,80,0.8791208791208791,11,0.12087912087912088
51,92,81,0.8901098901098901,10,0.10989010989010989
51,92,82,0.9010989010989011,8,0.08791208791208792
51,92,83,0.9120879120879121,7,0.07692307692307693
51,92,84,0.9230769230769231,6,0.06593406593406594
51,92,85,0.9340659340659341,5,0.054945054945054944
51,92,86,0.945054945054945,5,0.054945054945054944
51,92,87,0.9560439560439561,4,0.04395604395604396
51,92,88,0.967032967032967,3,0.03296703296703297
51,92,89,0.978021978021978,2,0.02197802197802198
51,92,90,0.989010989010989,1,0.01098901098901099
51,92,91,1.0,0,0.0
52,93,0,0.0,82,0.9010989010989011
52,93,1,0.01098901098901099,81,0.8901098901098901
52,93,2,0.02197802197802198,80,0.8791208791208791
52,93,3,0.03296703296703297,79,0.8681318681318682
52,93,4,0.04395604395604396,78,0.8571428571428571
52,93,5,0.054945054945054944,77,0.8461538461538461
52,93,6,0.06593406593406594,76,0.8351648351648352
52,93,7,0.07692307692307693,75,0.8241758241758241
52,93,8,0.08791208791208792,74,0.8131868131868132
52,93,9,0.0989010989010989,74,0.8131868131868132
52,93,10,0.10989010989010989,73,0.8021978021978022
52,93,11,0.12087912087912088,72,0.7912087912087912
52,93,12,0.13186813186813187,71,0.7802197802197802
52,93,13,0.14285714285714285,70,0.7692307692307693
52,93,14,0.15384615384615385,69,0.7582417582417582
52,93,15,0.16483516483516483,68,0.7472527472527473
52,93,16,0.17582417582417584,67,0.7362637362637363
52,93,17,0.18681318681318682,66,0.7252747252747253
52,93,18,0.1978021978021978,65,0.7142857142857143
52,93,19,0.2087912087912088,64,0.7032967032967034
52,93,20,0.21978021978021978,63,0.6923076923076923
52,93,21,0.23076923076923078,62,0.6813186813186813
52,93,22,0.24175824175824176,61,0.6703296703296703
52,93,23,0.25274725274725274,60,0.6593406593406593
52,93,24,0.26373626373626374,59,0.6483516483516484
52,93,25,0.27472527472527475,58,0.6373626373626373
52,93,26,0.2857142857142857,57,0.6263736263736264
52,93,27,0.2967032967032967,56,0.6153846153846154
52,93,28,0.3076923076923077,55,0.6043956043956044
52,93,29,0.31868131868131866,54,0.5934065934065934
52,93,30,0.32967032967032966,53,0.5824175824175825
52,93,31,0.34065934065934067,52,0.5714285714285714
52,93,32,0.3516483516483517,51,0.5604395604395604
52,93,33,0.3626373626373626,50,0.5494505494505495
52,93,34,0.37362637362637363,49,0.5384615384615384
52,93,35,0.38461538461538464,48,0.5274725274725275
52,93,36,0.3956043956043956,46,0.5054945054945055
52,93,37,0.4065934065934066,45,0.4945054945054945
52,93,38,0.4175824175824176,44,0.4835164835164835
52,93,39,0.42857142857142855,43,0.4725274725274725
52,93,40,0.43956043956043955,42,0.46153846153846156
52,93,41,0.45054945054945056,41,0.45054945054945056
52,93,42,0.46153846153846156,40,0.43956043956043955
52,93,43,0.4725274725274725,39,0.42857142857142855
52,93,44,0.4835164835164835,39,0.42857142857142855
52,93,45,0.4945054945054945,38,0.4175824175824176
52,93,46,0.5054945054945055,37,0.4065934065934066
52,93,47,0.5164835164835165,36,0.3956043956043956
52,93,48,0.5274725274725275,35,0.38461538461538464
52,93,49,0.5384615384615384,35,0.38461538461538464
52,93,50,0.5494505494505495,34,0.37362637362637363
52,93,51,0.5604395604395604,33,0.3626373626373626
52,93,52,0.5714285714285714,33,0.3626373626373626
52,93,53,0.5824175824175825,32,0.3516483516483517
52,93,54,0.5934065934065934,31,0.34065934065934067
52,93,55,0.6043956043956044,30,0.32967032967032966
52,93,56,0.6153846153846154,30,0.32967032967032966
52,93,57,0.6263736263736264,29,0.31868131868131866
52,93,58,0.6373626373626373,29,0.31868131868131866
52,93,59,0.6483516483516484,28,0.3076923076923077
52,93,60,0.6593406593406593,27,0.2967032967032967
52,93,61,0.6703296703296703,26,0.2857142857142857
52,93,62,0.6813186813186813,26,0.2857142857142857
52,93,63,0.6923076923076923,25,0.27472527472527475
52,93,64,0.7032967032967034,24,0.26373626373626374
52,93,65,0.7142857142857143,23,0.25274725274725274
52,93,66,0.7252747252747253,22,0.24175824175824176
52,93,67,0.7362637362637363,21,0.23076923076923078
52,93,68,0.7472527472527473,20,0.21978021978021978
52,93,69,0.7582417582417582,19,0.2087912087912088
52,93,70,0.7692307692307693,18,0.1978021978021978
52,93,71,0.7802197802197802,17,0.18681318681318682
52,93,72,0.7912087912087912,16,0.17582417582417584
52,93,73,0.8021978021978022,15,0.16483516483516483
52,93,74,0.8131868131868132,14,0.15384615384615385
52,93,75,0.8241758241758241,13,0.14285714285714285
52,93,76,0.8351648351648352,12,0.13186813186813187
52,93,77,0.8461538461538461,11,0.12087912087912088
52,93,78,0.8571428571428571,10,0.10989010989010989
52,93,79,0.8681318681318682,9,0.0989010989010989
52,93,80,0.8791208791208791,8,0.08791208791208792
52,93,81,0.8901098901098901,7,0.07692307692307693
52,93,82,0.9010989010989011,7,0.07692307692307693
52,93,83,0.9120879120879121,5,0.054945054945054944
52,93,84,0.9230769230769231,5,0.054945054945054944
52,93,85,0.9340659340659341,4,0.04395604395604396
52,93,86,0.945054945054945,3,0.03296703296703297
52,93,87,0.9560439560439561,2,0.02197802197802198
52,93,88,0.967032967032967,2,0.02197802197802198
52,93,89,0.978021978021978,1,0.01098901098901099
52,93,90,0.989010989010989,1,0.01098901098901099
52,93,91,1.0,0,0.0
53,94,0,0.0,82,0.9010989010989011
53,94,1,0.01098901098901099,82,0.9010989010989011
53,94,2,0.02197802197802198,81,0.8901098901098901
53,94,3,0.03296703296703297,80,0.8791208791208791
53,94,4,0.04395604395604396,79,0.8681318681318682
53,94,5,0.054945054945054944,78,0.8571428571428571
53,94,6,0.06593406593406594,78,0.8571428571428571
53,94,7,0.07692307692307693,77,0.8461538461538461
53,94,8,0.08791208791208792,76,0.8351648351648352
53,94,9,0.0989010989010989,75,0.8241758241758241
53,94,10,0.10989010989010989,74,0.8131868131868132
53,94,11,0.12087912087912088,73,0.8021978021978022
53,94,12,0.13186813186813187,72,0.7912087912087912
53,94,13,0.14285714285714285,71,0.7802197802197802
53,94,14,0.15384615384615385,70,0.7692307692307693
53,94,15,0.16483516483516483,69,0.7582417582417582
53,94,16,0.17582417582417584,68,0.7472527472527473
53,94,17,0.18681318681318682,67,0.7362637362637363
53,94,18,0.1978021978021978,66,0.7252747252747253
53,94,19,0.2087912087912088,65,0.7142857142857143
53,94,20,0.21978021978021978,64,0.7032967032967034
53,94,21,0.23076923076923078,63,0.6923076923076923
53,94,22,0.24175824175824176,62,0.6813186813186813
53,94,23,0.25274725274725274,61,0.6703296703296703
53,94,24,0.26373626373626374,60,0.6593406593406593
53,94,25,0.27472527472527475,59,0.6483516483516484
53,94,26,0.2857142857142857,58,0.6373626373626373
53,94,27,0.2967032967032967,58,0.6373626373626373
53,94,28,0.3076923076923077,57,0.6263736263736264
53,94,29,0.31868131868131866,56,0.6153846153846154
53,94,30,0.32967032967032966,55,0.6043956043956044
53,94,31,0.34065934065934067,54,0.5934065934065934
53,94,32,0.3516483516483517,53,0.5824175824175825
53,94,33,0.3626373626373626,52,0.5714285714285714
53,94,34,0.37362637362637363,51,0.5604395604395604
53,94,35,0.38461538461538464,50,0.5494505494505495
53,94,36,0.3956043956043956,48,0.5274725274725275
53,94,37,0.4065934065934066,47,0.5164835164835165
53,94,38,0.4175824175824176,46,0.5054945054945055
53,94,39,0.42857142857142855,45,0.4945054945054945
53,94,40,0.43956043956043955,44,0.4835164835164835
53,94,41,0.45054945054945056,44,0.4835164835164835
53,94,42,0.46153846153846156,43,0.4725274725274725
53,94,43,0.4725274725274725,42,0.46153846153846156
53,94,44,0.4835164835164835,41,0.45054945054945056
53,94,45,0.4945054945054945,40,0.43956043956043955
53,94,46,0.5054945054945055,40,0.43956043956043955
53,94,47,0.5164835164835165,39,0.42857142857142855
53,94,48,0.5274725274725275,38,0.4175824175824176
53,94,49,0.5384615384615384,37,0.4065934065934066
53,94,50,0.5494505494505495,36,0.3956043956043956
53,94,51,0.5604395604395604,35,0.38461538461538464
53,94,52,0.5714285714285714,34,0.37362637362637363
53,94,53,0.5824175824175825,33,0.3626373626373626
53,94,54,0.5934065934065934,32,0.3516483516483517
53,94,55,0.6043956043956044,31,0.34065934065934067
53,94,56,0.6153846153846154,30,0.32967032967032966
53,94,57,0.6263736263736264,29,0.31868131868131866
53,94,58,0.6373626373626373,28,0.3076923076923077
53,94,59,0.6483516483516484,27,0.2967032967032967
53,94,60,0.6593406593406593,26,0.2857142857142857
53,94,61,0.6703296703296703,25,0.27472527472527475
53,94,62,0.6813186813186813,24,0.26373626373626374
53,94,63,0.6923076923076923,23,0.25274725274725274
53,94,64,0.7032967032967034,22,0.24175824175824176
53,94,65,0.7142857142857143,21,0.23076923076923078
53,94,66,0.7252747252747253,20,0.21978021978021978
53,94,67,0.7362637362637363,19,0.2087912087912088
53,94,68,0.7472527472527473,19,0.2087912087912088
53,94,69,0.7582417582417582,18,0.1978021978021978
53,94,70,0.7692307692307693,16,0.17582417582417584
53,94,71,0.7802197802197802,15,0.16483516483516483
53,94,72,0.7912087912087912,15,0.16483516483516483
53,94,73,0.8021978021978022,14,0.15384615384615385
53,94,74,0.8131868131868132,13,0.14285714285714285
53,94,75,0.8241758241758241,12,0.13186813186813187
53,94,76,0.8351648351648352,11,0.12087912087912088
53,94,77,0.8461538461538461,10,0.10989010989010989
53,94,78,0.8571428571428571,9,0.0989010989010989
53,94,79,0.8681318681318682,8,0.08791208791208792
53,94,80,0.8791208791208791,7,0.07692307692307693
53,94,81,0.8901098901098901,7,0.07692307692307693
53,94,82,0.9010989010989011,6,0.06593406593406594
53,94,83,0.9120879120879121,5,0.054945054945054944
53,94,84,0.9230769230769231,5,0.054945054945054944
53,94,85,0.9340659340659341,5,0.054945054945054944
53,94,86,0.945054945054945,4,0.04395604395604396
53,94,87,0.9560439560439561,3,0.03296703296703297
53,94,88,0.967032967032967,2,0.02197802197802198
53,94,89,0.978021978021978,1,0.01098901098901099
53,94,90,0.989010989010989,1,0.01098901098901099
53,94,91,1.0,0,0.0
54,95,0,0.0,82,0.9010989010989011
54,95,1,0.01098901098901099,81,0.8901098901098901
54,95,2,0.02197802197802198,80,0.8791208791208791
54,95,3,0.03296703296703297,79,0.8681318681318682
54,95,4,0.04395604395604396,78,0.8571428571428571
54,95,5,0.054945054945054944,77,0.8461538461538461
54,95,6,0.06593406593406594,76,0.8351648351648352
54,95,7,0.07692307692307693,75,0.8241758241758241
54,95,8,0.08791208791208792,75,0.8241758241758241
54,95,9,0.0989010989010989,74,0.8131868131868132
54,95,10,0.10989010989010989,73,0.8021978021978022
54,95,11,0.12087912087912088,72,0.7912087912087912
54,95,12,0.13186813186813187,71,0.7802197802197802
54,95,13,0.14285714285714285,70,0.7692307692307693
54,95,14,0.15384615384615385,69,0.7582417582417582
54,95,15,0.16483516483516483,68,0.7472527472527473
54,95,16,0.17582417582417584,68,0.7472527472527473
54,95,17,0.18681318681318682,68,0.7472527472527473
54,95,18,0.1978021978021978,67,0.7362637362637363
54,95,19,0.2087912087912088,65,0.7142857142857143
54,95,20,0.21978021978021978,64,0.7032967032967034
54,95,21,0.23076923076923078,63,0.6923076923076923
54,95,22,0.24175824175824176,62,0.6813186813186813
54,95,23,0.25274725274725274,61,0.6703296703296703
54,95,24,0.26373626373626374,60,0.6593406593406593
54,95,25,0.27472527472527475,59,0.6483516483516484
54,95,26,0.2857142857142857,58,0.6373626373626373
54,95,27,0.2967032967032967,57,0.6263736263736264
54,95,28,0.3076923076923077,56,0.6153846153846154
54,95,29,0.31868131868131866,56,0.6153846153846154
54,95,30,0.32967032967032966,55,0.6043956043956044
54,95,31,0.34065934065934067,54,0.5934065934065934
54,95,32,0.3516483516483517,53,0.5824175824175825
54,95,33,0.3626373626373626,52,0.5714285714285714
54,95,34,0.37362637362637363,52,0.5714285714285714
54,95,35,0.38461538461538464,52,0.5714285714285714
54,95,36,0.3956043956043956,51,0.5604395604395604
54,95,37,0.4065934065934066,50,0.5494505494505495
54,95,38,0.4175824175824176,49,0.5384615384615384
54,95,39,0.42857142857142855,49,0.5384615384615384
54,95,40,0.43956043956043955,48,0.5274725274725275
54,95,41,0.45054945054945056,47,0.5164835164835165
54,95,42,0.46153846153846156,46,0.5054945054945055
54,95,43,0.4725274725274725,45,0.4945054945054945
54,95,44,0.4835164835164835,44,0.4835164835164835
54,95,45,0.4945054945054945,43,0.4725274725274725
54,95,46,0.5054945054945055,42,0.46153846153846156
54,95,47,0.5164835164835165,41,0.45054945054945056
54,95,48,0.5274725274725275,40,0.43956043956043955
54,95,49,0.5384615384615384,39,0.42857142857142855
54,95,50,0.5494505494505495,38,0.4175824175824176
54,95,51,0.5604395604395604,37,0.4065934065934066
54,95,52,0.5714285714285714,36,0.3956043956043956
54,95,53,0.5824175824175825,35,0.38461538461538464
54,95,54,0.5934065934065934,34,0.37362637362637363
54,95,55,0.6043956043956044,33,0.3626373626373626
54,95,56,0.6153846153846154,32,0.3516483516483517
54,95,57,0.6263736263736264,31,0.34065934065934067
54,95,58,0.6373626373626373,30,0.32967032967032966
54,95,59,0.6483516483516484,29,0.31868131868131866
54,95,60,0.6593406593406593,28,0.3076923076923077
54,95,61,0.6703296703296703,27,0.2967032967032967
54,95,62,0.6813186813186813,26,0.2857142857142857
54,95,63,0.6923076923076923,25,0.27472527472527475
54,95,64,0.7032967032967034,24,0.26373626373626374
54,95,65,0.7142857142857143,23,0.25274725274725274
54,95,66,0.7252747252747253,22,0.24175824175824176
54,95,67,0.7362637362637363,21,0.23076923076923078
54,95,68,0.7472527472527473,20,0.21978021978021978
54,95,69,0.7582417582417582,20,0.21978021978021978
54,95,70,0.7692307692307693,19,0.2087912087912088
54,95,71,0.7802197802197802,18,0.1978021978021978
54,95,72,0.7912087912087912,17,0.18681318681318682
54,95,73,0.8021978021978022,16,0.17582417582417584
54,95,74,0.8131868131868132,15,0.16483516483516483
54,95,75,0.8241758241758241,14,0.15384615384615385
54,95,76,0.8351648351648352,14,0.15384615384615385
54,95,77,0.8461538461538461,13,0.14285714285714285
54,95,78,0.8571428571428571,12,0.13186813186813187
54,95,79,0.8681318681318682,11,0.12087912087912088
54,95,80,0.8791208791208791,10,0.10989010989010989
54,95,81,0.8901098901098901,9,0.0989010989010989
54,95,82,0.9010989010989011,7,0.07692307692307693
54,95,83,0.9120879120879121,7,0.07692307692307693
54,95,84,0.9230769230769231,6,0.06593406593406594
54,95,85,0.9340659340659341,5,0.054945054945054944
54,95,86,0.945054945054945,4,0.04395604395604396
54,95,87,0.9560439560439561,4,0.04395604395604396
54,95,88,0.967032967032967,2,0.02197802197802198
54,95,89,0.978021978021978,1,0.01098901098901099
54,95,90,0.989010989010989,1,0.01098901098901099
54,95,91,1.0,0,0.0
55,96,0,0.0,82,0.9010989010989011
55,96,1,0.01098901098901099,80,0.8791208791208791
55,96,2,0.02197802197802198,79,0.8681318681318682
55,96,3,0.03296703296703297,78,0.8571428571428571
55,96,4,0.04395604395604396,77,0.8461538461538461
55,96,5,0.054945054945054944,76,0.8351648351648352
55,96,6,0.06593406593406594,75,0.8241758241758241
55,96,7,0.07692307692307693,74,0.8131868131868132
55,96,8,0.08791208791208792,73,0.8021978021978022
55,96,9,0.0989010989010989,73,0.8021978021978022
55,96,10,0.10989010989010989,72,0.7912087912087912
55,96,11,0.12087912087912088,71,0.7802197802197802
55,96,12,0.13186813186813187,70,0.7692307692307693
55,96,13,0.14285714285714285,69,0.7582417582417582
55,96,14,0.15384615384615385,68,0.7472527472527473
55,96,15,0.16483516483516483,67,0.7362637362637363
55,96,16,0.17582417582417584,66,0.7252747252747253
55,96,17,0.18681318681318682,65,0.7142857142857143
55,96,18,0.1978021978021978,64,0.7032967032967034
55,96,19,0.2087912087912088,63,0.6923076923076923
55,96,20,0.21978021978021978,62,0.6813186813186813
55,96,21,0.23076923076923078,62,0.6813186813186813
55,96,22,0.24175824175824176,61,0.6703296703296703
55,96,23,0.25274725274725274,60,0.6593406593406593
55,96,24,0.26373626373626374,59,0.6483516483516484
55,96,25,0.27472527472527475,58,0.6373626373626373
55,96,26,0.2857142857142857,57,0.6263736263736264
55,96,27,0.2967032967032967,56,0.6153846153846154
55,96,28,0.3076923076923077,55,0.6043956043956044
55,96,29,0.31868131868131866,54,0.5934065934065934
55,96,30,0.32967032967032966,53,0.5824175824175825
55,96,31,0.34065934065934067,52,0.5714285714285714
55,96,32,0.3516483516483517,51,0.5604395604395604
55,96,33,0.3626373626373626,50,0.5494505494505495
55,96,34,0.37362637362637363,49,0.5384615384615384
55,96,35,0.38461538461538464,48,0.5274725274725275
55,96,36,0.3956043956043956,47,0.5164835164835165
55,96,37,0.4065934065934066,46,0.5054945054945055
55,96,38,0.4175824175824176,45,0.4945054945054945
55,96,39,0.42857142857142855,44,0.4835164835164835
55,96,40,0.43956043956043955,43,0.4725274725274725
55,96,41,0.45054945054945056,42,0.46153846153846156
55,96,42,0.46153846153846156,41,0.45054945054945056
55,96,43,0.4725274725274725,40,0.43956043956043955
55,96,44,0.4835164835164835,40,0.43956043956043955
55,96,45,0.4945054945054945,39,0.42857142857142855
55,96,46,0.5054945054945055,38,0.4175824175824176
55,96,47,0.5164835164835165,37,0.4065934065934066
55,96,48,0.5274725274725275,36,0.3956043956043956
55,96,49,0.5384615384615384,35,0.38461538461538464
55,96,50,0.5494505494505495,34,0.37362637362637363
55,96,51,0.5604395604395604,34,0.37362637362637363
55,96,52,0.5714285714285714,33,0.3626373626373626
55,96,53,0.5824175824175825,32,0.3516483516483517
55,96,54,0.5934065934065934,31,0.34065934065934067
55,96,55,0.6043956043956044,30,0.32967032967032966
55,96,56,0.6153846153846154,29,0.31868131868131866
55,96,57,0.6263736263736264,28,0.3076923076923077
55,96,58,0.6373626373626373,27,0.2967032967032967
55,96,59,0.6483516483516484,26,0.2857142857142857
55,96,60,0.6593406593406593,25,0.27472527472527475
55,96,61,0.6703296703296703,24,0.26373626373626374
55,96,62,0.6813186813186813,23,0.25274725274725274
55,96,63,0.6923076923076923,22,0.24175824175824176
55,96,64,0.7032967032967034,22,0.24175824175824176
55,96,65,0.7142857142857143,21,0.23076923076923078
55,96,66,0.7252747252747253,21,0.23076923076923078
55,96,67,0.7362637362637363,20,0.21978021978021978
55,96,68,0.7472527472527473,19,0.2087912087912088
55,96,69,0.7582417582417582,18,0.1978021978021978
55,96,70,0.7692307692307693,16,0.17582417582417584
55,96,71,0.7802197802197802,15,0.16483516483516483
55,96,72,0.7912087912087912,14,0.15384615384615385
55,96,73,0.8021978021978022,13,0.14285714285714285
55,96,74,0.8131868131868132,12,0.13186813186813187
55,96,75,0.8241758241758241,11,0.12087912087912088
55,96,76,0.8351648351648352,10,0.10989010989010989
55,96,77,0.8461538461538461,10,0.10989010989010989
55,96,78,0.8571428571428571,10,0.10989010989010989
55,96,79,0.8681318681318682,10,0.10989010989010989
55,96,80,0.8791208791208791,10,0.10989010989010989
55,96,81,0.8901098901098901,9,0.0989010989010989
55,96,82,0.9010989010989011,8,0.08791208791208792
55,96,83,0.9120879120879121,8,0.08791208791208792
55,96,84,0.9230769230769231,7,0.07692307692307693
55,96,85,0.9340659340659341,6,0.06593406593406594
55,96,86,0.945054945054945,5,0.054945054945054944
55,96,87,0.9560439560439561,4,0.04395604395604396
55,96,88,0.967032967032967,3,0.03296703296703297
55,96,89,0.978021978021978,2,0.02197802197802198
55,96,90,0.989010989010989,1,0.01098901098901099
55,96,91,1.0,0,0.0
56,97,0,0.0,82,0.9010989010989011
56,97,1,0.01098901098901099,82,0.9010989010989011
56,97,2,0.02197802197802198,80,0.8791208791208791
56,97,3,0.03296703296703297,79,0.8681318681318682
56,97,4,0.04395604395604396,78,0.8571428571428571
56,97,5,0.054945054945054944,77,0.8461538461538461
56,97,6,0.06593406593406594,76,0.8351648351648352
56,97,7,0.07692307692307693,75,0.8241758241758241
56,97,8,0.08791208791208792,74,0.8131868131868132
56,97,9,0.0989010989010989,73,0.8021978021978022
56,97,10,0.10989010989010989,72,0.7912087912087912
56,97,11,0.12087912087912088,71,0.7802197802197802
56,97,12,0.13186813186813187,70,0.7692307692307693
56,97,13,0.14285714285714285,69,0.7582417582417582
56,97,14,0.15384615384615385,68,0.7472527472527473
56,97,15,0.16483516483516483,67,0.7362637362637363
56,97,16,0.17582417582417584,66,0.7252747252747253
56,97,17,0.18681318681318682,65,0.7142857142857143
56,97,18,0.1978021978021978,64,0.7032967032967034
56,97,19,0.2087912087912088,63,0.6923076923076923
56,97,20,0.21978021978021978,62,0.6813186813186813
56,97,21,0.23076923076923078,61,0.6703296703296703
56,97,22,0.24175824175824176,60,0.6593406593406593
56,97,23,0.25274725274725274,59,0.6483516483516484
56,97,24,0.26373626373626374,58,0.6373626373626373
56,97,25,0.27472527472527475,57,0.6263736263736264
56,97,26,0.2857142857142857,56,0.6153846153846154
56,97,27,0.2967032967032967,55,0.6043956043956044
56,97,28,0.3076923076923077,54,0.5934065934065934
56,97,29,0.31868131868131866,54,0.5934065934065934
56,97,30,0.32967032967032966,53,0.5824175824175825
56,97,31,0.34065934065934067,52,0.5714285714285714
56,97,32,0.3516483516483517,51,0.5604395604395604
56,97,33,0.3626373626373626,50,0.5494505494505495
56,97,34,0.37362637362637363,49,0.5384615384615384
56,97,35,0.38461538461538464,48,0.5274725274725275
56,97,36,0.3956043956043956,47,0.5164835164835165
56,97,37,0.4065934065934066,46,0.5054945054945055
56,97,38,0.4175824175824176,45,0.4945054945054945
56,97,39,0.42857142857142855,44,0.4835164835164835
56,97,40,0.43956043956043955,43,0.4725274725274725
56,97,41,0.45054945054945056,42,0.46153846153846156
56,97,42,0.46153846153846156,41,0.45054945054945056
56,97,43,0.4725274725274725,40,0.43956043956043955
56,97,44,0.4835164835164835,39,0.42857142857142855
56,97,45,0.4945054945054945,38,0.4175824175824176
56,97,46,0.5054945054945055,38,0.4175824175824176
56,97,47,0.5164835164835165,37,0.4065934065934066
56,97,48,0.5274725274725275,37,0.4065934065934066
56,97,49,0.5384615384615384,36,0.3956043956043956
56,97,50,0.5494505494505495,35,0.38461538461538464
56,97,51,0.5604395604395604,34,0.37362637362637363
56,97,52,0.5714285714285714,33,0.3626373626373626
56,97,53,0.5824175824175825,32,0.3516483516483517
56,97,54,0.5934065934065934,31,0.34065934065934067
56,97,55,0.6043956043956044,31,0.34065934065934067
56,97,56,0.6153846153846154,30,0.32967032967032966
56,97,57,0.6263736263736264,29,0.31868131868131866
56,97,58,0.6373626373626373,28,0.3076923076923077
56,97,59,0.6483516483516484,27,0.2967032967032967
56,97,60,0.6593406593406593,27,0.2967032967032967
56,97,61,0.6703296703296703,27,0.2967032967032967
56,97,62,0.6813186813186813,27,0.2967032967032967
56,97,63,0.6923076923076923,26,0.2857142857142857
56,97,64,0.7032967032967034,26,0.2857142857142857
56,97,65,0.7142857142857143,25,0.27472527472527475
56,97,66,0.7252747252747253,24,0.26373626373626374
56,97,67,0.7362637362637363,23,0.25274725274725274
56,97,68,0.7472527472527473,22,0.24175824175824176
56,97,69,0.7582417582417582,21,0.23076923076923078
56,97,70,0.7692307692307693,20,0.21978021978021978
56,97,71,0.7802197802197802,19,0.2087912087912088
56,97,72,0.7912087912087912,18,0.1978021978021978
56,97,73,0.8021978021978022,17,0.18681318681318682
56,97,74,0.8131868131868132,16,0.17582417582417584
56,97,75,0.8241758241758241,14,0.15384615384615385
56,97,76,0.8351648351648352,13,0.14285714285714285
56,97,77,0.8461538461538461,12,0.13186813186813187
56,97,78,0.8571428571428571,11,0.12087912087912088
56,97,79,0.8681318681318682,10,0.10989010989010989
56,97,80,0.8791208791208791,10,0.10989010989010989
56,97,81,0.8901098901098901,9,0.0989010989010989
56,97,82,0.9010989010989011,8,0.08791208791208792
56,97,83,0.9120879120879121,7,0.07692307692307693
56,97,84,0.9230769230769231,6,0.06593406593406594
56,97,85,0.9340659340659341,5,0.054945054945054944
56,97,86,0.945054945054945,4,0.04395604395604396
56,97,87,0.9560439560439561,3,0.03296703296703297
56,97,88,0.967032967032967,2,0.02197802197802198
56,97,89,0.978021978021978,1,0.01098901098901099
56,97,90,0.989010989010989,1,0.01098901098901099
56,97,91,1.0,0,0.0
57,98,0,0.0,82,0.9010989010989011
57,98,1,0.01098901098901099,81,0.8901098901098901
57,98,2,0.02197802197802198,80,0.8791208791208791
57,98,3,0.03296703296703297,79,0.8681318681318682
57,98,4,0.04395604395604396,78,0.8571428571428571
57,98,5,0.054945054945054944,77,0.8461538461538461
57,98,6,0.06593406593406594,76,0.8351648351648352
57,98,7,0.07692307692307693,75,0.8241758241758241
57,98,8,0.08791208791208792,75,0.8241758241758241
57,98,9,0.0989010989010989,74,0.8131868131868132
57,98,10,0.10989010989010989,73,0.8021978021978022
57,98,11,0.12087912087912088,72,0.7912087912087912
57,98,12,0.13186813186813187,71,0.7802197802197802
57,98,13,0.14285714285714285,70,0.7692307692307693
57,98,14,0.15384615384615385,69,0.7582417582417582
57,98,15,0.16483516483516483,68,0.7472527472527473
57,98,16,0.17582417582417584,66,0.7252747252747253
57,98,17,0.18681318681318682,65,0.7142857142857143
57,98,18,0.1978021978021978,64,0.7032967032967034
57,98,19,0.2087912087912088,63,0.6923076923076923
57,98,20,0.21978021978021978,62,0.6813186813186813
57,98,21,0.23076923076923078,61,0.6703296703296703
57,98,22,0.24175824175824176,60,0.6593406593406593
57,98,23,0.25274725274725274,59,0.6483516483516484
57,98,24,0.26373626373626374,58,0.6373626373626373
57,98,25,0.27472527472527475,58,0.6373626373626373
57,98,26,0.2857142857142857,57,0.6263736263736264
57,98,27,0.2967032967032967,56,0.6153846153846154
57,98,28,0.3076923076923077,55,0.6043956043956044
57,98,29,0.31868131868131866,54,0.5934065934065934
57,98,30,0.32967032967032966,53,0.5824175824175825
57,98,31,0.34065934065934067,53,0.5824175824175825
57,98,32,0.3516483516483517,52,0.5714285714285714
57,98,33,0.3626373626373626,51,0.5604395604395604
57,98,34,0.37362637362637363,50,0.5494505494505495
57,98,35,0.38461538461538464,49,0.5384615384615384
57,98,36,0.3956043956043956,48,0.5274725274725275
57,98,37,0.4065934065934066,47,0.5164835164835165
57,98,38,0.4175824175824176,46,0.5054945054945055
57,98,39,0.42857142857142855,45,0.4945054945054945
57,98,40,0.43956043956043955,44,0.4835164835164835
57,98,41,0.45054945054945056,43,0.4725274725274725
57,98,42,0.46153846153846156,42,0.46153846153846156
57,98,43,0.4725274725274725,41,0.45054945054945056
57,98,44,0.4835164835164835,40,0.43956043956043955
57,98,45,0.4945054945054945,38,0.4175824175824176
57,98,46,0.5054945054945055,37,0.4065934065934066
57,98,47,0.5164835164835165,36,0.3956043956043956
57,98,48,0.5274725274725275,35,0.38461538461538464
57,98,49,0.5384615384615384,34,0.37362637362637363
57,98,50,0.5494505494505495,34,0.37362637362637363
57,98,51,0.5604395604395604,33,0.3626373626373626
57,98,52,0.5714285714285714,32,0.3516483516483517
57,98,53,0.5824175824175825,31,0.34065934065934067
57,98,54,0.5934065934065934,30,0.32967032967032966
57,98,55,0.6043956043956044,30,0.32967032967032966
57,98,56,0.6153846153846154,29,0.31868131868131866
57,98,57,0.6263736263736264,28,0.3076923076923077
57,98,58,0.6373626373626373,28,0.3076923076923077
57,98,59,0.6483516483516484,27,0.2967032967032967
57,98,60,0.6593406593406593,26,0.2857142857142857
57,98,61,0.6703296703296703,25,0.27472527472527475
57,98,62,0.6813186813186813,24,0.26373626373626374
57,98,63,0.6923076923076923,23,0.25274725274725274
57,98,64,0.7032967032967034,23,0.25274725274725274
57,98,65,0.7142857142857143,23,0.25274725274725274
57,98,66,0.7252747252747253,22,0.24175824175824176
57,98,67,0.7362637362637363,22,0.24175824175824176
57,98,68,0.7472527472527473,22,0.24175824175824176
57,98,69,0.7582417582417582,21,0.23076923076923078
57,98,70,0.7692307692307693,20,0.21978021978021978
57,98,71,0.7802197802197802,19,0.2087912087912088
57,98,72,0.7912087912087912,18,0.1978021978021978
57,98,73,0.8021978021978022,17,0.18681318681318682
57,98,74,0.8131868131868132,16,0.17582417582417584
57,98,75,0.8241758241758241,15,0.16483516483516483
57,98,76,0.8351648351648352,15,0.16483516483516483
57,98,77,0.8461538461538461,14,0.15384615384615385
57,98,78,0.8571428571428571,13,0.14285714285714285
57,98,79,0.8681318681318682,12,0.13186813186813187
57,98,80,0.8791208791208791,11,0.12087912087912088
57,98,81,0.8901098901098901,10,0.10989010989010989
57,98,82,0.9010989010989011,9,0.0989010989010989
57,98,83,0.9120879120879121,8,0.08791208791208792
57,98,84,0.9230769230769231,7,0.07692307692307693
57,98,85,0.9340659340659341,6,0.06593406593406594
57,98,86,0.945054945054945,5,0.054945054945054944
57,98,87,0.9560439560439561,4,0.04395604395604396
57,98,88,0.967032967032967,3,0.03296703296703297
57,98,89,0.978021978021978,2,0.02197802197802198
57,98,90,0.989010989010989,1,0.01098901098901099
57,98,91,1.0,0,0.0
58,99,0,0.0,82,0.9010989010989011
58,99,1,0.01098901098901099,81,0.8901098901098901
58,99,2,0.02197802197802198,81,0.8901098901098901
58,99,3,0.03296703296703297,80,0.8791208791208791
58,99,4,0.04395604395604396,79,0.8681318681318682
58,99,5,0.054945054945054944,78,0.8571428571428571
58,99,6,0.06593406593406594,77,0.8461538461538461
58,99,7,0.07692307692307693,76,0.8351648351648352
58,99,8,0.08791208791208792,75,0.8241758241758241
58,99,9,0.0989010989010989,74,0.8131868131868132
58,99,10,0.10989010989010989,73,0.8021978021978022
58,99,11,0.12087912087912088,72,0.7912087912087912
58,99,12,0.13186813186813187,71,0.7802197802197802
58,99,13,0.14285714285714285,70,0.7692307692307693
58,99,14,0.15384615384615385,69,0.7582417582417582
58,99,15,0.16483516483516483,68,0.7472527472527473
58,99,16,0.17582417582417584,67,0.7362637362637363
58,99,17,0.18681318681318682,66,0.7252747252747253
58,99,18,0.1978021978021978,65,0.7142857142857143
58,99,19,0.2087912087912088,64,0.7032967032967034
58,99,20,0.21978021978021978,63,0.6923076923076923
58,99,21,0.23076923076923078,63,0.6923076923076923
58,99,22,0.24175824175824176,62,0.6813186813186813
58,99,23,0.25274725274725274,61,0.6703296703296703
58,99,24,0.26373626373626374,60,0.6593406593406593
58,99,25,0.27472527472527475,59,0.6483516483516484
58,99,26,0.2857142857142857,58,0.6373626373626373
58,99,27,0.2967032967032967,57,0.6263736263736264
58,99,28,0.3076923076923077,56,0.6153846153846154
58,99,29,0.31868131868131866,55,0.6043956043956044
58,99,30,0.32967032967032966,54,0.5934065934065934
58,99,31,0.34065934065934067,53,0.5824175824175825
58,99,32,0.3516483516483517,52,0.5714285714285714
58,99,33,0.3626373626373626,51,0.5604395604395604
58,99,34,0.37362637362637363,50,0.5494505494505495
58,99,35,0.38461538461538464,49,0.5384615384615384
58,99,36,0.3956043956043956,49,0.5384615384615384
58,99,37,0.4065934065934066,48,0.5274725274725275
58,99,38,0.4175824175824176,47,0.5164835164835165
58,99,39,0.42857142857142855,47,0.5164835164835165
58,99,40,0.43956043956043955,47,0.5164835164835165
58,99,41,0.45054945054945056,45,0.4945054945054945
58,99,42,0.46153846153846156,44,0.4835164835164835
58,99,43,0.4725274725274725,43,0.4725274725274725
58,99,44,0.4835164835164835,42,0.46153846153846156
58,99,45,0.4945054945054945,41,0.45054945054945056
58,99,46,0.5054945054945055,40,0.43956043956043955
58,99,47,0.5164835164835165,39,0.42857142857142855
58,99,48,0.5274725274725275,39,0.42857142857142855
58,99,49,0.5384615384615384,38,0.4175824175824176
58,99,50,0.5494505494505495,37,0.4065934065934066
58,99,51,0.5604395604395604,36,0.3956043956043956
58,99,52,0.5714285714285714,35,0.38461538461538464
58,99,53,0.5824175824175825,34,0.37362637362637363
58,99,54,0.5934065934065934,33,0.3626373626373626
58,99,55,0.6043956043956044,33,0.3626373626373626
58,99,56,0.6153846153846154,32,0.3516483516483517
58,99,57,0.6263736263736264,31,0.34065934065934067
58,99,58,0.6373626373626373,30,0.32967032967032966
58,99,59,0.6483516483516484,29,0.31868131868131866
58,99,60,0.6593406593406593,28,0.3076923076923077
58,99,61,0.6703296703296703,27,0.2967032967032967
58,99,62,0.6813186813186813,26,0.2857142857142857
58,99,63,0.6923076923076923,26,0.2857142857142857
58,99,64,0.7032967032967034,25,0.27472527472527475
58,99,65,0.7142857142857143,24,0.26373626373626374
58,99,66,0.7252747252747253,23,0.25274725274725274
58,99,67,0.7362637362637363,22,0.24175824175824176
58,99,68,0.7472527472527473,21,0.23076923076923078
58,99,69,0.7582417582417582,20,0.21978021978021978
58,99,70,0.7692307692307693,19,0.2087912087912088
58,99,71,0.7802197802197802,19,0.2087912087912088
58,99,72,0.7912087912087912,18,0.1978021978021978
58,99,73,0.8021978021978022,17,0.18681318681318682
58,99,74,0.8131868131868132,16,0.17582417582417584
58,99,75,0.8241758241758241,15,0.16483516483516483
58,99,76,0.8351648351648352,14,0.15384615384615385
58,99,77,0.8461538461538461,13,0.14285714285714285
58,99,78,0.8571428571428571,12,0.13186813186813187
58,99,79,0.8681318681318682,11,0.12087912087912088
58,99,80,0.8791208791208791,10,0.10989010989010989
58,99,81,0.8901098901098901,9,0.0989010989010989
58,99,82,0.9010989010989011,8,0.08791208791208792
58,99,83,0.9120879120879121,7,0.07692307692307693
58,99,84,0.9230769230769231,6,0.06593406593406594
58,99,85,0.9340659340659341,5,0.054945054945054944
58,99,86,0.945054945054945,4,0.04395604395604396
58,99,87,0.9560439560439561,3,0.03296703296703297
58,99,88,0.967032967032967,2,0.02197802197802198
58,99,89,0.978021978021978,2,0.02197802197802198
58,99,90,0.989010989010989,1,0.01098901098901099
58,99,91,1.0,0,0.0
59,100,0,0.0,82,0.9010989010989011
59,100,1,0.01098901098901099,81,0.8901098901098901
59,100,2,0.02197802197802198,80,0.8791208791208791
59,100,3,0.03296703296703297,79,0.8681318681318682
59,100,4,0.04395604395604396,78,0.8571428571428571
59,100,5,0.054945054945054944,77,0.8461538461538461
59,100,6,0.06593406593406594,76,0.8351648351648352
59,100,7,0.07692307692307693,75,0.8241758241758241
59,100,8,0.08791208791208792,75,0.8241758241758241
59,100,9,0.0989010989010989,74,0.8131868131868132
59,100,10,0.10989010989010989,73,0.8021978021978022
59,100,11,0.12087912087912088,72,0.7912087912087912
59,100,12,0.13186813186813187,71,0.7802197802197802
59,100,13,0.14285714285714285,70,0.7692307692307693
59,100,14,0.15384615384615385,69,0.7582417582417582
59,100,15,0.16483516483516483,68,0.7472527472527473
59,100,16,0.17582417582417584,67,0.7362637362637363
59,100,17,0.18681318681318682,67,0.7362637362637363
59,100,18,0.1978021978021978,66,0.7252747252747253
59,100,19,0.2087912087912088,65,0.7142857142857143
59,100,20,0.21978021978021978,64,0.7032967032967034
59,100,21,0.23076923076923078,63,0.6923076923076923
59,100,22,0.24175824175824176,62,0.6813186813186813
59,100,23,0.25274725274725274,61,0.6703296703296703
59,100,24,0.26373626373626374,60,0.6593406593406593
59,100,25,0.27472527472527475,59,0.6483516483516484
59,100,26,0.2857142857142857,58,0.6373626373626373
59,100,27,0.2967032967032967,57,0.6263736263736264
59,100,28,0.3076923076923077,56,0.6153846153846154
59,100,29,0.31868131868131866,55,0.6043956043956044
59,100,30,0.32967032967032966,54,0.5934065934065934
59,100,31,0.34065934065934067,53,0.5824175824175825
59,100,32,0.3516483516483517,52,0.5714285714285714
59,100,33,0.3626373626373626,52,0.5714285714285714
59,100,34,0.37362637362637363,52,0.5714285714285714
59,100,35,0.38461538461538464,51,0.5604395604395604
59,100,36,0.3956043956043956,51,0.5604395604395604
59,100,37,0.4065934065934066,50,0.5494505494505495
59,100,38,0.4175824175824176,49,0.5384615384615384
59,100,39,0.42857142857142855,48,0.5274725274725275
59,100,40,0.43956043956043955,47,0.5164835164835165
59,100,41,0.45054945054945056,46,0.5054945054945055
59,100,42,0.46153846153846156,44,0.4835164835164835
59,100,43,0.4725274725274725,43,0.4725274725274725
59,100,44,0.4835164835164835,42,0.46153846153846156
59,100,45,0.4945054945054945,41,0.45054945054945056
59,100,46,0.5054945054945055,40,0.43956043956043955
59,100,47,0.5164835164835165,39,0.42857142857142855
59,100,48,0.5274725274725275,39,0.42857142857142855
59,100,49,0.5384615384615384,38,0.4175824175824176
59,100,50,0.5494505494505495,37,0.4065934065934066
59,100,51,0.5604395604395604,36,0.3956043956043956
59,100,52,0.5714285714285714,35,0.38461538461538464
59,100,53,0.5824175824175825,34,0.37362637362637363
59,100,54,0.5934065934065934,34,0.37362637362637363
59,100,55,0.6043956043956044,33,0.3626373626373626
59,100,56,0.6153846153846154,32,0.3516483516483517
59,100,57,0.6263736263736264,31,0.34065934065934067
59,100,58,0.6373626373626373,30,0.32967032967032966
59,100,59,0.6483516483516484,29,0.31868131868131866
59,100,60,0.6593406593406593,27,0.2967032967032967
59,100,61,0.6703296703296703,27,0.2967032967032967
59,100,62,0.6813186813186813,27,0.2967032967032967
59,100,63,0.6923076923076923,26,0.2857142857142857
59,100,64,0.7032967032967034,25,0.27472527472527475
59,100,65,0.7142857142857143,24,0.26373626373626374
59,100,66,0.7252747252747253,24,0.26373626373626374
59,100,67,0.7362637362637363,23,0.25274725274725274
59,100,68,0.7472527472527473,22,0.24175824175824176
59,100,69,0.7582417582417582,21,0.23076923076923078
59,100,70,0.7692307692307693,20,0.21978021978021978
59,100,71,0.7802197802197802,19,0.2087912087912088
59,100,72,0.7912087912087912,18,0.1978021978021978
59,100,73,0.8021978021978022,17,0.18681318681318682
59,100,74,0.8131868131868132,15,0.16483516483516483
59,100,75,0.8241758241758241,14,0.15384615384615385
59,100,76,0.8351648351648352,13,0.14285714285714285
59,100,77,0.8461538461538461,12,0.13186813186813187
59,100,78,0.8571428571428571,11,0.12087912087912088
59,100,79,0.8681318681318682,10,0.10989010989010989
59,100,80,0.8791208791208791,9,0.0989010989010989
59,100,81,0.8901098901098901,8,0.08791208791208792
59,100,82,0.9010989010989011,7,0.07692307692307693
59,100,83,0.9120879120879121,6,0.06593406593406594
59,100,84,0.9230769230769231,6,0.06593406593406594
59,100,85,0.9340659340659341,5,0.054945054945054944
59,100,86,0.945054945054945,4,0.04395604395604396
59,100,87,0.9560439560439561,3,0.03296703296703297
59,100,88,0.967032967032967,1,0.01098901098901099
59,100,89,0.978021978021978,1,0.01098901098901099
59,100,90,0.989010989010989,1,0.01098901098901099
59,100,91,1.0,0,0.0
60,101,0,0.0,82,0.9010989010989011
60,101,1,0.01098901098901099,81,0.8901098901098901
60,101,2,0.02197802197802198,80,0.8791208791208791
60,101,3,0.03296703296703297,79,0.8681318681318682
60,101,4,0.04395604395604396,78,0.8571428571428571
60,101,5,0.054945054945054944,77,0.8461538461538461
60,101,6,0.06593406593406594,76,0.8351648351648352
60,101,7,0.07692307692307693,76,0.8351648351648352
60,101,8,0.08791208791208792,75,0.8241758241758241
60,101,9,0.0989010989010989,74,0.8131868131868132
60,101,10,0.10989010989010989,72,0.7912087912087912
60,101,11,0.12087912087912088,71,0.7802197802197802
60,101,12,0.13186813186813187,71,0.7802197802197802
60,101,13,0.14285714285714285,70,0.7692307692307693
60,101,14,0.15384615384615385,69,0.7582417582417582
60,101,15,0.16483516483516483,68,0.7472527472527473
60,101,16,0.17582417582417584,67,0.7362637362637363
60,101,17,0.18681318681318682,66,0.7252747252747253
60,101,18,0.1978021978021978,65,0.7142857142857143
60,101,19,0.2087912087912088,64,0.7032967032967034
60,101,20,0.21978021978021978,64,0.7032967032967034
60,101,21,0.23076923076923078,63,0.6923076923076923
60,101,22,0.24175824175824176,62,0.6813186813186813
60,101,23,0.25274725274725274,61,0.6703296703296703
60,101,24,0.26373626373626374,60,0.6593406593406593
60,101,25,0.27472527472527475,59,0.6483516483516484
60,101,26,0.2857142857142857,58,0.6373626373626373
60,101,27,0.2967032967032967,57,0.6263736263736264
60,101,28,0.3076923076923077,56,0.6153846153846154
60,101,29,0.31868131868131866,55,0.6043956043956044
60,101,30,0.32967032967032966,54,0.5934065934065934
60,101,31,0.34065934065934067,53,0.5824175824175825
60,101,32,0.3516483516483517,52,0.5714285714285714
60,101,33,0.3626373626373626,50,0.5494505494505495
60,101,34,0.37362637362637363,49,0.5384615384615384
60,101,35,0.38461538461538464,48,0.5274725274725275
60,101,36,0.3956043956043956,47,0.5164835164835165
60,101,37,0.4065934065934066,46,0.5054945054945055
60,101,38,0.4175824175824176,45,0.4945054945054945
60,101,39,0.42857142857142855,45,0.4945054945054945
60,101,40,0.43956043956043955,44,0.4835164835164835
60,101,41,0.45054945054945056,43,0.4725274725274725
60,101,42,0.46153846153846156,42,0.46153846153846156
60,101,43,0.4725274725274725,41,0.45054945054945056
60,101,44,0.4835164835164835,40,0.43956043956043955
60,101,45,0.4945054945054945,39,0.42857142857142855
60,101,46,0.5054945054945055,38,0.4175824175824176
60,101,47,0.5164835164835165,37,0.4065934065934066
60,101,48,0.5274725274725275,36,0.3956043956043956
60,101,49,0.5384615384615384,35,0.38461538461538464
60,101,50,0.5494505494505495,34,0.37362637362637363
60,101,51,0.5604395604395604,33,0.3626373626373626
60,101,52,0.5714285714285714,32,0.3516483516483517
60,101,53,0.5824175824175825,31,0.34065934065934067
60,101,54,0.5934065934065934,31,0.34065934065934067
60,101,55,0.6043956043956044,30,0.32967032967032966
60,101,56,0.6153846153846154,29,0.31868131868131866
60,101,57,0.6263736263736264,28,0.3076923076923077
60,101,58,0.6373626373626373,27,0.2967032967032967
60,101,59,0.6483516483516484,26,0.2857142857142857
60,101,60,0.6593406593406593,26,0.2857142857142857
60,101,61,0.6703296703296703,25,0.27472527472527475
60,101,62,0.6813186813186813,24,0.26373626373626374
60,101,63,0.6923076923076923,23,0.25274725274725274
60,101,64,0.7032967032967034,22,0.24175824175824176
60,101,65,0.7142857142857143,21,0.23076923076923078
60,101,66,0.7252747252747253,20,0.21978021978021978
60,101,67,0.7362637362637363,20,0.21978021978021978
60,101,68,0.7472527472527473,20,0.21978021978021978
60,101,69,0.7582417582417582,19,0.2087912087912088
60,101,70,0.7692307692307693,18,0.1978021978021978
60,101,71,0.7802197802197802,18,0.1978021978021978
60,101,72,0.7912087912087912,17,0.18681318681318682
60,101,73,0.8021978021978022,17,0.18681318681318682
60,101,74,0.8131868131868132,16,0.17582417582417584
60,101,75,0.8241758241758241,15,0.16483516483516483
60,101,76,0.8351648351648352,14,0.15384615384615385
60,101,77,0.8461538461538461,13,0.14285714285714285
60,101,78,0.8571428571428571,12,0.13186813186813187
60,101,79,0.8681318681318682,11,0.12087912087912088
60,101,80,0.8791208791208791,10,0.10989010989010989
60,101,81,0.8901098901098901,9,0.0989010989010989
60,101,82,0.9010989010989011,8,0.08791208791208792
60,101,83,0.9120879120879121,7,0.07692307692307693
60,101,84,0.9230769230769231,6,0.06593406593406594
60,101,85,0.9340659340659341,3,0.03296703296703297
60,101,86,0.945054945054945,3,0.03296703296703297
60,101,87,0.9560439560439561,2,0.02197802197802198
60,101,88,0.967032967032967,2,0.02197802197802198
60,101,89,0.978021978021978,2,0.02197802197802198
60,101,90,0.989010989010989,1,0.01098901098901099
60,101,91,1.0,0,0.0
61,102,0,0.0,82,0.9010989010989011
61,102,1,0.01098901098901099,81,0.8901098901098901
61,102,2,0.02197802197802198,80,0.8791208791208791
61,102,3,0.03296703296703297,79,0.8681318681318682
61,102,4,0.04395604395604396,78,0.8571428571428571
61,102,5,0.054945054945054944,77,0.8461538461538461
61,102,6,0.06593406593406594,76,0.8351648351648352
61,102,7,0.07692307692307693,75,0.8241758241758241
61,102,8,0.08791208791208792,74,0.8131868131868132
61,102,9,0.0989010989010989,73,0.8021978021978022
61,102,10,0.10989010989010989,72,0.7912087912087912
61,102,11,0.12087912087912088,71,0.7802197802197802
61,102,12,0.13186813186813187,70,0.7692307692307693
61,102,13,0.14285714285714285,69,0.7582417582417582
61,102,14,0.15384615384615385,68,0.7472527472527473
61,102,15,0.16483516483516483,67,0.7362637362637363
61,102,16,0.17582417582417584,66,0.7252747252747253
61,102,17,0.18681318681318682,65,0.7142857142857143
61,102,18,0.1978021978021978,64,0.7032967032967034
61,102,19,0.2087912087912088,63,0.6923076923076923
61,102,20,0.21978021978021978,62,0.6813186813186813
61,102,21,0.23076923076923078,61,0.6703296703296703
61,102,22,0.24175824175824176,60,0.6593406593406593
61,102,23,0.25274725274725274,59,0.6483516483516484
61,102,24,0.26373626373626374,58,0.6373626373626373
61,102,25,0.27472527472527475,57,0.6263736263736264
61,102,26,0.2857142857142857,56,0.6153846153846154
61,102,27,0.2967032967032967,56,0.6153846153846154
61,102,28,0.3076923076923077,55,0.6043956043956044
61,102,29,0.31868131868131866,54,0.5934065934065934
61,102,30,0.32967032967032966,53,0.5824175824175825
61,102,31,0.34065934065934067,52,0.5714285714285714
61,102,32,0.3516483516483517,51,0.5604395604395604
61,102,33,0.3626373626373626,50,0.5494505494505495
61,102,34,0.37362637362637363,49,0.5384615384615384
61,102,35,0.38461538461538464,48,0.5274725274725275
61,102,36,0.3956043956043956,47,0.5164835164835165
61,102,37,0.4065934065934066,46,0.5054945054945055
61,102,38,0.4175824175824176,45,0.4945054945054945
61,102,39,0.42857142857142855,45,0.4945054945054945
61,102,40,0.43956043956043955,45,0.4945054945054945
61,102,41,0.45054945054945056,44,0.4835164835164835
61,102,42,0.46153846153846156,43,0.4725274725274725
61,102,43,0.4725274725274725,42,0.46153846153846156
61,102,44,0.4835164835164835,41,0.45054945054945056
61,102,45,0.4945054945054945,40,0.43956043956043955
61,102,46,0.5054945054945055,39,0.42857142857142855
61,102,47,0.5164835164835165,38,0.4175824175824176
61,102,48,0.5274725274725275,37,0.4065934065934066
61,102,49,0.5384615384615384,36,0.3956043956043956
61,102,50,0.5494505494505495,36,0.3956043956043956
61,102,51,0.5604395604395604,35,0.38461538461538464
61,102,52,0.5714285714285714,34,0.37362637362637363
61,102,53,0.5824175824175825,32,0.3516483516483517
61,102,54,0.5934065934065934,31,0.34065934065934067
61,102,55,0.6043956043956044,30,0.32967032967032966
61,102,56,0.6153846153846154,29,0.31868131868131866
61,102,57,0.6263736263736264,28,0.3076923076923077
61,102,58,0.6373626373626373,27,0.2967032967032967
61,102,59,0.6483516483516484,26,0.2857142857142857
61,102,60,0.6593406593406593,25,0.27472527472527475
61,102,61,0.6703296703296703,24,0.26373626373626374
61,102,62,0.6813186813186813,23,0.25274725274725274
61,102,63,0.6923076923076923,23,0.25274725274725274
61,102,64,0.7032967032967034,22,0.24175824175824176
61,102,65,0.7142857142857143,21,0.23076923076923078
61,102,66,0.7252747252747253,21,0.23076923076923078
61,102,67,0.7362637362637363,20,0.21978021978021978
61,102,68,0.7472527472527473,19,0.2087912087912088
61,102,69,0.7582417582417582,18,0.1978021978021978
61,102,70,0.7692307692307693,18,0.1978021978021978
61,102,71,0.7802197802197802,18,0.1978021978021978
61,102,72,0.7912087912087912,17,0.18681318681318682
61,102,73,0.8021978021978022,16,0.17582417582417584
61,102,74,0.8131868131868132,16,0.17582417582417584
61,102,75,0.8241758241758241,15,0.16483516483516483
61,102,76,0.8351648351648352,14,0.15384615384615385
61,102,77,0.8461538461538461,13,0.14285714285714285
61,102,78,0.8571428571428571,12,0.13186813186813187
61,102,79,0.8681318681318682,12,0.13186813186813187
61,102,80,0.8791208791208791,11,0.12087912087912088
61,102,81,0.8901098901098901,10,0.10989010989010989
61,102,82,0.9010989010989011,9,0.0989010989010989
61,102,83,0.9120879120879121,8,0.08791208791208792
61,102,84,0.9230769230769231,7,0.07692307692307693
61,102,85,0.9340659340659341,5,0.054945054945054944
61,102,86,0.945054945054945,4,0.04395604395604396
61,102,87,0.9560439560439561,3,0.03296703296703297
61,102,88,0.967032967032967,2,0.02197802197802198
61,102,89,0.978021978021978,2,0.02197802197802198
61,102,90,0.989010989010989,1,0.01098901098901099
61,102,91,1.0,0,0.0
62,103,0,0.0,82,0.9010989010989011
62,103,1,0.01098901098901099,81,0.8901098901098901
62,103,2,0.02197802197802198,80,0.8791208791208791
62,103,3,0.03296703296703297,79,0.8681318681318682
62,103,4,0.04395604395604396,78,0.8571428571428571
62,103,5,0.054945054945054944,77,0.8461538461538461
62,103,6,0.06593406593406594,76,0.8351648351648352
62,103,7,0.07692307692307693,75,0.8241758241758241
62,103,8,0.08791208791208792,74,0.8131868131868132
62,103,9,0.0989010989010989,73,0.8021978021978022
62,103,10,0.10989010989010989,72,0.7912087912087912
62,103,11,0.12087912087912088,71,0.7802197802197802
62,103,12,0.13186813186813187,70,0.7692307692307693
62,103,13,0.14285714285714285,69,0.7582417582417582
62,103,14,0.15384615384615385,68,0.7472527472527473
62,103,15,0.16483516483516483,67,0.7362637362637363
62,103,16,0.17582417582417584,66,0.7252747252747253
62,103,17,0.18681318681318682,65,0.7142857142857143
62,103,18,0.1978021978021978,64,0.7032967032967034
62,103,19,0.2087912087912088,62,0.6813186813186813
62,103,20,0.21978021978021978,62,0.6813186813186813
62,103,21,0.23076923076923078,61,0.6703296703296703
62,103,22,0.24175824175824176,60,0.6593406593406593
62,103,23,0.25274725274725274,59,0.6483516483516484
62,103,24,0.26373626373626374,59,0.6483516483516484
62,103,25,0.27472527472527475,58,0.6373626373626373
62,103,26,0.2857142857142857,57,0.6263736263736264
62,103,27,0.2967032967032967,57,0.6263736263736264
62,103,28,0.3076923076923077,56,0.6153846153846154
62,103,29,0.31868131868131866,55,0.6043956043956044
62,103,30,0.32967032967032966,54,0.5934065934065934
62,103,31,0.34065934065934067,53,0.5824175824175825
62,103,32,0.3516483516483517,52,0.5714285714285714
62,103,33,0.3626373626373626,51,0.5604395604395604
62,103,34,0.37362637362637363,51,0.5604395604395604
62,103,35,0.38461538461538464,50,0.5494505494505495
62,103,36,0.3956043956043956,49,0.5384615384615384
62,103,37,0.4065934065934066,48,0.5274725274725275
62,103,38,0.4175824175824176,46,0.5054945054945055
62,103,39,0.42857142857142855,46,0.5054945054945055
62,103,40,0.43956043956043955,45,0.4945054945054945
62,103,41,0.45054945054945056,44,0.4835164835164835
62,103,42,0.46153846153846156,43,0.4725274725274725
62,103,43,0.4725274725274725,42,0.46153846153846156
62,103,44,0.4835164835164835,41,0.45054945054945056
62,103,45,0.4945054945054945,40,0.43956043956043955
62,103,46,0.5054945054945055,39,0.42857142857142855
62,103,47,0.5164835164835165,38,0.4175824175824176
62,103,48,0.5274725274725275,37,0.4065934065934066
62,103,49,0.5384615384615384,36,0.3956043956043956
62,103,50,0.5494505494505495,35,0.38461538461538464
62,103,51,0.5604395604395604,34,0.37362637362637363
62,103,52,0.5714285714285714,34,0.37362637362637363
62,103,53,0.5824175824175825,33,0.3626373626373626
62,103,54,0.5934065934065934,32,0.3516483516483517
62,103,55,0.6043956043956044,31,0.34065934065934067
62,103,56,0.6153846153846154,30,0.32967032967032966
62,103,57,0.6263736263736264,29,0.31868131868131866
62,103,58,0.6373626373626373,29,0.31868131868131866
62,103,59,0.6483516483516484,28,0.3076923076923077
62,103,60,0.6593406593406593,28,0.3076923076923077
62,103,61,0.6703296703296703,27,0.2967032967032967
62,103,62,0.6813186813186813,27,0.2967032967032967
62,103,63,0.6923076923076923,26,0.2857142857142857
62,103,64,0.7032967032967034,25,0.27472527472527475
62,103,65,0.7142857142857143,24,0.26373626373626374
62,103,66,0.7252747252747253,23,0.25274725274725274
62,103,67,0.7362637362637363,22,0.24175824175824176
62,103,68,0.7472527472527473,21,0.23076923076923078
62,103,69,0.7582417582417582,21,0.23076923076923078
62,103,70,0.7692307692307693,20,0.21978021978021978
62,103,71,0.7802197802197802,19,0.2087912087912088
62,103,72,0.7912087912087912,18,0.1978021978021978
62,103,73,0.8021978021978022,17,0.18681318681318682
62,103,74,0.8131868131868132,16,0.17582417582417584
62,103,75,0.8241758241758241,15,0.16483516483516483
62,103,76,0.8351648351648352,13,0.14285714285714285
62,103,77,0.8461538461538461,12,0.13186813186813187
62,103,78,0.8571428571428571,11,0.12087912087912088
62,103,79,0.8681318681318682,10,0.10989010989010989
62,103,80,0.8791208791208791,9,0.0989010989010989
62,103,81,0.8901098901098901,8,0.08791208791208792
62,103,82,0.9010989010989011,7,0.07692307692307693
62,103,83,0.9120879120879121,6,0.06593406593406594
62,103,84,0.9230769230769231,4,0.04395604395604396
62,103,85,0.9340659340659341,2,0.02197802197802198
62,103,86,0.945054945054945,2,0.02197802197802198
62,103,87,0.9560439560439561,2,0.02197802197802198
62,103,88,0.967032967032967,1,0.01098901098901099
62,103,89,0.978021978021978,1,0.01098901098901099
62,103,90,0.989010989010989,1,0.01098901098901099
62,103,91,1.0,0,0.0
63,104,0,0.0,82,0.9010989010989011
63,104,1,0.01098901098901099,81,0.8901098901098901
63,104,2,0.02197802197802198,80,0.8791208791208791
63,104,3,0.03296703296703297,79,0.8681318681318682
63,104,4,0.04395604395604396,78,0.8571428571428571
63,104,5,0.054945054945054944,77,0.8461538461538461
63,104,6,0.06593406593406594,76,0.8351648351648352
63,104,7,0.07692307692307693,75,0.8241758241758241
63,104,8,0.08791208791208792,74,0.8131868131868132
63,104,9,0.0989010989010989,73,0.8021978021978022
63,104,10,0.10989010989010989,72,0.7912087912087912
63,104,11,0.12087912087912088,71,0.7802197802197802
63,104,12,0.13186813186813187,70,0.7692307692307693
63,104,13,0.14285714285714285,69,0.7582417582417582
63,104,14,0.15384615384615385,68,0.7472527472527473
63,104,15,0.16483516483516483,67,0.7362637362637363
63,104,16,0.17582417582417584,66,0.7252747252747253
63,104,17,0.18681318681318682,65,0.7142857142857143
63,104,18,0.1978021978021978,64,0.7032967032967034
63,104,19,0.2087912087912088,63,0.6923076923076923
63,104,20,0.21978021978021978,62,0.6813186813186813
63,104,21,0.23076923076923078,61,0.6703296703296703
63,104,22,0.24175824175824176,60,0.6593406593406593
63,104,23,0.25274725274725274,59,0.6483516483516484
63,104,24,0.26373626373626374,58,0.6373626373626373
63,104,25,0.27472527472527475,57,0.6263736263736264
63,104,26,0.2857142857142857,56,0.6153846153846154
63,104,27,0.2967032967032967,55,0.6043956043956044
63,104,28,0.3076923076923077,53,0.5824175824175825
63,104,29,0.31868131868131866,52,0.5714285714285714
63,104,30,0.32967032967032966,51,0.5604395604395604
63,104,31,0.34065934065934067,50,0.5494505494505495
63,104,32,0.3516483516483517,49,0.5384615384615384
63,104,33,0.3626373626373626,48,0.5274725274725275
63,104,34,0.37362637362637363,47,0.5164835164835165
63,104,35,0.38461538461538464,47,0.5164835164835165
63,104,36,0.3956043956043956,45,0.4945054945054945
63,104,37,0.4065934065934066,44,0.4835164835164835
63,104,38,0.4175824175824176,43,0.4725274725274725
63,104,39,0.42857142857142855,42,0.46153846153846156
63,104,40,0.43956043956043955,41,0.45054945054945056
63,104,41,0.45054945054945056,40,0.43956043956043955
63,104,42,0.46153846153846156,40,0.43956043956043955
63,104,43,0.4725274725274725,39,0.42857142857142855
63,104,44,0.4835164835164835,38,0.4175824175824176
63,104,45,0.4945054945054945,38,0.4175824175824176
63,104,46,0.5054945054945055,37,0.4065934065934066
63,104,47,0.5164835164835165,36,0.3956043956043956
63,104,48,0.5274725274725275,35,0.38461538461538464
63,104,49,0.5384615384615384,35,0.38461538461538464
63,104,50,0.5494505494505495,34,0.37362637362637363
63,104,51,0.5604395604395604,33,0.3626373626373626
63,104,52,0.5714285714285714,32,0.3516483516483517
63,104,53,0.5824175824175825,31,0.34065934065934067
63,104,54,0.5934065934065934,30,0.32967032967032966
63,104,55,0.6043956043956044,29,0.31868131868131866
63,104,56,0.6153846153846154,29,0.31868131868131866
63,104,57,0.6263736263736264,28,0.3076923076923077
63,104,58,0.6373626373626373,27,0.2967032967032967
63,104,59,0.6483516483516484,26,0.2857142857142857
63,104,60,0.6593406593406593,26,0.2857142857142857
63,104,61,0.6703296703296703,26,0.2857142857142857
63,104,62,0.6813186813186813,25,0.27472527472527475
63,104,63,0.6923076923076923,25,0.27472527472527475
63,104,64,0.7032967032967034,24,0.26373626373626374
63,104,65,0.7142857142857143,24,0.26373626373626374
63,104,66,0.7252747252747253,23,0.25274725274725274
63,104,67,0.7362637362637363,22,0.24175824175824176
63,104,68,0.7472527472527473,21,0.23076923076923078
63,104,69,0.7582417582417582,19,0.2087912087912088
63,104,70,0.7692307692307693,18,0.1978021978021978
63,104,71,0.7802197802197802,17,0.18681318681318682
63,104,72,0.7912087912087912,16,0.17582417582417584
63,104,73,0.8021978021978022,15,0.16483516483516483
63,104,74,0.8131868131868132,14,0.15384615384615385
63,104,75,0.8241758241758241,13,0.14285714285714285
63,104,76,0.8351648351648352,12,0.13186813186813187
63,104,77,0.8461538461538461,11,0.12087912087912088
63,104,78,0.8571428571428571,10,0.10989010989010989
63,104,79,0.8681318681318682,10,0.10989010989010989
63,104,80,0.8791208791208791,9,0.0989010989010989
63,104,81,0.8901098901098901,8,0.08791208791208792
63,104,82,0.9010989010989011,7,0.07692307692307693
63,104,83,0.9120879120879121,6,0.06593406593406594
63,104,84,0.9230769230769231,5,0.054945054945054944
63,104,85,0.9340659340659341,3,0.03296703296703297
63,104,86,0.945054945054945,3,0.03296703296703297
63,104,87,0.9560439560439561,2,0.02197802197802198
63,104,88,0.967032967032967,1,0.01098901098901099
63,104,89,0.978021978021978,1,0.01098901098901099
63,104,90,0.989010989010989,1,0.01098901098901099
63,104,91,1.0,0,0.0
64,105,0,0.0,82,0.9010989010989011
64,105,1,0.01098901098901099,81,0.8901098901098901
64,105,2,0.02197802197802198,80,0.8791208791208791
64,105,3,0.03296703296703297,79,0.8681318681318682
64,105,4,0.04395604395604396,78,0.8571428571428571
64,105,5,0.054945054945054944,77,0.8461538461538461
64,105,6,0.06593406593406594,76,0.8351648351648352
64,105,7,0.07692307692307693,75,0.8241758241758241
64,105,8,0.08791208791208792,74,0.8131868131868132
64,105,9,0.0989010989010989,73,0.8021978021978022
64,105,10,0.10989010989010989,72,0.7912087912087912
64,105,11,0.12087912087912088,71,0.7802197802197802
64,105,12,0.13186813186813187,70,0.7692307692307693
64,105,13,0.14285714285714285,69,0.7582417582417582
64,105,14,0.15384615384615385,69,0.7582417582417582
64,105,15,0.16483516483516483,68,0.7472527472527473
64,105,16,0.17582417582417584,67,0.7362637362637363
64,105,17,0.18681318681318682,66,0.7252747252747253
64,105,18,0.1978021978021978,65,0.7142857142857143
64,105,19,0.2087912087912088,64,0.7032967032967034
64,105,20,0.21978021978021978,63,0.6923076923076923
64,105,21,0.23076923076923078,62,0.6813186813186813
64,105,22,0.24175824175824176,62,0.6813186813186813
64,105,23,0.25274725274725274,61,0.6703296703296703
64,105,24,0.26373626373626374,60,0.6593406593406593
64,105,25,0.27472527472527475,59,0.6483516483516484
64,105,26,0.2857142857142857,58,0.6373626373626373
64,105,27,0.2967032967032967,57,0.6263736263736264
64,105,28,0.3076923076923077,56,0.6153846153846154
64,105,29,0.31868131868131866,55,0.6043956043956044
64,105,30,0.32967032967032966,54,0.5934065934065934
64,105,31,0.34065934065934067,53,0.5824175824175825
64,105,32,0.3516483516483517,51,0.5604395604395604
64,105,33,0.3626373626373626,50,0.5494505494505495
64,105,34,0.37362637362637363,49,0.5384615384615384
64,105,35,0.38461538461538464,48,0.5274725274725275
64,105,36,0.3956043956043956,47,0.5164835164835165
64,105,37,0.4065934065934066,47,0.5164835164835165
64,105,38,0.4175824175824176,47,0.5164835164835165
64,105,39,0.42857142857142855,46,0.5054945054945055
64,105,40,0.43956043956043955,45,0.4945054945054945
64,105,41,0.45054945054945056,44,0.4835164835164835
64,105,42,0.46153846153846156,43,0.4725274725274725
64,105,43,0.4725274725274725,42,0.46153846153846156
64,105,44,0.4835164835164835,41,0.45054945054945056
64,105,45,0.4945054945054945,40,0.43956043956043955
64,105,46,0.5054945054945055,39,0.42857142857142855
64,105,47,0.5164835164835165,38,0.4175824175824176
64,105,48,0.5274725274725275,37,0.4065934065934066
64,105,49,0.5384615384615384,36,0.3956043956043956
64,105,50,0.5494505494505495,35,0.38461538461538464
64,105,51,0.5604395604395604,34,0.37362637362637363
64,105,52,0.5714285714285714,33,0.3626373626373626
64,105,53,0.5824175824175825,32,0.3516483516483517
64,105,54,0.5934065934065934,32,0.3516483516483517
64,105,55,0.6043956043956044,31,0.34065934065934067
64,105,56,0.6153846153846154,30,0.32967032967032966
64,105,57,0.6263736263736264,29,0.31868131868131866
64,105,58,0.6373626373626373,28,0.3076923076923077
64,105,59,0.6483516483516484,27,0.2967032967032967
64,105,60,0.6593406593406593,26,0.2857142857142857
64,105,61,0.6703296703296703,25,0.27472527472527475
64,105,62,0.6813186813186813,24,0.26373626373626374
64,105,63,0.6923076923076923,23,0.25274725274725274
64,105,64,0.7032967032967034,23,0.25274725274725274
64,105,65,0.7142857142857143,22,0.24175824175824176
64,105,66,0.7252747252747253,21,0.23076923076923078
64,105,67,0.7362637362637363,20,0.21978021978021978
64,105,68,0.7472527472527473,19,0.2087912087912088
64,105,69,0.7582417582417582,18,0.1978021978021978
64,105,70,0.7692307692307693,18,0.1978021978021978
64,105,71,0.7802197802197802,17,0.18681318681318682
64,105,72,0.7912087912087912,15,0.16483516483516483
64,105,73,0.8021978021978022,15,0.16483516483516483
64,105,74,0.8131868131868132,14,0.15384615384615385
64,105,75,0.8241758241758241,13,0.14285714285714285
64,105,76,0.8351648351648352,13,0.14285714285714285
64,105,77,0.8461538461538461,12,0.13186813186813187
64,105,78,0.8571428571428571,11,0.12087912087912088
64,105,79,0.8681318681318682,10,0.10989010989010989
64,105,80,0.8791208791208791,9,0.0989010989010989
64,105,81,0.8901098901098901,8,0.08791208791208792
64,105,82,0.9010989010989011,6,0.06593406593406594
64,105,83,0.9120879120879121,5,0.054945054945054944
64,105,84,0.9230769230769231,5,0.054945054945054944
64,105,85,0.9340659340659341,3,0.03296703296703297
64,105,86,0.945054945054945,3,0.03296703296703297
64,105,87,0.9560439560439561,3,0.03296703296703297
64,105,88,0.967032967032967,2,0.02197802197802198
64,105,89,0.978021978021978,1,0.01098901098901099
64,105,90,0.989010989010989,1,0.01098901098901099
64,105,91,1.0,0,0.0
65,106,0,0.0,82,0.9010989010989011
65,106,1,0.01098901098901099,81,0.8901098901098901
65,106,2,0.02197802197802198,80,0.8791208791208791
65,106,3,0.03296703296703297,79,0.8681318681318682
65,106,4,0.04395604395604396,78,0.8571428571428571
65,106,5,0.054945054945054944,78,0.8571428571428571
65,106,6,0.06593406593406594,77,0.8461538461538461
65,106,7,0.07692307692307693,76,0.8351648351648352
65,106,8,0.08791208791208792,76,0.8351648351648352
65,106,9,0.0989010989010989,75,0.8241758241758241
65,106,10,0.10989010989010989,74,0.8131868131868132
65,106,11,0.12087912087912088,73,0.8021978021978022
65,106,12,0.13186813186813187,72,0.7912087912087912
65,106,13,0.14285714285714285,71,0.7802197802197802
65,106,14,0.15384615384615385,70,0.7692307692307693
65,106,15,0.16483516483516483,69,0.7582417582417582
65,106,16,0.17582417582417584,68,0.7472527472527473
65,106,17,0.18681318681318682,66,0.7252747252747253
65,106,18,0.1978021978021978,65,0.7142857142857143
65,106,19,0.2087912087912088,64,0.7032967032967034
65,106,20,0.21978021978021978,64,0.7032967032967034
65,106,21,0.23076923076923078,63,0.6923076923076923
65,106,22,0.24175824175824176,62,0.6813186813186813
65,106,23,0.25274725274725274,61,0.6703296703296703
65,106,24,0.26373626373626374,60,0.6593406593406593
65,106,25,0.27472527472527475,59,0.6483516483516484
65,106,26,0.2857142857142857,58,0.6373626373626373
65,106,27,0.2967032967032967,57,0.6263736263736264
65,106,28,0.3076923076923077,56,0.6153846153846154
65,106,29,0.31868131868131866,55,0.6043956043956044
65,106,30,0.32967032967032966,54,0.5934065934065934
65,106,31,0.34065934065934067,53,0.5824175824175825
65,106,32,0.3516483516483517,52,0.5714285714285714
65,106,33,0.3626373626373626,51,0.5604395604395604
65,106,34,0.37362637362637363,50,0.5494505494505495
65,106,35,0.38461538461538464,48,0.5274725274725275
65,106,36,0.3956043956043956,47,0.5164835164835165
65,106,37,0.4065934065934066,46,0.5054945054945055
65,106,38,0.4175824175824176,45,0.4945054945054945
65,106,39,0.42857142857142855,44,0.4835164835164835
65,106,40,0.43956043956043955,43,0.4725274725274725
65,106,41,0.45054945054945056,42,0.46153846153846156
65,106,42,0.46153846153846156,41,0.45054945054945056
65,106,43,0.4725274725274725,40,0.43956043956043955
65,106,44,0.4835164835164835,39,0.42857142857142855
65,106,45,0.4945054945054945,38,0.4175824175824176
65,106,46,0.5054945054945055,37,0.4065934065934066
65,106,47,0.5164835164835165,37,0.4065934065934066
65,106,48,0.5274725274725275,36,0.3956043956043956
65,106,49,0.5384615384615384,35,0.38461538461538464
65,106,50,0.5494505494505495,35,0.38461538461538464
65,106,51,0.5604395604395604,34,0.37362637362637363
65,106,52,0.5714285714285714,33,0.3626373626373626
65,106,53,0.5824175824175825,32,0.3516483516483517
65,106,54,0.5934065934065934,32,0.3516483516483517
65,106,55,0.6043956043956044,31,0.34065934065934067
65,106,56,0.6153846153846154,30,0.32967032967032966
65,106,57,0.6263736263736264,29,0.31868131868131866
65,106,58,0.6373626373626373,28,0.3076923076923077
65,106,59,0.6483516483516484,27,0.2967032967032967
65,106,60,0.6593406593406593,26,0.2857142857142857
65,106,61,0.6703296703296703,25,0.27472527472527475
65,106,62,0.6813186813186813,24,0.26373626373626374
65,106,63,0.6923076923076923,23,0.25274725274725274
65,106,64,0.7032967032967034,22,0.24175824175824176
65,106,65,0.7142857142857143,22,0.24175824175824176
65,106,66,0.7252747252747253,21,0.23076923076923078
65,106,67,0.7362637362637363,20,0.21978021978021978
65,106,68,0.7472527472527473,19,0.2087912087912088
65,106,69,0.7582417582417582,18,0.1978021978021978
65,106,70,0.7692307692307693,17,0.18681318681318682
65,106,71,0.7802197802197802,17,0.18681318681318682
65,106,72,0.7912087912087912,16,0.17582417582417584
65,106,73,0.8021978021978022,16,0.17582417582417584
65,106,74,0.8131868131868132,15,0.16483516483516483
65,106,75,0.8241758241758241,14,0.15384615384615385
65,106,76,0.8351648351648352,13,0.14285714285714285
65,106,77,0.8461538461538461,13,0.14285714285714285
65,106,78,0.8571428571428571,13,0.14285714285714285
65,106,79,0.8681318681318682,12,0.13186813186813187
65,106,80,0.8791208791208791,11,0.12087912087912088
65,106,81,0.8901098901098901,10,0.10989010989010989
65,106,82,0.9010989010989011,9,0.0989010989010989
65,106,83,0.9120879120879121,7,0.07692307692307693
65,106,84,0.9230769230769231,5,0.054945054945054944
65,106,85,0.9340659340659341,5,0.054945054945054944
65,106,86,0.945054945054945,5,0.054945054945054944
65,106,87,0.9560439560439561,4,0.04395604395604396
65,106,88,0.967032967032967,3,0.03296703296703297
65,106,89,0.978021978021978,2,0.02197802197802198
65,106,90,0.989010989010989,1,0.01098901098901099
65,106,91,1.0,0,0.0
66,107,0,0.0,82,0.9010989010989011
66,107,1,0.01098901098901099,81,0.8901098901098901
66,107,2,0.02197802197802198,80,0.8791208791208791
66,107,3,0.03296703296703297,79,0.8681318681318682
66,107,4,0.04395604395604396,79,0.8681318681318682
66,107,5,0.054945054945054944,78,0.8571428571428571
66,107,6,0.06593406593406594,77,0.8461538461538461
66,107,7,0.07692307692307693,76,0.8351648351648352
66,107,8,0.08791208791208792,75,0.8241758241758241
66,107,9,0.0989010989010989,74,0.8131868131868132
66,107,10,0.10989010989010989,73,0.8021978021978022
66,107,11,0.12087912087912088,72,0.7912087912087912
66,107,12,0.13186813186813187,71,0.7802197802197802
66,107,13,0.14285714285714285,70,0.7692307692307693
66,107,14,0.15384615384615385,69,0.7582417582417582
66,107,15,0.16483516483516483,68,0.7472527472527473
66,107,16,0.17582417582417584,67,0.7362637362637363
66,107,17,0.18681318681318682,66,0.7252747252747253
66,107,18,0.1978021978021978,65,0.7142857142857143
66,107,19,0.2087912087912088,64,0.7032967032967034
66,107,20,0.21978021978021978,63,0.6923076923076923
66,107,21,0.23076923076923078,62,0.6813186813186813
66,107,22,0.24175824175824176,61,0.6703296703296703
66,107,23,0.25274725274725274,60,0.6593406593406593
66,107,24,0.26373626373626374,59,0.6483516483516484
66,107,25,0.27472527472527475,58,0.6373626373626373
66,107,26,0.2857142857142857,57,0.6263736263736264
66,107,27,0.2967032967032967,56,0.6153846153846154
66,107,28,0.3076923076923077,55,0.6043956043956044
66,107,29,0.31868131868131866,54,0.5934065934065934
66,107,30,0.32967032967032966,53,0.5824175824175825
66,107,31,0.34065934065934067,53,0.5824175824175825
66,107,32,0.3516483516483517,52,0.5714285714285714
66,107,33,0.3626373626373626,51,0.5604395604395604
66,107,34,0.37362637362637363,50,0.5494505494505495
66,107,35,0.38461538461538464,49,0.5384615384615384
66,107,36,0.3956043956043956,48,0.5274725274725275
66,107,37,0.4065934065934066,47,0.5164835164835165
66,107,38,0.4175824175824176,46,0.5054945054945055
66,107,39,0.42857142857142855,46,0.5054945054945055
66,107,40,0.43956043956043955,45,0.4945054945054945
66,107,41,0.45054945054945056,44,0.4835164835164835
66,107,42,0.46153846153846156,43,0.4725274725274725
66,107,43,0.4725274725274725,42,0.46153846153846156
66,107,44,0.4835164835164835,41,0.45054945054945056
66,107,45,0.4945054945054945,40,0.43956043956043955
66,107,46,0.5054945054945055,40,0.43956043956043955
66,107,47,0.5164835164835165,39,0.42857142857142855
66,107,48,0.5274725274725275,38,0.4175824175824176
66,107,49,0.5384615384615384,37,0.4065934065934066
66,107,50,0.5494505494505495,36,0.3956043956043956
66,107,51,0.5604395604395604,35,0.38461538461538464
66,107,52,0.5714285714285714,34,0.37362637362637363
66,107,53,0.5824175824175825,33,0.3626373626373626
66,107,54,0.5934065934065934,32,0.3516483516483517
66,107,55,0.6043956043956044,31,0.34065934065934067
66,107,56,0.6153846153846154,31,0.34065934065934067
66,107,57,0.6263736263736264,30,0.32967032967032966
66,107,58,0.6373626373626373,29,0.31868131868131866
66,107,59,0.6483516483516484,28,0.3076923076923077
66,107,60,0.6593406593406593,27,0.2967032967032967
66,107,61,0.6703296703296703,26,0.2857142857142857
66,107,62,0.6813186813186813,25,0.27472527472527475
66,107,63,0.6923076923076923,24,0.26373626373626374
66,107,64,0.7032967032967034,24,0.26373626373626374
66,107,65,0.7142857142857143,23,0.25274725274725274
66,107,66,0.7252747252747253,21,0.23076923076923078
66,107,67,0.7362637362637363,20,0.21978021978021978
66,107,68,0.7472527472527473,19,0.2087912087912088
66,107,69,0.7582417582417582,18,0.1978021978021978
66,107,70,0.7692307692307693,17,0.18681318681318682
66,107,71,0.7802197802197802,17,0.18681318681318682
66,107,72,0.7912087912087912,16,0.17582417582417584
66,107,73,0.8021978021978022,15,0.16483516483516483
66,107,74,0.8131868131868132,13,0.14285714285714285
66,107,75,0.8241758241758241,13,0.14285714285714285
66,107,76,0.8351648351648352,12,0.13186813186813187
66,107,77,0.8461538461538461,11,0.12087912087912088
66,107,78,0.8571428571428571,10,0.10989010989010989
66,107,79,0.8681318681318682,9,0.0989010989010989
66,107,80,0.8791208791208791,8,0.08791208791208792
66,107,81,0.8901098901098901,7,0.07692307692307693
66,107,82,0.9010989010989011,7,0.07692307692307693
66,107,83,0.9120879120879121,6,0.06593406593406594
66,107,84,0.9230769230769231,5,0.054945054945054944
66,107,85,0.9340659340659341,4,0.04395604395604396
66,107,86,0.945054945054945,4,0.04395604395604396
66,107,87,0.9560439560439561,4,0.04395604395604396
66,107,88,0.967032967032967,3,0.03296703296703297
66,107,89,0.978021978021978,2,0.02197802197802198
66,107,90,0.989010989010989,1,0.01098901098901099
66,107,91,1.0,0,0.0
67,108,0,0.0,82,0.9010989010989011
67,108,1,0.01098901098901099,81,0.8901098901098901
67,108,2,0.02197802197802198,80,0.8791208791208791
67,108,3,0.03296703296703297,79,0.8681318681318682
67,108,4,0.04395604395604396,79,0.8681318681318682
67,108,5,0.054945054945054944,79,0.8681318681318682
67,108,6,0.06593406593406594,78,0.8571428571428571
67,108,7,0.07692307692307693,78,0.8571428571428571
67,108,8,0.08791208791208792,76,0.8351648351648352
67,108,9,0.0989010989010989,75,0.8241758241758241
67,108,10,0.10989010989010989,74,0.8131868131868132
67,108,11,0.12087912087912088,73,0.8021978021978022
67,108,12,0.13186813186813187,72,0.7912087912087912
67,108,13,0.14285714285714285,71,0.7802197802197802
67,108,14,0.15384615384615385,70,0.7692307692307693
67,108,15,0.16483516483516483,69,0.7582417582417582
67,108,16,0.17582417582417584,68,0.7472527472527473
67,108,17,0.18681318681318682,67,0.7362637362637363
67,108,18,0.1978021978021978,66,0.7252747252747253
67,108,19,0.2087912087912088,65,0.7142857142857143
67,108,20,0.21978021978021978,64,0.7032967032967034
67,108,21,0.23076923076923078,63,0.6923076923076923
67,108,22,0.24175824175824176,62,0.6813186813186813
67,108,23,0.25274725274725274,61,0.6703296703296703
67,108,24,0.26373626373626374,60,0.6593406593406593
67,108,25,0.27472527472527475,59,0.6483516483516484
67,108,26,0.2857142857142857,58,0.6373626373626373
67,108,27,0.2967032967032967,57,0.6263736263736264
67,108,28,0.3076923076923077,56,0.6153846153846154
67,108,29,0.31868131868131866,55,0.6043956043956044
67,108,30,0.32967032967032966,54,0.5934065934065934
67,108,31,0.34065934065934067,54,0.5934065934065934
67,108,32,0.3516483516483517,53,0.5824175824175825
67,108,33,0.3626373626373626,52,0.5714285714285714
67,108,34,0.37362637362637363,51,0.5604395604395604
67,108,35,0.38461538461538464,50,0.5494505494505495
67,108,36,0.3956043956043956,49,0.5384615384615384
67,108,37,0.4065934065934066,48,0.5274725274725275
67,108,38,0.4175824175824176,47,0.5164835164835165
67,108,39,0.42857142857142855,46,0.5054945054945055
67,108,40,0.43956043956043955,45,0.4945054945054945
67,108,41,0.45054945054945056,44,0.4835164835164835
67,108,42,0.46153846153846156,43,0.4725274725274725
67,108,43,0.4725274725274725,43,0.4725274725274725
67,108,44,0.4835164835164835,42,0.46153846153846156
67,108,45,0.4945054945054945,41,0.45054945054945056
67,108,46,0.5054945054945055,40,0.43956043956043955
67,108,47,0.5164835164835165,39,0.42857142857142855
67,108,48,0.5274725274725275,38,0.4175824175824176
67,108,49,0.5384615384615384,37,0.4065934065934066
67,108,50,0.5494505494505495,36,0.3956043956043956
67,108,51,0.5604395604395604,35,0.38461538461538464
67,108,52,0.5714285714285714,34,0.37362637362637363
67,108,53,0.5824175824175825,33,0.3626373626373626
67,108,54,0.5934065934065934,32,0.3516483516483517
67,108,55,0.6043956043956044,32,0.3516483516483517
67,108,56,0.6153846153846154,31,0.34065934065934067
67,108,57,0.6263736263736264,30,0.32967032967032966
67,108,58,0.6373626373626373,29,0.31868131868131866
67,108,59,0.6483516483516484,28,0.3076923076923077
67,108,60,0.6593406593406593,27,0.2967032967032967
67,108,61,0.6703296703296703,26,0.2857142857142857
67,108,62,0.6813186813186813,25,0.27472527472527475
67,108,63,0.6923076923076923,24,0.26373626373626374
67,108,64,0.7032967032967034,23,0.25274725274725274
67,108,65,0.7142857142857143,22,0.24175824175824176
67,108,66,0.7252747252747253,21,0.23076923076923078
67,108,67,0.7362637362637363,20,0.21978021978021978
67,108,68,0.7472527472527473,19,0.2087912087912088
67,108,69,0.7582417582417582,18,0.1978021978021978
67,108,70,0.7692307692307693,17,0.18681318681318682
67,108,71,0.7802197802197802,16,0.17582417582417584
67,108,72,0.7912087912087912,15,0.16483516483516483
67,108,73,0.8021978021978022,14,0.15384615384615385
67,108,74,0.8131868131868132,12,0.13186813186813187
67,108,75,0.8241758241758241,11,0.12087912087912088
67,108,76,0.8351648351648352,11,0.12087912087912088
67,108,77,0.8461538461538461,10,0.10989010989010989
67,108,78,0.8571428571428571,9,0.0989010989010989
67,108,79,0.8681318681318682,8,0.08791208791208792
67,108,80,0.8791208791208791,8,0.08791208791208792
67,108,81,0.8901098901098901,7,0.07692307692307693
67,108,82,0.9010989010989011,6,0.06593406593406594
67,108,83,0.9120879120879121,6,0.06593406593406594
67,108,84,0.9230769230769231,5,0.054945054945054944
67,108,85,0.9340659340659341,5,0.054945054945054944
67,108,86,0.945054945054945,4,0.04395604395604396
67,108,87,0.9560439560439561,3,0.03296703296703297
67,108,88,0.967032967032967,1,0.01098901098901099
67,108,89,0.978021978021978,1,0.01098901098901099
67,108,90,0.989010989010989,1,0.01098901098901099
67,108,91,1.0,0,0.0
68,109,0,0.0,82,0.9010989010989011
68,109,1,0.01098901098901099,81,0.8901098901098901
68,109,2,0.02197802197802198,80,0.8791208791208791
68,109,3,0.03296703296703297,79,0.8681318681318682
68,109,4,0.04395604395604396,78,0.8571428571428571
68,109,5,0.054945054945054944,77,0.8461538461538461
68,109,6,0.06593406593406594,76,0.8351648351648352
68,109,7,0.07692307692307693,75,0.8241758241758241
68,109,8,0.08791208791208792,74,0.8131868131868132
68,109,9,0.0989010989010989,73,0.8021978021978022
68,109,10,0.10989010989010989,72,0.7912087912087912
68,109,11,0.12087912087912088,71,0.7802197802197802
68,109,12,0.13186813186813187,70,0.7692307692307693
68,109,13,0.14285714285714285,69,0.7582417582417582
68,109,14,0.15384615384615385,68,0.7472527472527473
68,109,15,0.16483516483516483,68,0.7472527472527473
68,109,16,0.17582417582417584,67,0.7362637362637363
68,109,17,0.18681318681318682,66,0.7252747252747253
68,109,18,0.1978021978021978,65,0.7142857142857143
68,109,19,0.2087912087912088,64,0.7032967032967034
68,109,20,0.21978021978021978,63,0.6923076923076923
68,109,21,0.23076923076923078,62,0.6813186813186813
68,109,22,0.24175824175824176,61,0.6703296703296703
68,109,23,0.25274725274725274,60,0.6593406593406593
68,109,24,0.26373626373626374,59,0.6483516483516484
68,109,25,0.27472527472527475,59,0.6483516483516484
68,109,26,0.2857142857142857,58,0.6373626373626373
68,109,27,0.2967032967032967,57,0.6263736263736264
68,109,28,0.3076923076923077,56,0.6153846153846154
68,109,29,0.31868131868131866,56,0.6153846153846154
68,109,30,0.32967032967032966,55,0.6043956043956044
68,109,31,0.34065934065934067,54,0.5934065934065934
68,109,32,0.3516483516483517,53,0.5824175824175825
68,109,33,0.3626373626373626,52,0.5714285714285714
68,109,34,0.37362637362637363,51,0.5604395604395604
68,109,35,0.38461538461538464,50,0.5494505494505495
68,109,36,0.3956043956043956,49,0.5384615384615384
68,109,37,0.4065934065934066,48,0.5274725274725275
68,109,38,0.4175824175824176,47,0.5164835164835165
68,109,39,0.42857142857142855,47,0.5164835164835165
68,109,40,0.43956043956043955,46,0.5054945054945055
68,109,41,0.45054945054945056,44,0.4835164835164835
68,109,42,0.46153846153846156,43,0.4725274725274725
68,109,43,0.4725274725274725,43,0.4725274725274725
68,109,44,0.4835164835164835,42,0.46153846153846156
68,109,45,0.4945054945054945,41,0.45054945054945056
68,109,46,0.5054945054945055,40,0.43956043956043955
68,109,47,0.5164835164835165,39,0.42857142857142855
68,109,48,0.5274725274725275,38,0.4175824175824176
68,109,49,0.5384615384615384,37,0.4065934065934066
68,109,50,0.5494505494505495,37,0.4065934065934066
68,109,51,0.5604395604395604,36,0.3956043956043956
68,109,52,0.5714285714285714,35,0.38461538461538464
68,109,53,0.5824175824175825,34,0.37362637362637363
68,109,54,0.5934065934065934,33,0.3626373626373626
68,109,55,0.6043956043956044,32,0.3516483516483517
68,109,56,0.6153846153846154,31,0.34065934065934067
68,109,57,0.6263736263736264,30,0.32967032967032966
68,109,58,0.6373626373626373,30,0.32967032967032966
68,109,59,0.6483516483516484,29,0.31868131868131866
68,109,60,0.6593406593406593,28,0.3076923076923077
68,109,61,0.6703296703296703,27,0.2967032967032967
68,109,62,0.6813186813186813,26,0.2857142857142857
68,109,63,0.6923076923076923,25,0.27472527472527475
68,109,64,0.7032967032967034,24,0.26373626373626374
68,109,65,0.7142857142857143,23,0.25274725274725274
68,109,66,0.7252747252747253,22,0.24175824175824176
68,109,67,0.7362637362637363,21,0.23076923076923078
68,109,68,0.7472527472527473,20,0.21978021978021978
68,109,69,0.7582417582417582,19,0.2087912087912088
68,109,70,0.7692307692307693,18,0.1978021978021978
68,109,71,0.7802197802197802,17,0.18681318681318682
68,109,72,0.7912087912087912,16,0.17582417582417584
68,109,73,0.8021978021978022,15,0.16483516483516483
68,109,74,0.8131868131868132,14,0.15384615384615385
68,109,75,0.8241758241758241,13,0.14285714285714285
68,109,76,0.8351648351648352,13,0.14285714285714285
68,109,77,0.8461538461538461,12,0.13186813186813187
68,109,78,0.8571428571428571,11,0.12087912087912088
68,109,79,0.8681318681318682,11,0.12087912087912088
68,109,80,0.8791208791208791,10,0.10989010989010989
68,109,81,0.8901098901098901,9,0.0989010989010989
68,109,82,0.9010989010989011,8,0.08791208791208792
68,109,83,0.9120879120879121,7,0.07692307692307693
68,109,84,0.9230769230769231,6,0.06593406593406594
68,109,85,0.9340659340659341,5,0.054945054945054944
68,109,86,0.945054945054945,4,0.04395604395604396
68,109,87,0.9560439560439561,3,0.03296703296703297
68,109,88,0.967032967032967,2,0.02197802197802198
68,109,89,0.978021978021978,1,0.01098901098901099
68,109,90,0.989010989010989,1,0.01098901098901099
68,109,91,1.0,0,0.0
69,110,0,0.0,82,0.9010989010989011
69,110,1,0.01098901098901099,81,0.8901098901098901
69,110,2,0.02197802197802198,80,0.8791208791208791
69,110,3,0.03296703296703297,79,0.8681318681318682
69,110,4,0.04395604395604396,78,0.8571428571428571
69,110,5,0.054945054945054944,77,0.8461538461538461
69,110,6,0.06593406593406594,76,0.8351648351648352
69,110,7,0.07692307692307693,76,0.8351648351648352
69,110,8,0.08791208791208792,75,0.8241758241758241
69,110,9,0.0989010989010989,74,0.8131868131868132
69,110,10,0.10989010989010989,73,0.8021978021978022
69,110,11,0.12087912087912088,72,0.7912087912087912
69,110,12,0.13186813186813187,71,0.7802197802197802
69,110,13,0.14285714285714285,70,0.7692307692307693
69,110,14,0.15384615384615385,69,0.7582417582417582
69,110,15,0.16483516483516483,68,0.7472527472527473
69,110,16,0.17582417582417584,67,0.7362637362637363
69,110,17,0.18681318681318682,66,0.7252747252747253
69,110,18,0.1978021978021978,65,0.7142857142857143
69,110,19,0.2087912087912088,64,0.7032967032967034
69,110,20,0.21978021978021978,63,0.6923076923076923
69,110,21,0.23076923076923078,62,0.6813186813186813
69,110,22,0.24175824175824176,61,0.6703296703296703
69,110,23,0.25274725274725274,60,0.6593406593406593
69,110,24,0.26373626373626374,59,0.6483516483516484
69,110,25,0.27472527472527475,58,0.6373626373626373
69,110,26,0.2857142857142857,57,0.6263736263736264
69,110,27,0.2967032967032967,56,0.6153846153846154
69,110,28,0.3076923076923077,55,0.6043956043956044
69,110,29,0.31868131868131866,54,0.5934065934065934
69,110,30,0.32967032967032966,53,0.5824175824175825
69,110,31,0.34065934065934067,52,0.5714285714285714
69,110,32,0.3516483516483517,51,0.5604395604395604
69,110,33,0.3626373626373626,50,0.5494505494505495
69,110,34,0.37362637362637363,49,0.5384615384615384
69,110,35,0.38461538461538464,47,0.5164835164835165
69,110,36,0.3956043956043956,46,0.5054945054945055
69,110,37,0.4065934065934066,45,0.4945054945054945
69,110,38,0.4175824175824176,44,0.4835164835164835
69,110,39,0.42857142857142855,43,0.4725274725274725
69,110,40,0.43956043956043955,42,0.46153846153846156
69,110,41,0.45054945054945056,42,0.46153846153846156
69,110,42,0.46153846153846156,41,0.45054945054945056
69,110,43,0.4725274725274725,40,0.43956043956043955
69,110,44,0.4835164835164835,39,0.42857142857142855
69,110,45,0.4945054945054945,39,0.42857142857142855
69,110,46,0.5054945054945055,38,0.4175824175824176
69,110,47,0.5164835164835165,37,0.4065934065934066
69,110,48,0.5274725274725275,36,0.3956043956043956
69,110,49,0.5384615384615384,35,0.38461538461538464
69,110,50,0.5494505494505495,34,0.37362637362637363
69,110,51,0.5604395604395604,33,0.3626373626373626
69,110,52,0.5714285714285714,32,0.3516483516483517
69,110,53,0.5824175824175825,31,0.34065934065934067
69,110,54,0.5934065934065934,30,0.32967032967032966
69,110,55,0.6043956043956044,29,0.31868131868131866
69,110,56,0.6153846153846154,28,0.3076923076923077
69,110,57,0.6263736263736264,28,0.3076923076923077
69,110,58,0.6373626373626373,26,0.2857142857142857
69,110,59,0.6483516483516484,25,0.27472527472527475
69,110,60,0.6593406593406593,24,0.26373626373626374
69,110,61,0.6703296703296703,23,0.25274725274725274
69,110,62,0.6813186813186813,22,0.24175824175824176
69,110,63,0.6923076923076923,21,0.23076923076923078
69,110,64,0.7032967032967034,20,0.21978021978021978
69,110,65,0.7142857142857143,19,0.2087912087912088
69,110,66,0.7252747252747253,18,0.1978021978021978
69,110,67,0.7362637362637363,18,0.1978021978021978
69,110,68,0.7472527472527473,17,0.18681318681318682
69,110,69,0.7582417582417582,16,0.17582417582417584
69,110,70,0.7692307692307693,15,0.16483516483516483
69,110,71,0.7802197802197802,14,0.15384615384615385
69,110,72,0.7912087912087912,14,0.15384615384615385
69,110,73,0.8021978021978022,13,0.14285714285714285
69,110,74,0.8131868131868132,13,0.14285714285714285
69,110,75,0.8241758241758241,13,0.14285714285714285
69,110,76,0.8351648351648352,12,0.13186813186813187
69,110,77,0.8461538461538461,12,0.13186813186813187
69,110,78,0.8571428571428571,11,0.12087912087912088
69,110,79,0.8681318681318682,10,0.10989010989010989
69,110,80,0.8791208791208791,9,0.0989010989010989
69,110,81,0.8901098901098901,8,0.08791208791208792
69,110,82,0.9010989010989011,8,0.08791208791208792
69,110,83,0.9120879120879121,7,0.07692307692307693
69,110,84,0.9230769230769231,7,0.07692307692307693
69,110,85,0.9340659340659341,6,0.06593406593406594
69,110,86,0.945054945054945,4,0.04395604395604396
69,110,87,0.9560439560439561,3,0.03296703296703297
69,110,88,0.967032967032967,1,0.01098901098901099
69,110,89,0.978021978021978,1,0.01098901098901099
69,110,90,0.989010989010989,1,0.01098901098901099
69,110,91,1.0,0,0.0
70,111,0,0.0,82,0.9010989010989011
70,111,1,0.01098901098901099,81,0.8901098901098901
70,111,2,0.02197802197802198,80,0.8791208791208791
70,111,3,0.03296703296703297,79,0.8681318681318682
70,111,4,0.04395604395604396,78,0.8571428571428571
70,111,5,0.054945054945054944,77,0.8461538461538461
70,111,6,0.06593406593406594,76,0.8351648351648352
70,111,7,0.07692307692307693,75,0.8241758241758241
70,111,8,0.08791208791208792,74,0.8131868131868132
70,111,9,0.0989010989010989,73,0.8021978021978022
70,111,10,0.10989010989010989,72,0.7912087912087912
70,111,11,0.12087912087912088,71,0.7802197802197802
70,111,12,0.13186813186813187,71,0.7802197802197802
70,111,13,0.14285714285714285,71,0.7802197802197802
70,111,14,0.15384615384615385,70,0.7692307692307693
70,111,15,0.16483516483516483,69,0.7582417582417582
70,111,16,0.17582417582417584,69,0.7582417582417582
70,111,17,0.18681318681318682,68,0.7472527472527473
70,111,18,0.1978021978021978,67,0.7362637362637363
70,111,19,0.2087912087912088,66,0.7252747252747253
70,111,20,0.21978021978021978,65,0.7142857142857143
70,111,21,0.23076923076923078,64,0.7032967032967034
70,111,22,0.24175824175824176,63,0.6923076923076923
70,111,23,0.25274725274725274,62,0.6813186813186813
70,111,24,0.26373626373626374,61,0.6703296703296703
70,111,25,0.27472527472527475,60,0.6593406593406593
70,111,26,0.2857142857142857,59,0.6483516483516484
70,111,27,0.2967032967032967,58,0.6373626373626373
70,111,28,0.3076923076923077,57,0.6263736263736264
70,111,29,0.31868131868131866,56,0.6153846153846154
70,111,30,0.32967032967032966,55,0.6043956043956044
70,111,31,0.34065934065934067,54,0.5934065934065934
70,111,32,0.3516483516483517,53,0.5824175824175825
70,111,33,0.3626373626373626,53,0.5824175824175825
70,111,34,0.37362637362637363,52,0.5714285714285714
70,111,35,0.38461538461538464,51,0.5604395604395604
70,111,36,0.3956043956043956,50,0.5494505494505495
70,111,37,0.4065934065934066,49,0.5384615384615384
70,111,38,0.4175824175824176,48,0.5274725274725275
70,111,39,0.42857142857142855,47,0.5164835164835165
70,111,40,0.43956043956043955,46,0.5054945054945055
70,111,41,0.45054945054945056,45,0.4945054945054945
70,111,42,0.46153846153846156,44,0.4835164835164835
70,111,43,0.4725274725274725,43,0.4725274725274725
70,111,44,0.4835164835164835,42,0.46153846153846156
70,111,45,0.4945054945054945,41,0.45054945054945056
70,111,46,0.5054945054945055,40,0.43956043956043955
70,111,47,0.5164835164835165,39,0.42857142857142855
70,111,48,0.5274725274725275,38,0.4175824175824176
70,111,49,0.5384615384615384,37,0.4065934065934066
70,111,50,0.5494505494505495,36,0.3956043956043956
70,111,51,0.5604395604395604,36,0.3956043956043956
70,111,52,0.5714285714285714,35,0.38461538461538464
70,111,53,0.5824175824175825,34,0.37362637362637363
70,111,54,0.5934065934065934,33,0.3626373626373626
70,111,55,0.6043956043956044,32,0.3516483516483517
70,111,56,0.6153846153846154,31,0.34065934065934067
70,111,57,0.6263736263736264,30,0.32967032967032966
70,111,58,0.6373626373626373,30,0.32967032967032966
70,111,59,0.6483516483516484,29,0.31868131868131866
70,111,60,0.6593406593406593,28,0.3076923076923077
70,111,61,0.6703296703296703,27,0.2967032967032967
70,111,62,0.6813186813186813,26,0.2857142857142857
70,111,63,0.6923076923076923,25,0.27472527472527475
70,111,64,0.7032967032967034,24,0.26373626373626374
70,111,65,0.7142857142857143,23,0.25274725274725274
70,111,66,0.7252747252747253,22,0.24175824175824176
70,111,67,0.7362637362637363,21,0.23076923076923078
70,111,68,0.7472527472527473,20,0.21978021978021978
70,111,69,0.7582417582417582,19,0.2087912087912088
70,111,70,0.7692307692307693,18,0.1978021978021978
70,111,71,0.7802197802197802,18,0.1978021978021978
70,111,72,0.7912087912087912,17,0.18681318681318682
70,111,73,0.8021978021978022,16,0.17582417582417584
70,111,74,0.8131868131868132,15,0.16483516483516483
70,111,75,0.8241758241758241,14,0.15384615384615385
70,111,76,0.8351648351648352,13,0.14285714285714285
70,111,77,0.8461538461538461,12,0.13186813186813187
70,111,78,0.8571428571428571,12,0.13186813186813187
70,111,79,0.8681318681318682,11,0.12087912087912088
70,111,80,0.8791208791208791,10,0.10989010989010989
70,111,81,0.8901098901098901,9,0.0989010989010989
70,111,82,0.9010989010989011,8,0.08791208791208792
70,111,83,0.9120879120879121,7,0.07692307692307693
70,111,84,0.9230769230769231,6,0.06593406593406594
70,111,85,0.9340659340659341,5,0.054945054945054944
70,111,86,0.945054945054945,5,0.054945054945054944
70,111,87,0.9560439560439561,4,0.04395604395604396
70,111,88,0.967032967032967,3,0.03296703296703297
70,111,89,0.978021978021978,1,0.01098901098901099
70,111,90,0.989010989010989,1,0.01098901098901099
70,111,91,1.0,0,0.0
71,112,0,0.0,82,0.9010989010989011
71,112,1,0.01098901098901099,82,0.9010989010989011
71,112,2,0.02197802197802198,81,0.8901098901098901
71,112,3,0.03296703296703297,80,0.8791208791208791
71,112,4,0.04395604395604396,79,0.8681318681318682
71,112,5,0.054945054945054944,78,0.8571428571428571
71,112,6,0.06593406593406594,77,0.8461538461538461
71,112,7,0.07692307692307693,76,0.8351648351648352
71,112,8,0.08791208791208792,75,0.8241758241758241
71,112,9,0.0989010989010989,74,0.8131868131868132
71,112,10,0.10989010989010989,73,0.8021978021978022
71,112,11,0.12087912087912088,73,0.8021978021978022
71,112,12,0.13186813186813187,72,0.7912087912087912
71,112,13,0.14285714285714285,71,0.7802197802197802
71,112,14,0.15384615384615385,70,0.7692307692307693
71,112,15,0.16483516483516483,69,0.7582417582417582
71,112,16,0.17582417582417584,68,0.7472527472527473
71,112,17,0.18681318681318682,67,0.7362637362637363
71,112,18,0.1978021978021978,66,0.7252747252747253
71,112,19,0.2087912087912088,65,0.7142857142857143
71,112,20,0.21978021978021978,64,0.7032967032967034
71,112,21,0.23076923076923078,63,0.6923076923076923
71,112,22,0.24175824175824176,62,0.6813186813186813
71,112,23,0.25274725274725274,61,0.6703296703296703
71,112,24,0.26373626373626374,60,0.6593406593406593
71,112,25,0.27472527472527475,59,0.6483516483516484
71,112,26,0.2857142857142857,58,0.6373626373626373
71,112,27,0.2967032967032967,57,0.6263736263736264
71,112,28,0.3076923076923077,56,0.6153846153846154
71,112,29,0.31868131868131866,55,0.6043956043956044
71,112,30,0.32967032967032966,54,0.5934065934065934
71,112,31,0.34065934065934067,53,0.5824175824175825
71,112,32,0.3516483516483517,52,0.5714285714285714
71,112,33,0.3626373626373626,51,0.5604395604395604
71,112,34,0.37362637362637363,50,0.5494505494505495
71,112,35,0.38461538461538464,49,0.5384615384615384
71,112,36,0.3956043956043956,48,0.5274725274725275
71,112,37,0.4065934065934066,47,0.5164835164835165
71,112,38,0.4175824175824176,46,0.5054945054945055
71,112,39,0.42857142857142855,46,0.5054945054945055
71,112,40,0.43956043956043955,45,0.4945054945054945
71,112,41,0.45054945054945056,44,0.4835164835164835
71,112,42,0.46153846153846156,43,0.4725274725274725
71,112,43,0.4725274725274725,43,0.4725274725274725
71,112,44,0.4835164835164835,42,0.46153846153846156
71,112,45,0.4945054945054945,41,0.45054945054945056
71,112,46,0.5054945054945055,41,0.45054945054945056
71,112,47,0.5164835164835165,40,0.43956043956043955
71,112,48,0.5274725274725275,39,0.42857142857142855
71,112,49,0.5384615384615384,38,0.4175824175824176
71,112,50,0.5494505494505495,38,0.4175824175824176
71,112,51,0.5604395604395604,37,0.4065934065934066
71,112,52,0.5714285714285714,36,0.3956043956043956
71,112,53,0.5824175824175825,35,0.38461538461538464
71,112,54,0.5934065934065934,35,0.38461538461538464
71,112,55,0.6043956043956044,34,0.37362637362637363
71,112,56,0.6153846153846154,33,0.3626373626373626
71,112,57,0.6263736263736264,32,0.3516483516483517
71,112,58,0.6373626373626373,31,0.34065934065934067
71,112,59,0.6483516483516484,30,0.32967032967032966
71,112,60,0.6593406593406593,29,0.31868131868131866
71,112,61,0.6703296703296703,28,0.3076923076923077
71,112,62,0.6813186813186813,27,0.2967032967032967
71,112,63,0.6923076923076923,26,0.2857142857142857
71,112,64,0.7032967032967034,25,0.27472527472527475
71,112,65,0.7142857142857143,24,0.26373626373626374
71,112,66,0.7252747252747253,23,0.25274725274725274
71,112,67,0.7362637362637363,22,0.24175824175824176
71,112,68,0.7472527472527473,21,0.23076923076923078
71,112,69,0.7582417582417582,20,0.21978021978021978
71,112,70,0.7692307692307693,19,0.2087912087912088
71,112,71,0.7802197802197802,17,0.18681318681318682
71,112,72,0.7912087912087912,17,0.18681318681318682
71,112,73,0.8021978021978022,14,0.15384615384615385
71,112,74,0.8131868131868132,13,0.14285714285714285
71,112,75,0.8241758241758241,12,0.13186813186813187
71,112,76,0.8351648351648352,12,0.13186813186813187
71,112,77,0.8461538461538461,11,0.12087912087912088
71,112,78,0.8571428571428571,10,0.10989010989010989
71,112,79,0.8681318681318682,9,0.0989010989010989
71,112,80,0.8791208791208791,8,0.08791208791208792
71,112,81,0.8901098901098901,7,0.07692307692307693
71,112,82,0.9010989010989011,6,0.06593406593406594
71,112,83,0.9120879120879121,6,0.06593406593406594
71,112,84,0.9230769230769231,5,0.054945054945054944
71,112,85,0.9340659340659341,5,0.054945054945054944
71,112,86,0.945054945054945,4,0.04395604395604396
71,112,87,0.9560439560439561,3,0.03296703296703297
71,112,88,0.967032967032967,2,0.02197802197802198
71,112,89,0.978021978021978,1,0.01098901098901099
71,112,90,0.989010989010989,1,0.01098901098901099
71,112,91,1.0,0,0.0
72,113,0,0.0,82,0.9010989010989011
72,113,1,0.01098901098901099,80,0.8791208791208791
72,113,2,0.02197802197802198,79,0.8681318681318682
72,113,3,0.03296703296703297,78,0.8571428571428571
72,113,4,0.04395604395604396,77,0.8461538461538461
72,113,5,0.054945054945054944,77,0.8461538461538461
72,113,6,0.06593406593406594,76,0.8351648351648352
72,113,7,0.07692307692307693,75,0.8241758241758241
72,113,8,0.08791208791208792,74,0.8131868131868132
72,113,9,0.0989010989010989,73,0.8021978021978022
72,113,10,0.10989010989010989,73,0.8021978021978022
72,113,11,0.12087912087912088,73,0.8021978021978022
72,113,12,0.13186813186813187,72,0.7912087912087912
72,113,13,0.14285714285714285,71,0.7802197802197802
72,113,14,0.15384615384615385,70,0.7692307692307693
72,113,15,0.16483516483516483,69,0.7582417582417582
72,113,16,0.17582417582417584,68,0.7472527472527473
72,113,17,0.18681318681318682,67,0.7362637362637363
72,113,18,0.1978021978021978,66,0.7252747252747253
72,113,19,0.2087912087912088,65,0.7142857142857143
72,113,20,0.21978021978021978,64,0.7032967032967034
72,113,21,0.23076923076923078,63,0.6923076923076923
72,113,22,0.24175824175824176,62,0.6813186813186813
72,113,23,0.25274725274725274,61,0.6703296703296703
72,113,24,0.26373626373626374,60,0.6593406593406593
72,113,25,0.27472527472527475,60,0.6593406593406593
72,113,26,0.2857142857142857,59,0.6483516483516484
72,113,27,0.2967032967032967,58,0.6373626373626373
72,113,28,0.3076923076923077,57,0.6263736263736264
72,113,29,0.31868131868131866,56,0.6153846153846154
72,113,30,0.32967032967032966,55,0.6043956043956044
72,113,31,0.34065934065934067,54,0.5934065934065934
72,113,32,0.3516483516483517,53,0.5824175824175825
72,113,33,0.3626373626373626,52,0.5714285714285714
72,113,34,0.37362637362637363,51,0.5604395604395604
72,113,35,0.38461538461538464,50,0.5494505494505495
72,113,36,0.3956043956043956,49,0.5384615384615384
72,113,37,0.4065934065934066,48,0.5274725274725275
72,113,38,0.4175824175824176,47,0.5164835164835165
72,113,39,0.42857142857142855,47,0.5164835164835165
72,113,40,0.43956043956043955,47,0.5164835164835165
72,113,41,0.45054945054945056,46,0.5054945054945055
72,113,42,0.46153846153846156,45,0.4945054945054945
72,113,43,0.4725274725274725,44,0.4835164835164835
72,113,44,0.4835164835164835,43,0.4725274725274725
72,113,45,0.4945054945054945,42,0.46153846153846156
72,113,46,0.5054945054945055,41,0.45054945054945056
72,113,47,0.5164835164835165,40,0.43956043956043955
72,113,48,0.5274725274725275,39,0.42857142857142855
72,113,49,0.5384615384615384,39,0.42857142857142855
72,113,50,0.5494505494505495,38,0.4175824175824176
72,113,51,0.5604395604395604,37,0.4065934065934066
72,113,52,0.5714285714285714,36,0.3956043956043956
72,113,53,0.5824175824175825,35,0.38461538461538464
72,113,54,0.5934065934065934,34,0.37362637362637363
72,113,55,0.6043956043956044,33,0.3626373626373626
72,113,56,0.6153846153846154,33,0.3626373626373626
72,113,57,0.6263736263736264,32,0.3516483516483517
72,113,58,0.6373626373626373,31,0.34065934065934067
72,113,59,0.6483516483516484,30,0.32967032967032966
72,113,60,0.6593406593406593,29,0.31868131868131866
72,113,61,0.6703296703296703,28,0.3076923076923077
72,113,62,0.6813186813186813,27,0.2967032967032967
72,113,63,0.6923076923076923,26,0.2857142857142857
72,113,64,0.7032967032967034,25,0.27472527472527475
72,113,65,0.7142857142857143,24,0.26373626373626374
72,113,66,0.7252747252747253,23,0.25274725274725274
72,113,67,0.7362637362637363,22,0.24175824175824176
72,113,68,0.7472527472527473,21,0.23076923076923078
72,113,69,0.7582417582417582,20,0.21978021978021978
72,113,70,0.7692307692307693,19,0.2087912087912088
72,113,71,0.7802197802197802,18,0.1978021978021978
72,113,72,0.7912087912087912,17,0.18681318681318682
72,113,73,0.8021978021978022,16,0.17582417582417584
72,113,74,0.8131868131868132,15,0.16483516483516483
72,113,75,0.8241758241758241,14,0.15384615384615385
72,113,76,0.8351648351648352,14,0.15384615384615385
72,113,77,0.8461538461538461,13,0.14285714285714285
72,113,78,0.8571428571428571,12,0.13186813186813187
72,113,79,0.8681318681318682,11,0.12087912087912088
72,113,80,0.8791208791208791,10,0.10989010989010989
72,113,81,0.8901098901098901,9,0.0989010989010989
72,113,82,0.9010989010989011,8,0.08791208791208792
72,113,83,0.9120879120879121,8,0.08791208791208792
72,113,84,0.9230769230769231,7,0.07692307692307693
72,113,85,0.9340659340659341,6,0.06593406593406594
72,113,86,0.945054945054945,5,0.054945054945054944
72,113,87,0.9560439560439561,4,0.04395604395604396
72,113,88,0.967032967032967,3,0.03296703296703297
72,113,89,0.978021978021978,2,0.02197802197802198
72,113,90,0.989010989010989,1,0.01098901098901099
72,113,91,1.0,0,0.0
73,114,0,0.0,82,0.9010989010989011
73,114,1,0.01098901098901099,81,0.8901098901098901
73,114,2,0.02197802197802198,80,0.8791208791208791
73,114,3,0.03296703296703297,79,0.8681318681318682
73,114,4,0.04395604395604396,78,0.8571428571428571
73,114,5,0.054945054945054944,77,0.8461538461538461
73,114,6,0.06593406593406594,77,0.8461538461538461
73,114,7,0.07692307692307693,76,0.8351648351648352
73,114,8,0.08791208791208792,75,0.8241758241758241
73,114,9,0.0989010989010989,74,0.8131868131868132
73,114,10,0.10989010989010989,73,0.8021978021978022
73,114,11,0.12087912087912088,72,0.7912087912087912
73,114,12,0.13186813186813187,72,0.7912087912087912
73,114,13,0.14285714285714285,71,0.7802197802197802
73,114,14,0.15384615384615385,70,0.7692307692307693
73,114,15,0.16483516483516483,69,0.7582417582417582
73,114,16,0.17582417582417584,69,0.7582417582417582
73,114,17,0.18681318681318682,68,0.7472527472527473
73,114,18,0.1978021978021978,67,0.7362637362637363
73,114,19,0.2087912087912088,66,0.7252747252747253
73,114,20,0.21978021978021978,65,0.7142857142857143
73,114,21,0.23076923076923078,64,0.7032967032967034
73,114,22,0.24175824175824176,63,0.6923076923076923
73,114,23,0.25274725274725274,62,0.6813186813186813
73,114,24,0.26373626373626374,61,0.6703296703296703
73,114,25,0.27472527472527475,60,0.6593406593406593
73,114,26,0.2857142857142857,59,0.6483516483516484
73,114,27,0.2967032967032967,58,0.6373626373626373
73,114,28,0.3076923076923077,57,0.6263736263736264
73,114,29,0.31868131868131866,56,0.6153846153846154
73,114,30,0.32967032967032966,55,0.6043956043956044
73,114,31,0.34065934065934067,54,0.5934065934065934
73,114,32,0.3516483516483517,53,0.5824175824175825
73,114,33,0.3626373626373626,52,0.5714285714285714
73,114,34,0.37362637362637363,51,0.5604395604395604
73,114,35,0.38461538461538464,50,0.5494505494505495
73,114,36,0.3956043956043956,50,0.5494505494505495
73,114,37,0.4065934065934066,49,0.5384615384615384
73,114,38,0.4175824175824176,48,0.5274725274725275
73,114,39,0.42857142857142855,47,0.5164835164835165
73,114,40,0.43956043956043955,46,0.5054945054945055
73,114,41,0.45054945054945056,45,0.4945054945054945
73,114,42,0.46153846153846156,44,0.4835164835164835
73,114,43,0.4725274725274725,43,0.4725274725274725
73,114,44,0.4835164835164835,42,0.46153846153846156
73,114,45,0.4945054945054945,41,0.45054945054945056
73,114,46,0.5054945054945055,40,0.43956043956043955
73,114,47,0.5164835164835165,39,0.42857142857142855
73,114,48,0.5274725274725275,38,0.4175824175824176
73,114,49,0.5384615384615384,38,0.4175824175824176
73,114,50,0.5494505494505495,37,0.4065934065934066
73,114,51,0.5604395604395604,36,0.3956043956043956
73,114,52,0.5714285714285714,35,0.38461538461538464
73,114,53,0.5824175824175825,34,0.37362637362637363
73,114,54,0.5934065934065934,33,0.3626373626373626
73,114,55,0.6043956043956044,32,0.3516483516483517
73,114,56,0.6153846153846154,31,0.34065934065934067
73,114,57,0.6263736263736264,30,0.32967032967032966
73,114,58,0.6373626373626373,29,0.31868131868131866
73,114,59,0.6483516483516484,28,0.3076923076923077
73,114,60,0.6593406593406593,27,0.2967032967032967
73,114,61,0.6703296703296703,26,0.2857142857142857
73,114,62,0.6813186813186813,26,0.2857142857142857
73,114,63,0.6923076923076923,25,0.27472527472527475
73,114,64,0.7032967032967034,25,0.27472527472527475
73,114,65,0.7142857142857143,24,0.26373626373626374
73,114,66,0.7252747252747253,24,0.26373626373626374
73,114,67,0.7362637362637363,23,0.25274725274725274
73,114,68,0.7472527472527473,22,0.24175824175824176
73,114,69,0.7582417582417582,21,0.23076923076923078
73,114,70,0.7692307692307693,20,0.21978021978021978
73,114,71,0.7802197802197802,19,0.2087912087912088
73,114,72,0.7912087912087912,17,0.18681318681318682
73,114,73,0.8021978021978022,16,0.17582417582417584
73,114,74,0.8131868131868132,15,0.16483516483516483
73,114,75,0.8241758241758241,14,0.15384615384615385
73,114,76,0.8351648351648352,13,0.14285714285714285
73,114,77,0.8461538461538461,12,0.13186813186813187
73,114,78,0.8571428571428571,11,0.12087912087912088
73,114,79,0.8681318681318682,10,0.10989010989010989
73,114,80,0.8791208791208791,9,0.0989010989010989
73,114,81,0.8901098901098901,8,0.08791208791208792
73,114,82,0.9010989010989011,7,0.07692307692307693
73,114,83,0.9120879120879121,6,0.06593406593406594
73,114,84,0.9230769230769231,6,0.06593406593406594
73,114,85,0.9340659340659341,5,0.054945054945054944
73,114,86,0.945054945054945,4,0.04395604395604396
73,114,87,0.9560439560439561,2,0.02197802197802198
73,114,88,0.967032967032967,1,0.01098901098901099
73,114,89,0.978021978021978,1,0.01098901098901099
73,114,90,0.989010989010989,1,0.01098901098901099
73,114,91,1.0,0,0.0
74,115,0,0.0,82,0.9010989010989011
74,115,1,0.01098901098901099,81,0.8901098901098901
74,115,2,0.02197802197802198,80,0.8791208791208791
74,115,3,0.03296703296703297,79,0.8681318681318682
74,115,4,0.04395604395604396,78,0.8571428571428571
74,115,5,0.054945054945054944,77,0.8461538461538461
74,115,6,0.06593406593406594,75,0.8241758241758241
74,115,7,0.07692307692307693,74,0.8131868131868132
74,115,8,0.08791208791208792,73,0.8021978021978022
74,115,9,0.0989010989010989,72,0.7912087912087912
74,115,10,0.10989010989010989,71,0.7802197802197802
74,115,11,0.12087912087912088,70,0.7692307692307693
74,115,12,0.13186813186813187,69,0.7582417582417582
74,115,13,0.14285714285714285,68,0.7472527472527473
74,115,14,0.15384615384615385,68,0.7472527472527473
74,115,15,0.16483516483516483,67,0.7362637362637363
74,115,16,0.17582417582417584,66,0.7252747252747253
74,115,17,0.18681318681318682,65,0.7142857142857143
74,115,18,0.1978021978021978,64,0.7032967032967034
74,115,19,0.2087912087912088,63,0.6923076923076923
74,115,20,0.21978021978021978,62,0.6813186813186813
74,115,21,0.23076923076923078,61,0.6703296703296703
74,115,22,0.24175824175824176,60,0.6593406593406593
74,115,23,0.25274725274725274,59,0.6483516483516484
74,115,24,0.26373626373626374,58,0.6373626373626373
74,115,25,0.27472527472527475,57,0.6263736263736264
74,115,26,0.2857142857142857,56,0.6153846153846154
74,115,27,0.2967032967032967,55,0.6043956043956044
74,115,28,0.3076923076923077,54,0.5934065934065934
74,115,29,0.31868131868131866,53,0.5824175824175825
74,115,30,0.32967032967032966,52,0.5714285714285714
74,115,31,0.34065934065934067,51,0.5604395604395604
74,115,32,0.3516483516483517,50,0.5494505494505495
74,115,33,0.3626373626373626,49,0.5384615384615384
74,115,34,0.37362637362637363,48,0.5274725274725275
74,115,35,0.38461538461538464,47,0.5164835164835165
74,115,36,0.3956043956043956,46,0.5054945054945055
74,115,37,0.4065934065934066,45,0.4945054945054945
74,115,38,0.4175824175824176,44,0.4835164835164835
74,115,39,0.42857142857142855,43,0.4725274725274725
74,115,40,0.43956043956043955,42,0.46153846153846156
74,115,41,0.45054945054945056,41,0.45054945054945056
74,115,42,0.46153846153846156,40,0.43956043956043955
74,115,43,0.4725274725274725,39,0.42857142857142855
74,115,44,0.4835164835164835,38,0.4175824175824176
74,115,45,0.4945054945054945,37,0.4065934065934066
74,115,46,0.5054945054945055,36,0.3956043956043956
74,115,47,0.5164835164835165,35,0.38461538461538464
74,115,48,0.5274725274725275,34,0.37362637362637363
74,115,49,0.5384615384615384,34,0.37362637362637363
74,115,50,0.5494505494505495,34,0.37362637362637363
74,115,51,0.5604395604395604,33,0.3626373626373626
74,115,52,0.5714285714285714,32,0.3516483516483517
74,115,53,0.5824175824175825,31,0.34065934065934067
74,115,54,0.5934065934065934,30,0.32967032967032966
74,115,55,0.6043956043956044,29,0.31868131868131866
74,115,56,0.6153846153846154,28,0.3076923076923077
74,115,57,0.6263736263736264,27,0.2967032967032967
74,115,58,0.6373626373626373,26,0.2857142857142857
74,115,59,0.6483516483516484,25,0.27472527472527475
74,115,60,0.6593406593406593,24,0.26373626373626374
74,115,61,0.6703296703296703,23,0.25274725274725274
74,115,62,0.6813186813186813,23,0.25274725274725274
74,115,63,0.6923076923076923,22,0.24175824175824176
74,115,64,0.7032967032967034,22,0.24175824175824176
74,115,65,0.7142857142857143,21,0.23076923076923078
74,115,66,0.7252747252747253,20,0.21978021978021978
74,115,67,0.7362637362637363,20,0.21978021978021978
74,115,68,0.7472527472527473,19,0.2087912087912088
74,115,69,0.7582417582417582,18,0.1978021978021978
74,115,70,0.7692307692307693,17,0.18681318681318682
74,115,71,0.7802197802197802,16,0.17582417582417584
74,115,72,0.7912087912087912,15,0.16483516483516483
74,115,73,0.8021978021978022,13,0.14285714285714285
74,115,74,0.8131868131868132,12,0.13186813186813187
74,115,75,0.8241758241758241,12,0.13186813186813187
74,115,76,0.8351648351648352,12,0.13186813186813187
74,115,77,0.8461538461538461,11,0.12087912087912088
74,115,78,0.8571428571428571,11,0.12087912087912088
74,115,79,0.8681318681318682,10,0.10989010989010989
74,115,80,0.8791208791208791,9,0.0989010989010989
74,115,81,0.8901098901098901,8,0.08791208791208792
74,115,82,0.9010989010989011,6,0.06593406593406594
74,115,83,0.9120879120879121,5,0.054945054945054944
74,115,84,0.9230769230769231,4,0.04395604395604396
74,115,85,0.9340659340659341,3,0.03296703296703297
74,115,86,0.945054945054945,2,0.02197802197802198
74,115,87,0.9560439560439561,2,0.02197802197802198
74,115,88,0.967032967032967,1,0.01098901098901099
74,115,89,0.978021978021978,1,0.01098901098901099
74,115,90,0.989010989010989,1,0.01098901098901099
74,115,91,1.0,0,0.0
75,116,0,0.0,82,0.9010989010989011
75,116,1,0.01098901098901099,81,0.8901098901098901
75,116,2,0.02197802197802198,80,0.8791208791208791
75,116,3,0.03296703296703297,79,0.8681318681318682
75,116,4,0.04395604395604396,78,0.8571428571428571
75,116,5,0.054945054945054944,77,0.8461538461538461
75,116,6,0.06593406593406594,76,0.8351648351648352
75,116,7,0.07692307692307693,75,0.8241758241758241
75,116,8,0.08791208791208792,74,0.8131868131868132
75,116,9,0.0989010989010989,73,0.8021978021978022
75,116,10,0.10989010989010989,73,0.8021978021978022
75,116,11,0.12087912087912088,72,0.7912087912087912
75,116,12,0.13186813186813187,71,0.7802197802197802
75,116,13,0.14285714285714285,70,0.7692307692307693
75,116,14,0.15384615384615385,69,0.7582417582417582
75,116,15,0.16483516483516483,68,0.7472527472527473
75,116,16,0.17582417582417584,67,0.7362637362637363
75,116,17,0.18681318681318682,67,0.7362637362637363
75,116,18,0.1978021978021978,66,0.7252747252747253
75,116,19,0.2087912087912088,65,0.7142857142857143
75,116,20,0.21978021978021978,64,0.7032967032967034
75,116,21,0.23076923076923078,63,0.6923076923076923
75,116,22,0.24175824175824176,62,0.6813186813186813
75,116,23,0.25274725274725274,61,0.6703296703296703
75,116,24,0.26373626373626374,60,0.6593406593406593
75,116,25,0.27472527472527475,59,0.6483516483516484
75,116,26,0.2857142857142857,58,0.6373626373626373
75,116,27,0.2967032967032967,57,0.6263736263736264
75,116,28,0.3076923076923077,56,0.6153846153846154
75,116,29,0.31868131868131866,55,0.6043956043956044
75,116,30,0.32967032967032966,54,0.5934065934065934
75,116,31,0.34065934065934067,53,0.5824175824175825
75,116,32,0.3516483516483517,52,0.5714285714285714
75,116,33,0.3626373626373626,51,0.5604395604395604
75,116,34,0.37362637362637363,50,0.5494505494505495
75,116,35,0.38461538461538464,49,0.5384615384615384
75,116,36,0.3956043956043956,47,0.5164835164835165
75,116,37,0.4065934065934066,46,0.5054945054945055
75,116,38,0.4175824175824176,45,0.4945054945054945
75,116,39,0.42857142857142855,44,0.4835164835164835
75,116,40,0.43956043956043955,43,0.4725274725274725
75,116,41,0.45054945054945056,43,0.4725274725274725
75,116,42,0.46153846153846156,43,0.4725274725274725
75,116,43,0.4725274725274725,42,0.46153846153846156
75,116,44,0.4835164835164835,42,0.46153846153846156
75,116,45,0.4945054945054945,41,0.45054945054945056
75,116,46,0.5054945054945055,40,0.43956043956043955
75,116,47,0.5164835164835165,39,0.42857142857142855
75,116,48,0.5274725274725275,38,0.4175824175824176
75,116,49,0.5384615384615384,37,0.4065934065934066
75,116,50,0.5494505494505495,36,0.3956043956043956
75,116,51,0.5604395604395604,35,0.38461538461538464
75,116,52,0.5714285714285714,34,0.37362637362637363
75,116,53,0.5824175824175825,33,0.3626373626373626
75,116,54,0.5934065934065934,32,0.3516483516483517
75,116,55,0.6043956043956044,32,0.3516483516483517
75,116,56,0.6153846153846154,31,0.34065934065934067
75,116,57,0.6263736263736264,30,0.32967032967032966
75,116,58,0.6373626373626373,29,0.31868131868131866
75,116,59,0.6483516483516484,29,0.31868131868131866
75,116,60,0.6593406593406593,28,0.3076923076923077
75,116,61,0.6703296703296703,27,0.2967032967032967
75,116,62,0.6813186813186813,26,0.2857142857142857
75,116,63,0.6923076923076923,25,0.27472527472527475
75,116,64,0.7032967032967034,24,0.26373626373626374
75,116,65,0.7142857142857143,23,0.25274725274725274
75,116,66,0.7252747252747253,23,0.25274725274725274
75,116,67,0.7362637362637363,22,0.24175824175824176
75,116,68,0.7472527472527473,21,0.23076923076923078
75,116,69,0.7582417582417582,21,0.23076923076923078
75,116,70,0.7692307692307693,20,0.21978021978021978
75,116,71,0.7802197802197802,19,0.2087912087912088
75,116,72,0.7912087912087912,18,0.1978021978021978
75,116,73,0.8021978021978022,17,0.18681318681318682
75,116,74,0.8131868131868132,17,0.18681318681318682
75,116,75,0.8241758241758241,16,0.17582417582417584
75,116,76,0.8351648351648352,15,0.16483516483516483
75,116,77,0.8461538461538461,14,0.15384615384615385
75,116,78,0.8571428571428571,13,0.14285714285714285
75,116,79,0.8681318681318682,12,0.13186813186813187
75,116,80,0.8791208791208791,11,0.12087912087912088
75,116,81,0.8901098901098901,10,0.10989010989010989
75,116,82,0.9010989010989011,9,0.0989010989010989
75,116,83,0.9120879120879121,8,0.08791208791208792
75,116,84,0.9230769230769231,7,0.07692307692307693
75,116,85,0.9340659340659341,6,0.06593406593406594
75,116,86,0.945054945054945,5,0.054945054945054944
75,116,87,0.9560439560439561,4,0.04395604395604396
75,116,88,0.967032967032967,3,0.03296703296703297
75,116,89,0.978021978021978,2,0.02197802197802198
75,116,90,0.989010989010989,1,0.01098901098901099
75,116,91,1.0,0,0.0
76,117,0,0.0,82,0.9010989010989011
76,117,1,0.01098901098901099,82,0.9010989010989011
76,117,2,0.02197802197802198,81,0.8901098901098901
76,117,3,0.03296703296703297,80,0.8791208791208791
76,117,4,0.04395604395604396,79,0.8681318681318682
76,117,5,0.054945054945054944,78,0.8571428571428571
76,117,6,0.06593406593406594,77,0.8461538461538461
76,117,7,0.07692307692307693,75,0.8241758241758241
76,117,8,0.08791208791208792,74,0.8131868131868132
76,117,9,0.0989010989010989,73,0.8021978021978022
76,117,10,0.10989010989010989,72,0.7912087912087912
76,117,11,0.12087912087912088,72,0.7912087912087912
76,117,12,0.13186813186813187,71,0.7802197802197802
76,117,13,0.14285714285714285,70,0.7692307692307693
76,117,14,0.15384615384615385,69,0.7582417582417582
76,117,15,0.16483516483516483,68,0.7472527472527473
76,117,16,0.17582417582417584,67,0.7362637362637363
76,117,17,0.18681318681318682,66,0.7252747252747253
76,117,18,0.1978021978021978,65,0.7142857142857143
76,117,19,0.2087912087912088,64,0.7032967032967034
76,117,20,0.21978021978021978,63,0.6923076923076923
76,117,21,0.23076923076923078,63,0.6923076923076923
76,117,22,0.24175824175824176,62,0.6813186813186813
76,117,23,0.25274725274725274,61,0.6703296703296703
76,117,24,0.26373626373626374,60,0.6593406593406593
76,117,25,0.27472527472527475,59,0.6483516483516484
76,117,26,0.2857142857142857,58,0.6373626373626373
76,117,27,0.2967032967032967,57,0.6263736263736264
76,117,28,0.3076923076923077,56,0.6153846153846154
76,117,29,0.31868131868131866,55,0.6043956043956044
76,117,30,0.32967032967032966,54,0.5934065934065934
76,117,31,0.34065934065934067,53,0.5824175824175825
76,117,32,0.3516483516483517,52,0.5714285714285714
76,117,33,0.3626373626373626,51,0.5604395604395604
76,117,34,0.37362637362637363,50,0.5494505494505495
76,117,35,0.38461538461538464,49,0.5384615384615384
76,117,36,0.3956043956043956,49,0.5384615384615384
76,117,37,0.4065934065934066,48,0.5274725274725275
76,117,38,0.4175824175824176,47,0.5164835164835165
76,117,39,0.42857142857142855,46,0.5054945054945055
76,117,40,0.43956043956043955,45,0.4945054945054945
76,117,41,0.45054945054945056,44,0.4835164835164835
76,117,42,0.46153846153846156,43,0.4725274725274725
76,117,43,0.4725274725274725,42,0.46153846153846156
76,117,44,0.4835164835164835,41,0.45054945054945056
76,117,45,0.4945054945054945,40,0.43956043956043955
76,117,46,0.5054945054945055,39,0.42857142857142855
76,117,47,0.5164835164835165,38,0.4175824175824176
76,117,48,0.5274725274725275,37,0.4065934065934066
76,117,49,0.5384615384615384,36,0.3956043956043956
76,117,50,0.5494505494505495,35,0.38461538461538464
76,117,51,0.5604395604395604,34,0.37362637362637363
76,117,52,0.5714285714285714,33,0.3626373626373626
76,117,53,0.5824175824175825,32,0.3516483516483517
76,117,54,0.5934065934065934,31,0.34065934065934067
76,117,55,0.6043956043956044,30,0.32967032967032966
76,117,56,0.6153846153846154,29,0.31868131868131866
76,117,57,0.6263736263736264,28,0.3076923076923077
76,117,58,0.6373626373626373,27,0.2967032967032967
76,117,59,0.6483516483516484,27,0.2967032967032967
76,117,60,0.6593406593406593,26,0.2857142857142857
76,117,61,0.6703296703296703,25,0.27472527472527475
76,117,62,0.6813186813186813,25,0.27472527472527475
76,117,63,0.6923076923076923,24,0.26373626373626374
76,117,64,0.7032967032967034,23,0.25274725274725274
76,117,65,0.7142857142857143,22,0.24175824175824176
76,117,66,0.7252747252747253,21,0.23076923076923078
76,117,67,0.7362637362637363,20,0.21978021978021978
76,117,68,0.7472527472527473,19,0.2087912087912088
76,117,69,0.7582417582417582,19,0.2087912087912088
76,117,70,0.7692307692307693,18,0.1978021978021978
76,117,71,0.7802197802197802,17,0.18681318681318682
76,117,72,0.7912087912087912,16,0.17582417582417584
76,117,73,0.8021978021978022,15,0.16483516483516483
76,117,74,0.8131868131868132,15,0.16483516483516483
76,117,75,0.8241758241758241,14,0.15384615384615385
76,117,76,0.8351648351648352,14,0.15384615384615385
76,117,77,0.8461538461538461,13,0.14285714285714285
76,117,78,0.8571428571428571,12,0.13186813186813187
76,117,79,0.8681318681318682,11,0.12087912087912088
76,117,80,0.8791208791208791,9,0.0989010989010989
76,117,81,0.8901098901098901,8,0.08791208791208792
76,117,82,0.9010989010989011,7,0.07692307692307693
76,117,83,0.9120879120879121,5,0.054945054945054944
76,117,84,0.9230769230769231,5,0.054945054945054944
76,117,85,0.9340659340659341,4,0.04395604395604396
76,117,86,0.945054945054945,4,0.04395604395604396
76,117,87,0.9560439560439561,3,0.03296703296703297
76,117,88,0.967032967032967,2,0.02197802197802198
76,117,89,0.978021978021978,1,0.01098901098901099
76,117,90,0.989010989010989,1,0.01098901098901099
76,117,91,1.0,0,0.0
77,118,0,0.0,82,0.9010989010989011
77,118,1,0.01098901098901099,81,0.8901098901098901
77,118,2,0.02197802197802198,80,0.8791208791208791
77,118,3,0.03296703296703297,79,0.8681318681318682
77,118,4,0.04395604395604396,78,0.8571428571428571
77,118,5,0.054945054945054944,78,0.8571428571428571
77,118,6,0.06593406593406594,77,0.8461538461538461
77,118,7,0.07692307692307693,76,0.8351648351648352
77,118,8,0.08791208791208792,75,0.8241758241758241
77,118,9,0.0989010989010989,74,0.8131868131868132
77,118,10,0.10989010989010989,73,0.8021978021978022
77,118,11,0.12087912087912088,72,0.7912087912087912
77,118,12,0.13186813186813187,71,0.7802197802197802
77,118,13,0.14285714285714285,70,0.7692307692307693
77,118,14,0.15384615384615385,69,0.7582417582417582
77,118,15,0.16483516483516483,68,0.7472527472527473
77,118,16,0.17582417582417584,67,0.7362637362637363
77,118,17,0.18681318681318682,67,0.7362637362637363
77,118,18,0.1978021978021978,66,0.7252747252747253
77,118,19,0.2087912087912088,65,0.7142857142857143
77,118,20,0.21978021978021978,64,0.7032967032967034
77,118,21,0.23076923076923078,62,0.6813186813186813
77,118,22,0.24175824175824176,61,0.6703296703296703
77,118,23,0.25274725274725274,60,0.6593406593406593
77,118,24,0.26373626373626374,60,0.6593406593406593
77,118,25,0.27472527472527475,59,0.6483516483516484
77,118,26,0.2857142857142857,58,0.6373626373626373
77,118,27,0.2967032967032967,57,0.6263736263736264
77,118,28,0.3076923076923077,56,0.6153846153846154
77,118,29,0.31868131868131866,55,0.6043956043956044
77,118,30,0.32967032967032966,54,0.5934065934065934
77,118,31,0.34065934065934067,53,0.5824175824175825
77,118,32,0.3516483516483517,52,0.5714285714285714
77,118,33,0.3626373626373626,52,0.5714285714285714
77,118,34,0.37362637362637363,51,0.5604395604395604
77,118,35,0.38461538461538464,50,0.5494505494505495
77,118,36,0.3956043956043956,49,0.5384615384615384
77,118,37,0.4065934065934066,48,0.5274725274725275
77,118,38,0.4175824175824176,47,0.5164835164835165
77,118,39,0.42857142857142855,46,0.5054945054945055
77,118,40,0.43956043956043955,46,0.5054945054945055
77,118,41,0.45054945054945056,45,0.4945054945054945
77,118,42,0.46153846153846156,44,0.4835164835164835
77,118,43,0.4725274725274725,43,0.4725274725274725
77,118,44,0.4835164835164835,42,0.46153846153846156
77,118,45,0.4945054945054945,41,0.45054945054945056
77,118,46,0.5054945054945055,40,0.43956043956043955
77,118,47,0.5164835164835165,39,0.42857142857142855
77,118,48,0.5274725274725275,38,0.4175824175824176
77,118,49,0.5384615384615384,37,0.4065934065934066
77,118,50,0.5494505494505495,36,0.3956043956043956
77,118,51,0.5604395604395604,35,0.38461538461538464
77,118,52,0.5714285714285714,33,0.3626373626373626
77,118,53,0.5824175824175825,32,0.3516483516483517
77,118,54,0.5934065934065934,31,0.34065934065934067
77,118,55,0.6043956043956044,30,0.32967032967032966
77,118,56,0.6153846153846154,29,0.31868131868131866
77,118,57,0.6263736263736264,29,0.31868131868131866
77,118,58,0.6373626373626373,27,0.2967032967032967
77,118,59,0.6483516483516484,26,0.2857142857142857
77,118,60,0.6593406593406593,26,0.2857142857142857
77,118,61,0.6703296703296703,25,0.27472527472527475
77,118,62,0.6813186813186813,24,0.26373626373626374
77,118,63,0.6923076923076923,24,0.26373626373626374
77,118,64,0.7032967032967034,23,0.25274725274725274
77,118,65,0.7142857142857143,23,0.25274725274725274
77,118,66,0.7252747252747253,22,0.24175824175824176
77,118,67,0.7362637362637363,21,0.23076923076923078
77,118,68,0.7472527472527473,20,0.21978021978021978
77,118,69,0.7582417582417582,20,0.21978021978021978
77,118,70,0.7692307692307693,19,0.2087912087912088
77,118,71,0.7802197802197802,18,0.1978021978021978
77,118,72,0.7912087912087912,17,0.18681318681318682
77,118,73,0.8021978021978022,16,0.17582417582417584
77,118,74,0.8131868131868132,15,0.16483516483516483
77,118,75,0.8241758241758241,14,0.15384615384615385
77,118,76,0.8351648351648352,13,0.14285714285714285
77,118,77,0.8461538461538461,12,0.13186813186813187
77,118,78,0.8571428571428571,11,0.12087912087912088
77,118,79,0.8681318681318682,10,0.10989010989010989
77,118,80,0.8791208791208791,9,0.0989010989010989
77,118,81,0.8901098901098901,8,0.08791208791208792
77,118,82,0.9010989010989011,7,0.07692307692307693
77,118,83,0.9120879120879121,6,0.06593406593406594
77,118,84,0.9230769230769231,4,0.04395604395604396
77,118,85,0.9340659340659341,3,0.03296703296703297
77,118,86,0.945054945054945,3,0.03296703296703297
77,118,87,0.9560439560439561,3,0.03296703296703297
77,118,88,0.967032967032967,2,0.02197802197802198
77,118,89,0.978021978021978,1,0.01098901098901099
77,118,90,0.989010989010989,1,0.01098901098901099
77,118,91,1.0,0,0.0
78,119,0,0.0,82,0.9010989010989011
78,119,1,0.01098901098901099,81,0.8901098901098901
78,119,2,0.02197802197802198,80,0.8791208791208791
78,119,3,0.03296703296703297,79,0.8681318681318682
78,119,4,0.04395604395604396,78,0.8571428571428571
78,119,5,0.054945054945054944,77,0.8461538461538461
78,119,6,0.06593406593406594,76,0.8351648351648352
78,119,7,0.07692307692307693,75,0.8241758241758241
78,119,8,0.08791208791208792,75,0.8241758241758241
78,119,9,0.0989010989010989,74,0.8131868131868132
78,119,10,0.10989010989010989,73,0.8021978021978022
78,119,11,0.12087912087912088,72,0.7912087912087912
78,119,12,0.13186813186813187,71,0.7802197802197802
78,119,13,0.14285714285714285,69,0.7582417582417582
78,119,14,0.15384615384615385,68,0.7472527472527473
78,119,15,0.16483516483516483,67,0.7362637362637363
78,119,16,0.17582417582417584,66,0.7252747252747253
78,119,17,0.18681318681318682,65,0.7142857142857143
78,119,18,0.1978021978021978,65,0.7142857142857143
78,119,19,0.2087912087912088,64,0.7032967032967034
78,119,20,0.21978021978021978,63,0.6923076923076923
78,119,21,0.23076923076923078,62,0.6813186813186813
78,119,22,0.24175824175824176,61,0.6703296703296703
78,119,23,0.25274725274725274,60,0.6593406593406593
78,119,24,0.26373626373626374,59,0.6483516483516484
78,119,25,0.27472527472527475,58,0.6373626373626373
78,119,26,0.2857142857142857,58,0.6373626373626373
78,119,27,0.2967032967032967,57,0.6263736263736264
78,119,28,0.3076923076923077,57,0.6263736263736264
78,119,29,0.31868131868131866,56,0.6153846153846154
78,119,30,0.32967032967032966,55,0.6043956043956044
78,119,31,0.34065934065934067,54,0.5934065934065934
78,119,32,0.3516483516483517,53,0.5824175824175825
78,119,33,0.3626373626373626,52,0.5714285714285714
78,119,34,0.37362637362637363,51,0.5604395604395604
78,119,35,0.38461538461538464,50,0.5494505494505495
78,119,36,0.3956043956043956,49,0.5384615384615384
78,119,37,0.4065934065934066,48,0.5274725274725275
78,119,38,0.4175824175824176,47,0.5164835164835165
78,119,39,0.42857142857142855,46,0.5054945054945055
78,119,40,0.43956043956043955,45,0.4945054945054945
78,119,41,0.45054945054945056,44,0.4835164835164835
78,119,42,0.46153846153846156,44,0.4835164835164835
78,119,43,0.4725274725274725,43,0.4725274725274725
78,119,44,0.4835164835164835,42,0.46153846153846156
78,119,45,0.4945054945054945,41,0.45054945054945056
78,119,46,0.5054945054945055,40,0.43956043956043955
78,119,47,0.5164835164835165,39,0.42857142857142855
78,119,48,0.5274725274725275,38,0.4175824175824176
78,119,49,0.5384615384615384,37,0.4065934065934066
78,119,50,0.5494505494505495,36,0.3956043956043956
78,119,51,0.5604395604395604,35,0.38461538461538464
78,119,52,0.5714285714285714,34,0.37362637362637363
78,119,53,0.5824175824175825,34,0.37362637362637363
78,119,54,0.5934065934065934,33,0.3626373626373626
78,119,55,0.6043956043956044,33,0.3626373626373626
78,119,56,0.6153846153846154,32,0.3516483516483517
78,119,57,0.6263736263736264,31,0.34065934065934067
78,119,58,0.6373626373626373,30,0.32967032967032966
78,119,59,0.6483516483516484,29,0.31868131868131866
78,119,60,0.6593406593406593,28,0.3076923076923077
78,119,61,0.6703296703296703,27,0.2967032967032967
78,119,62,0.6813186813186813,26,0.2857142857142857
78,119,63,0.6923076923076923,25,0.27472527472527475
78,119,64,0.7032967032967034,24,0.26373626373626374
78,119,65,0.7142857142857143,23,0.25274725274725274
78,119,66,0.7252747252747253,22,0.24175824175824176
78,119,67,0.7362637362637363,21,0.23076923076923078
78,119,68,0.7472527472527473,20,0.21978021978021978
78,119,69,0.7582417582417582,19,0.2087912087912088
78,119,70,0.7692307692307693,18,0.1978021978021978
78,119,71,0.7802197802197802,17,0.18681318681318682
78,119,72,0.7912087912087912,16,0.17582417582417584
78,119,73,0.8021978021978022,15,0.16483516483516483
78,119,74,0.8131868131868132,14,0.15384615384615385
78,119,75,0.8241758241758241,13,0.14285714285714285
78,119,76,0.8351648351648352,12,0.13186813186813187
78,119,77,0.8461538461538461,11,0.12087912087912088
78,119,78,0.8571428571428571,10,0.10989010989010989
78,119,79,0.8681318681318682,9,0.0989010989010989
78,119,80,0.8791208791208791,9,0.0989010989010989
78,119,81,0.8901098901098901,8,0.08791208791208792
78,119,82,0.9010989010989011,7,0.07692307692307693
78,119,83,0.9120879120879121,6,0.06593406593406594
78,119,84,0.9230769230769231,4,0.04395604395604396
78,119,85,0.9340659340659341,4,0.04395604395604396
78,119,86,0.945054945054945,3,0.03296703296703297
78,119,87,0.9560439560439561,1,0.01098901098901099
78,119,88,0.967032967032967,1,0.01098901098901099
78,119,89,0.978021978021978,1,0.01098901098901099
78,119,90,0.989010989010989,1,0.01098901098901099
78,119,91,1.0,0,0.0
79,120,0,0.0,82,0.9010989010989011
79,120,1,0.01098901098901099,81,0.8901098901098901
79,120,2,0.02197802197802198,80,0.8791208791208791
79,120,3,0.03296703296703297,79,0.8681318681318682
79,120,4,0.04395604395604396,77,0.8461538461538461
79,120,5,0.054945054945054944,76,0.8351648351648352
79,120,6,0.06593406593406594,75,0.8241758241758241
79,120,7,0.07692307692307693,74,0.8131868131868132
79,120,8,0.08791208791208792,73,0.8021978021978022
79,120,9,0.0989010989010989,72,0.7912087912087912
79,120,10,0.10989010989010989,71,0.7802197802197802
79,120,11,0.12087912087912088,70,0.7692307692307693
79,120,12,0.13186813186813187,69,0.7582417582417582
79,120,13,0.14285714285714285,68,0.7472527472527473
79,120,14,0.15384615384615385,68,0.7472527472527473
79,120,15,0.16483516483516483,67,0.7362637362637363
79,120,16,0.17582417582417584,66,0.7252747252747253
79,120,17,0.18681318681318682,65,0.7142857142857143
79,120,18,0.1978021978021978,63,0.6923076923076923
79,120,19,0.2087912087912088,62,0.6813186813186813
79,120,20,0.21978021978021978,61,0.6703296703296703
79,120,21,0.23076923076923078,60,0.6593406593406593
79,120,22,0.24175824175824176,59,0.6483516483516484
79,120,23,0.25274725274725274,59,0.6483516483516484
79,120,24,0.26373626373626374,58,0.6373626373626373
79,120,25,0.27472527472527475,58,0.6373626373626373
79,120,26,0.2857142857142857,57,0.6263736263736264
79,120,27,0.2967032967032967,56,0.6153846153846154
79,120,28,0.3076923076923077,55,0.6043956043956044
79,120,29,0.31868131868131866,54,0.5934065934065934
79,120,30,0.32967032967032966,53,0.5824175824175825
79,120,31,0.34065934065934067,52,0.5714285714285714
79,120,32,0.3516483516483517,51,0.5604395604395604
79,120,33,0.3626373626373626,51,0.5604395604395604
79,120,34,0.37362637362637363,50,0.5494505494505495
79,120,35,0.38461538461538464,49,0.5384615384615384
79,120,36,0.3956043956043956,48,0.5274725274725275
79,120,37,0.4065934065934066,47,0.5164835164835165
79,120,38,0.4175824175824176,46,0.5054945054945055
79,120,39,0.42857142857142855,45,0.4945054945054945
79,120,40,0.43956043956043955,45,0.4945054945054945
79,120,41,0.45054945054945056,45,0.4945054945054945
79,120,42,0.46153846153846156,44,0.4835164835164835
79,120,43,0.4725274725274725,43,0.4725274725274725
79,120,44,0.4835164835164835,42,0.46153846153846156
79,120,45,0.4945054945054945,41,0.45054945054945056
79,120,46,0.5054945054945055,40,0.43956043956043955
79,120,47,0.5164835164835165,39,0.42857142857142855
79,120,48,0.5274725274725275,38,0.4175824175824176
79,120,49,0.5384615384615384,37,0.4065934065934066
79,120,50,0.5494505494505495,36,0.3956043956043956
79,120,51,0.5604395604395604,36,0.3956043956043956
79,120,52,0.5714285714285714,36,0.3956043956043956
79,120,53,0.5824175824175825,35,0.38461538461538464
79,120,54,0.5934065934065934,34,0.37362637362637363
79,120,55,0.6043956043956044,33,0.3626373626373626
79,120,56,0.6153846153846154,33,0.3626373626373626
79,120,57,0.6263736263736264,32,0.3516483516483517
79,120,58,0.6373626373626373,31,0.34065934065934067
79,120,59,0.6483516483516484,30,0.32967032967032966
79,120,60,0.6593406593406593,29,0.31868131868131866
79,120,61,0.6703296703296703,28,0.3076923076923077
79,120,62,0.6813186813186813,27,0.2967032967032967
79,120,63,0.6923076923076923,26,0.2857142857142857
79,120,64,0.7032967032967034,25,0.27472527472527475
79,120,65,0.7142857142857143,24,0.26373626373626374
79,120,66,0.7252747252747253,23,0.25274725274725274
79,120,67,0.7362637362637363,23,0.25274725274725274
79,120,68,0.7472527472527473,22,0.24175824175824176
79,120,69,0.7582417582417582,22,0.24175824175824176
79,120,70,0.7692307692307693,21,0.23076923076923078
79,120,71,0.7802197802197802,20,0.21978021978021978
79,120,72,0.7912087912087912,19,0.2087912087912088
79,120,73,0.8021978021978022,18,0.1978021978021978
79,120,74,0.8131868131868132,17,0.18681318681318682
79,120,75,0.8241758241758241,16,0.17582417582417584
79,120,76,0.8351648351648352,15,0.16483516483516483
79,120,77,0.8461538461538461,14,0.15384615384615385
79,120,78,0.8571428571428571,13,0.14285714285714285
79,120,79,0.8681318681318682,12,0.13186813186813187
79,120,80,0.8791208791208791,11,0.12087912087912088
79,120,81,0.8901098901098901,10,0.10989010989010989
79,120,82,0.9010989010989011,9,0.0989010989010989
79,120,83,0.9120879120879121,8,0.08791208791208792
79,120,84,0.9230769230769231,7,0.07692307692307693
79,120,85,0.9340659340659341,6,0.06593406593406594
79,120,86,0.945054945054945,5,0.054945054945054944
79,120,87,0.9560439560439561,4,0.04395604395604396
79,120,88,0.967032967032967,3,0.03296703296703297
79,120,89,0.978021978021978,1,0.01098901098901099
79,120,90,0.989010989010989,1,0.01098901098901099
79,120,91,1.0,0,0.0
80,121,0,0.0,82,0.9010989010989011
80,121,1,0.01098901098901099,81,0.8901098901098901
80,121,2,0.02197802197802198,80,0.8791208791208791
80,121,3,0.03296703296703297,79,0.8681318681318682
80,121,4,0.04395604395604396,78,0.8571428571428571
80,121,5,0.054945054945054944,77,0.8461538461538461
80,121,6,0.06593406593406594,77,0.8461538461538461
80,121,7,0.07692307692307693,76,0.8351648351648352
80,121,8,0.08791208791208792,75,0.8241758241758241
80,121,9,0.0989010989010989,74,0.8131868131868132
80,121,10,0.10989010989010989,73,0.8021978021978022
80,121,11,0.12087912087912088,72,0.7912087912087912
80,121,12,0.13186813186813187,71,0.7802197802197802
80,121,13,0.14285714285714285,70,0.7692307692307693
80,121,14,0.15384615384615385,69,0.7582417582417582
80,121,15,0.16483516483516483,68,0.7472527472527473
80,121,16,0.17582417582417584,67,0.7362637362637363
80,121,17,0.18681318681318682,67,0.7362637362637363
80,121,18,0.1978021978021978,66,0.7252747252747253
80,121,19,0.2087912087912088,65,0.7142857142857143
80,121,20,0.21978021978021978,64,0.7032967032967034
80,121,21,0.23076923076923078,63,0.6923076923076923
80,121,22,0.24175824175824176,62,0.6813186813186813
80,121,23,0.25274725274725274,62,0.6813186813186813
80,121,24,0.26373626373626374,62,0.6813186813186813
80,121,25,0.27472527472527475,61,0.6703296703296703
80,121,26,0.2857142857142857,60,0.6593406593406593
80,121,27,0.2967032967032967,59,0.6483516483516484
80,121,28,0.3076923076923077,58,0.6373626373626373
80,121,29,0.31868131868131866,57,0.6263736263736264
80,121,30,0.32967032967032966,56,0.6153846153846154
80,121,31,0.34065934065934067,55,0.6043956043956044
80,121,32,0.3516483516483517,54,0.5934065934065934
80,121,33,0.3626373626373626,53,0.5824175824175825
80,121,34,0.37362637362637363,52,0.5714285714285714
80,121,35,0.38461538461538464,51,0.5604395604395604
80,121,36,0.3956043956043956,51,0.5604395604395604
80,121,37,0.4065934065934066,50,0.5494505494505495
80,121,38,0.4175824175824176,50,0.5494505494505495
80,121,39,0.42857142857142855,49,0.5384615384615384
80,121,40,0.43956043956043955,48,0.5274725274725275
80,121,41,0.45054945054945056,47,0.5164835164835165
80,121,42,0.46153846153846156,46,0.5054945054945055
80,121,43,0.4725274725274725,45,0.4945054945054945
80,121,44,0.4835164835164835,44,0.4835164835164835
80,121,45,0.4945054945054945,43,0.4725274725274725
80,121,46,0.5054945054945055,42,0.46153846153846156
80,121,47,0.5164835164835165,41,0.45054945054945056
80,121,48,0.5274725274725275,40,0.43956043956043955
80,121,49,0.5384615384615384,39,0.42857142857142855
80,121,50,0.5494505494505495,38,0.4175824175824176
80,121,51,0.5604395604395604,37,0.4065934065934066
80,121,52,0.5714285714285714,36,0.3956043956043956
80,121,53,0.5824175824175825,35,0.38461538461538464
80,121,54,0.5934065934065934,35,0.38461538461538464
80,121,55,0.6043956043956044,34,0.37362637362637363
80,121,56,0.6153846153846154,33,0.3626373626373626
80,121,57,0.6263736263736264,32,0.3516483516483517
80,121,58,0.6373626373626373,31,0.34065934065934067
80,121,59,0.6483516483516484,30,0.32967032967032966
80,121,60,0.6593406593406593,29,0.31868131868131866
80,121,61,0.6703296703296703,29,0.31868131868131866
80,121,62,0.6813186813186813,28,0.3076923076923077
80,121,63,0.6923076923076923,27,0.2967032967032967
80,121,64,0.7032967032967034,26,0.2857142857142857
80,121,65,0.7142857142857143,24,0.26373626373626374
80,121,66,0.7252747252747253,23,0.25274725274725274
80,121,67,0.7362637362637363,22,0.24175824175824176
80,121,68,0.7472527472527473,21,0.23076923076923078
80,121,69,0.7582417582417582,20,0.21978021978021978
80,121,70,0.7692307692307693,19,0.2087912087912088
80,121,71,0.7802197802197802,18,0.1978021978021978
80,121,72,0.7912087912087912,18,0.1978021978021978
80,121,73,0.8021978021978022,17,0.18681318681318682
80,121,74,0.8131868131868132,16,0.17582417582417584
80,121,75,0.8241758241758241,15,0.16483516483516483
80,121,76,0.8351648351648352,14,0.15384615384615385
80,121,77,0.8461538461538461,13,0.14285714285714285
80,121,78,0.8571428571428571,12,0.13186813186813187
80,121,79,0.8681318681318682,11,0.12087912087912088
80,121,80,0.8791208791208791,10,0.10989010989010989
80,121,81,0.8901098901098901,8,0.08791208791208792
80,121,82,0.9010989010989011,7,0.07692307692307693
80,121,83,0.9120879120879121,6,0.06593406593406594
80,121,84,0.9230769230769231,4,0.04395604395604396
80,121,85,0.9340659340659341,4,0.04395604395604396
80,121,86,0.945054945054945,3,0.03296703296703297
80,121,87,0.9560439560439561,2,0.02197802197802198
80,121,88,0.967032967032967,1,0.01098901098901099
80,121,89,0.978021978021978,1,0.01098901098901099
80,121,90,0.989010989010989,1,0.01098901098901099
80,121,91,1.0,0,0.0
81,122,0,0.0,82,0.9010989010989011
81,122,1,0.01098901098901099,82,0.9010989010989011
81,122,2,0.02197802197802198,81,0.8901098901098901
81,122,3,0.03296703296703297,80,0.8791208791208791
81,122,4,0.04395604395604396,79,0.8681318681318682
81,122,5,0.054945054945054944,78,0.8571428571428571
81,122,6,0.06593406593406594,77,0.8461538461538461
81,122,7,0.07692307692307693,76,0.8351648351648352
81,122,8,0.08791208791208792,75,0.8241758241758241
81,122,9,0.0989010989010989,74,0.8131868131868132
81,122,10,0.10989010989010989,73,0.8021978021978022
81,122,11,0.12087912087912088,72,0.7912087912087912
81,122,12,0.13186813186813187,71,0.7802197802197802
81,122,13,0.14285714285714285,70,0.7692307692307693
81,122,14,0.15384615384615385,69,0.7582417582417582
81,122,15,0.16483516483516483,68,0.7472527472527473
81,122,16,0.17582417582417584,67,0.7362637362637363
81,122,17,0.18681318681318682,67,0.7362637362637363
81,122,18,0.1978021978021978,65,0.7142857142857143
81,122,19,0.2087912087912088,64,0.7032967032967034
81,122,20,0.21978021978021978,63,0.6923076923076923
81,122,21,0.23076923076923078,62,0.6813186813186813
81,122,22,0.24175824175824176,61,0.6703296703296703
81,122,23,0.25274725274725274,60,0.6593406593406593
81,122,24,0.26373626373626374,59,0.6483516483516484
81,122,25,0.27472527472527475,58,0.6373626373626373
81,122,26,0.2857142857142857,57,0.6263736263736264
81,122,27,0.2967032967032967,56,0.6153846153846154
81,122,28,0.3076923076923077,56,0.6153846153846154
81,122,29,0.31868131868131866,55,0.6043956043956044
81,122,30,0.32967032967032966,55,0.6043956043956044
81,122,31,0.34065934065934067,54,0.5934065934065934
81,122,32,0.3516483516483517,53,0.5824175824175825
81,122,33,0.3626373626373626,52,0.5714285714285714
81,122,34,0.37362637362637363,52,0.5714285714285714
81,122,35,0.38461538461538464,51,0.5604395604395604
81,122,36,0.3956043956043956,50,0.5494505494505495
81,122,37,0.4065934065934066,49,0.5384615384615384
81,122,38,0.4175824175824176,48,0.5274725274725275
81,122,39,0.42857142857142855,47,0.5164835164835165
81,122,40,0.43956043956043955,46,0.5054945054945055
81,122,41,0.45054945054945056,45,0.4945054945054945
81,122,42,0.46153846153846156,44,0.4835164835164835
81,122,43,0.4725274725274725,43,0.4725274725274725
81,122,44,0.4835164835164835,43,0.4725274725274725
81,122,45,0.4945054945054945,42,0.46153846153846156
81,122,46,0.5054945054945055,41,0.45054945054945056
81,122,47,0.5164835164835165,40,0.43956043956043955
81,122,48,0.5274725274725275,39,0.42857142857142855
81,122,49,0.5384615384615384,38,0.4175824175824176
81,122,50,0.5494505494505495,37,0.4065934065934066
81,122,51,0.5604395604395604,36,0.3956043956043956
81,122,52,0.5714285714285714,35,0.38461538461538464
81,122,53,0.5824175824175825,34,0.37362637362637363
81,122,54,0.5934065934065934,33,0.3626373626373626
81,122,55,0.6043956043956044,32,0.3516483516483517
81,122,56,0.6153846153846154,31,0.34065934065934067
81,122,57,0.6263736263736264,30,0.32967032967032966
81,122,58,0.6373626373626373,29,0.31868131868131866
81,122,59,0.6483516483516484,29,0.31868131868131866
81,122,60,0.6593406593406593,28,0.3076923076923077
81,122,61,0.6703296703296703,27,0.2967032967032967
81,122,62,0.6813186813186813,26,0.2857142857142857
81,122,63,0.6923076923076923,25,0.27472527472527475
81,122,64,0.7032967032967034,24,0.26373626373626374
81,122,65,0.7142857142857143,24,0.26373626373626374
81,122,66,0.7252747252747253,23,0.25274725274725274
81,122,67,0.7362637362637363,22,0.24175824175824176
81,122,68,0.7472527472527473,22,0.24175824175824176
81,122,69,0.7582417582417582,21,0.23076923076923078
81,122,70,0.7692307692307693,20,0.21978021978021978
81,122,71,0.7802197802197802,19,0.2087912087912088
81,122,72,0.7912087912087912,18,0.1978021978021978
81,122,73,0.8021978021978022,17,0.18681318681318682
81,122,74,0.8131868131868132,16,0.17582417582417584
81,122,75,0.8241758241758241,15,0.16483516483516483
81,122,76,0.8351648351648352,14,0.15384615384615385
81,122,77,0.8461538461538461,13,0.14285714285714285
81,122,78,0.8571428571428571,12,0.13186813186813187
81,122,79,0.8681318681318682,11,0.12087912087912088
81,122,80,0.8791208791208791,10,0.10989010989010989
81,122,81,0.8901098901098901,8,0.08791208791208792
81,122,82,0.9010989010989011,8,0.08791208791208792
81,122,83,0.9120879120879121,7,0.07692307692307693
81,122,84,0.9230769230769231,7,0.07692307692307693
81,122,85,0.9340659340659341,6,0.06593406593406594
81,122,86,0.945054945054945,5,0.054945054945054944
81,122,87,0.9560439560439561,4,0.04395604395604396
81,122,88,0.967032967032967,3,0.03296703296703297
81,122,89,0.978021978021978,2,0.02197802197802198
81,122,90,0.989010989010989,1,0.01098901098901099
81,122,91,1.0,0,0.0
82,123,0,0.0,82,0.9010989010989011
82,123,1,0.01098901098901099,81,0.8901098901098901
82,123,2,0.02197802197802198,80,0.8791208791208791
82,123,3,0.03296703296703297,79,0.8681318681318682
82,123,4,0.04395604395604396,78,0.8571428571428571
82,123,5,0.054945054945054944,77,0.8461538461538461
82,123,6,0.06593406593406594,77,0.8461538461538461
82,123,7,0.07692307692307693,76,0.8351648351648352
82,123,8,0.08791208791208792,75,0.8241758241758241
82,123,9,0.0989010989010989,74,0.8131868131868132
82,123,10,0.10989010989010989,73,0.8021978021978022
82,123,11,0.12087912087912088,72,0.7912087912087912
82,123,12,0.13186813186813187,71,0.7802197802197802
82,123,13,0.14285714285714285,70,0.7692307692307693
82,123,14,0.15384615384615385,68,0.7472527472527473
82,123,15,0.16483516483516483,67,0.7362637362637363
82,123,16,0.17582417582417584,67,0.7362637362637363
82,123,17,0.18681318681318682,66,0.7252747252747253
82,123,18,0.1978021978021978,65,0.7142857142857143
82,123,19,0.2087912087912088,64,0.7032967032967034
82,123,20,0.21978021978021978,63,0.6923076923076923
82,123,21,0.23076923076923078,62,0.6813186813186813
82,123,22,0.24175824175824176,61,0.6703296703296703
82,123,23,0.25274725274725274,60,0.6593406593406593
82,123,24,0.26373626373626374,59,0.6483516483516484
82,123,25,0.27472527472527475,58,0.6373626373626373
82,123,26,0.2857142857142857,58,0.6373626373626373
82,123,27,0.2967032967032967,57,0.6263736263736264
82,123,28,0.3076923076923077,56,0.6153846153846154
82,123,29,0.31868131868131866,55,0.6043956043956044
82,123,30,0.32967032967032966,54,0.5934065934065934
82,123,31,0.34065934065934067,54,0.5934065934065934
82,123,32,0.3516483516483517,53,0.5824175824175825
82,123,33,0.3626373626373626,52,0.5714285714285714
82,123,34,0.37362637362637363,51,0.5604395604395604
82,123,35,0.38461538461538464,50,0.5494505494505495
82,123,36,0.3956043956043956,49,0.5384615384615384
82,123,37,0.4065934065934066,49,0.5384615384615384
82,123,38,0.4175824175824176,47,0.5164835164835165
82,123,39,0.42857142857142855,46,0.5054945054945055
82,123,40,0.43956043956043955,45,0.4945054945054945
82,123,41,0.45054945054945056,44,0.4835164835164835
82,123,42,0.46153846153846156,43,0.4725274725274725
82,123,43,0.4725274725274725,42,0.46153846153846156
82,123,44,0.4835164835164835,41,0.45054945054945056
82,123,45,0.4945054945054945,40,0.43956043956043955
82,123,46,0.5054945054945055,39,0.42857142857142855
82,123,47,0.5164835164835165,39,0.42857142857142855
82,123,48,0.5274725274725275,38,0.4175824175824176
82,123,49,0.5384615384615384,37,0.4065934065934066
82,123,50,0.5494505494505495,36,0.3956043956043956
82,123,51,0.5604395604395604,36,0.3956043956043956
82,123,52,0.5714285714285714,36,0.3956043956043956
82,123,53,0.5824175824175825,35,0.38461538461538464
82,123,54,0.5934065934065934,34,0.37362637362637363
82,123,55,0.6043956043956044,34,0.37362637362637363
82,123,56,0.6153846153846154,33,0.3626373626373626
82,123,57,0.6263736263736264,32,0.3516483516483517
82,123,58,0.6373626373626373,31,0.34065934065934067
82,123,59,0.6483516483516484,30,0.32967032967032966
82,123,60,0.6593406593406593,29,0.31868131868131866
82,123,61,0.6703296703296703,29,0.31868131868131866
82,123,62,0.6813186813186813,28,0.3076923076923077
82,123,63,0.6923076923076923,27,0.2967032967032967
82,123,64,0.7032967032967034,26,0.2857142857142857
82,123,65,0.7142857142857143,25,0.27472527472527475
82,123,66,0.7252747252747253,24,0.26373626373626374
82,123,67,0.7362637362637363,24,0.26373626373626374
82,123,68,0.7472527472527473,23,0.25274725274725274
82,123,69,0.7582417582417582,22,0.24175824175824176
82,123,70,0.7692307692307693,21,0.23076923076923078
82,123,71,0.7802197802197802,20,0.21978021978021978
82,123,72,0.7912087912087912,19,0.2087912087912088
82,123,73,0.8021978021978022,18,0.1978021978021978
82,123,74,0.8131868131868132,17,0.18681318681318682
82,123,75,0.8241758241758241,16,0.17582417582417584
82,123,76,0.8351648351648352,15,0.16483516483516483
82,123,77,0.8461538461538461,14,0.15384615384615385
82,123,78,0.8571428571428571,13,0.14285714285714285
82,123,79,0.8681318681318682,12,0.13186813186813187
82,123,80,0.8791208791208791,11,0.12087912087912088
82,123,81,0.8901098901098901,10,0.10989010989010989
82,123,82,0.9010989010989011,9,0.0989010989010989
82,123,83,0.9120879120879121,8,0.08791208791208792
82,123,84,0.9230769230769231,7,0.07692307692307693
82,123,85,0.9340659340659341,6,0.06593406593406594
82,123,86,0.945054945054945,5,0.054945054945054944
82,123,87,0.9560439560439561,4,0.04395604395604396
82,123,88,0.967032967032967,3,0.03296703296703297
82,123,89,0.978021978021978,2,0.02197802197802198
82,123,90,0.989010989010989,1,0.01098901098901099
82,123,91,1.0,0,0.0
83,124,0,0.0,82,0.9010989010989011
83,124,1,0.01098901098901099,81,0.8901098901098901
83,124,2,0.02197802197802198,80,0.8791208791208791
83,124,3,0.03296703296703297,79,0.8681318681318682
83,124,4,0.04395604395604396,78,0.8571428571428571
83,124,5,0.054945054945054944,77,0.8461538461538461
83,124,6,0.06593406593406594,76,0.8351648351648352
83,124,7,0.07692307692307693,76,0.8351648351648352
83,124,8,0.08791208791208792,74,0.8131868131868132
83,124,9,0.0989010989010989,73,0.8021978021978022
83,124,10,0.10989010989010989,72,0.7912087912087912
83,124,11,0.12087912087912088,71,0.7802197802197802
83,124,12,0.13186813186813187,70,0.7692307692307693
83,124,13,0.14285714285714285,69,0.7582417582417582
83,124,14,0.15384615384615385,68,0.7472527472527473
83,124,15,0.16483516483516483,67,0.7362637362637363
83,124,16,0.17582417582417584,66,0.7252747252747253
83,124,17,0.18681318681318682,66,0.7252747252747253
83,124,18,0.1978021978021978,65,0.7142857142857143
83,124,19,0.2087912087912088,64,0.7032967032967034
83,124,20,0.21978021978021978,63,0.6923076923076923
83,124,21,0.23076923076923078,62,0.6813186813186813
83,124,22,0.24175824175824176,61,0.6703296703296703
83,124,23,0.25274725274725274,60,0.6593406593406593
83,124,24,0.26373626373626374,59,0.6483516483516484
83,124,25,0.27472527472527475,58,0.6373626373626373
83,124,26,0.2857142857142857,57,0.6263736263736264
83,124,27,0.2967032967032967,56,0.6153846153846154
83,124,28,0.3076923076923077,55,0.6043956043956044
83,124,29,0.31868131868131866,54,0.5934065934065934
83,124,30,0.32967032967032966,53,0.5824175824175825
83,124,31,0.34065934065934067,52,0.5714285714285714
83,124,32,0.3516483516483517,52,0.5714285714285714
83,124,33,0.3626373626373626,51,0.5604395604395604
83,124,34,0.37362637362637363,50,0.5494505494505495
83,124,35,0.38461538461538464,49,0.5384615384615384
83,124,36,0.3956043956043956,48,0.5274725274725275
83,124,37,0.4065934065934066,47,0.5164835164835165
83,124,38,0.4175824175824176,46,0.5054945054945055
83,124,39,0.42857142857142855,45,0.4945054945054945
83,124,40,0.43956043956043955,44,0.4835164835164835
83,124,41,0.45054945054945056,43,0.4725274725274725
83,124,42,0.46153846153846156,42,0.46153846153846156
83,124,43,0.4725274725274725,41,0.45054945054945056
83,124,44,0.4835164835164835,40,0.43956043956043955
83,124,45,0.4945054945054945,40,0.43956043956043955
83,124,46,0.5054945054945055,39,0.42857142857142855
83,124,47,0.5164835164835165,38,0.4175824175824176
83,124,48,0.5274725274725275,37,0.4065934065934066
83,124,49,0.5384615384615384,37,0.4065934065934066
83,124,50,0.5494505494505495,36,0.3956043956043956
83,124,51,0.5604395604395604,35,0.38461538461538464
83,124,52,0.5714285714285714,34,0.37362637362637363
83,124,53,0.5824175824175825,33,0.3626373626373626
83,124,54,0.5934065934065934,33,0.3626373626373626
83,124,55,0.6043956043956044,32,0.3516483516483517
83,124,56,0.6153846153846154,31,0.34065934065934067
83,124,57,0.6263736263736264,30,0.32967032967032966
83,124,58,0.6373626373626373,29,0.31868131868131866
83,124,59,0.6483516483516484,28,0.3076923076923077
83,124,60,0.6593406593406593,27,0.2967032967032967
83,124,61,0.6703296703296703,27,0.2967032967032967
83,124,62,0.6813186813186813,26,0.2857142857142857
83,124,63,0.6923076923076923,25,0.27472527472527475
83,124,64,0.7032967032967034,24,0.26373626373626374
83,124,65,0.7142857142857143,23,0.25274725274725274
83,124,66,0.7252747252747253,22,0.24175824175824176
83,124,67,0.7362637362637363,21,0.23076923076923078
83,124,68,0.7472527472527473,20,0.21978021978021978
83,124,69,0.7582417582417582,19,0.2087912087912088
83,124,70,0.7692307692307693,18,0.1978021978021978
83,124,71,0.7802197802197802,17,0.18681318681318682
83,124,72,0.7912087912087912,16,0.17582417582417584
83,124,73,0.8021978021978022,15,0.16483516483516483
83,124,74,0.8131868131868132,15,0.16483516483516483
83,124,75,0.8241758241758241,14,0.15384615384615385
83,124,76,0.8351648351648352,13,0.14285714285714285
83,124,77,0.8461538461538461,12,0.13186813186813187
83,124,78,0.8571428571428571,12,0.13186813186813187
83,124,79,0.8681318681318682,11,0.12087912087912088
83,124,80,0.8791208791208791,10,0.10989010989010989
83,124,81,0.8901098901098901,9,0.0989010989010989
83,124,82,0.9010989010989011,8,0.08791208791208792
83,124,83,0.9120879120879121,7,0.07692307692307693
83,124,84,0.9230769230769231,6,0.06593406593406594
83,124,85,0.9340659340659341,5,0.054945054945054944
83,124,86,0.945054945054945,4,0.04395604395604396
83,124,87,0.9560439560439561,3,0.03296703296703297
83,124,88,0.967032967032967,2,0.02197802197802198
83,124,89,0.978021978021978,1,0.01098901098901099
83,124,90,0.989010989010989,1,0.01098901098901099
83,124,91,1.0,0,0.0
84,125,0,0.0,82,0.9010989010989011
84,125,1,0.01098901098901099,81,0.8901098901098901
84,125,2,0.02197802197802198,80,0.8791208791208791
84,125,3,0.03296703296703297,79,0.8681318681318682
84,125,4,0.04395604395604396,78,0.8571428571428571
84,125,5,0.054945054945054944,77,0.8461538461538461
84,125,6,0.06593406593406594,77,0.8461538461538461
84,125,7,0.07692307692307693,76,0.8351648351648352
84,125,8,0.08791208791208792,76,0.8351648351648352
84,125,9,0.0989010989010989,75,0.8241758241758241
84,125,10,0.10989010989010989,74,0.8131868131868132
84,125,11,0.12087912087912088,73,0.8021978021978022
84,125,12,0.13186813186813187,72,0.7912087912087912
84,125,13,0.14285714285714285,70,0.7692307692307693
84,125,14,0.15384615384615385,69,0.7582417582417582
84,125,15,0.16483516483516483,68,0.7472527472527473
84,125,16,0.17582417582417584,67,0.7362637362637363
84,125,17,0.18681318681318682,66,0.7252747252747253
84,125,18,0.1978021978021978,65,0.7142857142857143
84,125,19,0.2087912087912088,64,0.7032967032967034
84,125,20,0.21978021978021978,63,0.6923076923076923
84,125,21,0.23076923076923078,62,0.6813186813186813
84,125,22,0.24175824175824176,61,0.6703296703296703
84,125,23,0.25274725274725274,60,0.6593406593406593
84,125,24,0.26373626373626374,59,0.6483516483516484
84,125,25,0.27472527472527475,58,0.6373626373626373
84,125,26,0.2857142857142857,57,0.6263736263736264
84,125,27,0.2967032967032967,55,0.6043956043956044
84,125,28,0.3076923076923077,54,0.5934065934065934
84,125,29,0.31868131868131866,53,0.5824175824175825
84,125,30,0.32967032967032966,52,0.5714285714285714
84,125,31,0.34065934065934067,51,0.5604395604395604
84,125,32,0.3516483516483517,50,0.5494505494505495
84,125,33,0.3626373626373626,50,0.5494505494505495
84,125,34,0.37362637362637363,49,0.5384615384615384
84,125,35,0.38461538461538464,48,0.5274725274725275
84,125,36,0.3956043956043956,47,0.5164835164835165
84,125,37,0.4065934065934066,46,0.5054945054945055
84,125,38,0.4175824175824176,45,0.4945054945054945
84,125,39,0.42857142857142855,44,0.4835164835164835
84,125,40,0.43956043956043955,43,0.4725274725274725
84,125,41,0.45054945054945056,42,0.46153846153846156
84,125,42,0.46153846153846156,42,0.46153846153846156
84,125,43,0.4725274725274725,41,0.45054945054945056
84,125,44,0.4835164835164835,40,0.43956043956043955
84,125,45,0.4945054945054945,39,0.42857142857142855
84,125,46,0.5054945054945055,38,0.4175824175824176
84,125,47,0.5164835164835165,37,0.4065934065934066
84,125,48,0.5274725274725275,36,0.3956043956043956
84,125,49,0.5384615384615384,35,0.38461538461538464
84,125,50,0.5494505494505495,34,0.37362637362637363
84,125,51,0.5604395604395604,33,0.3626373626373626
84,125,52,0.5714285714285714,32,0.3516483516483517
84,125,53,0.5824175824175825,32,0.3516483516483517
84,125,54,0.5934065934065934,31,0.34065934065934067
84,125,55,0.6043956043956044,30,0.32967032967032966
84,125,56,0.6153846153846154,29,0.31868131868131866
84,125,57,0.6263736263736264,28,0.3076923076923077
84,125,58,0.6373626373626373,27,0.2967032967032967
84,125,59,0.6483516483516484,27,0.2967032967032967
84,125,60,0.6593406593406593,26,0.2857142857142857
84,125,61,0.6703296703296703,25,0.27472527472527475
84,125,62,0.6813186813186813,24,0.26373626373626374
84,125,63,0.6923076923076923,24,0.26373626373626374
84,125,64,0.7032967032967034,23,0.25274725274725274
84,125,65,0.7142857142857143,22,0.24175824175824176
84,125,66,0.7252747252747253,21,0.23076923076923078
84,125,67,0.7362637362637363,21,0.23076923076923078
84,125,68,0.7472527472527473,20,0.21978021978021978
84,125,69,0.7582417582417582,19,0.2087912087912088
84,125,70,0.7692307692307693,18,0.1978021978021978
84,125,71,0.7802197802197802,17,0.18681318681318682
84,125,72,0.7912087912087912,16,0.17582417582417584
84,125,73,0.8021978021978022,15,0.16483516483516483
84,125,74,0.8131868131868132,15,0.16483516483516483
84,125,75,0.8241758241758241,14,0.15384615384615385
84,125,76,0.8351648351648352,13,0.14285714285714285
84,125,77,0.8461538461538461,13,0.14285714285714285
84,125,78,0.8571428571428571,12,0.13186813186813187
84,125,79,0.8681318681318682,11,0.12087912087912088
84,125,80,0.8791208791208791,11,0.12087912087912088
84,125,81,0.8901098901098901,10,0.10989010989010989
84,125,82,0.9010989010989011,9,0.0989010989010989
84,125,83,0.9120879120879121,8,0.08791208791208792
84,125,84,0.9230769230769231,7,0.07692307692307693
84,125,85,0.9340659340659341,6,0.06593406593406594
84,125,86,0.945054945054945,5,0.054945054945054944
84,125,87,0.9560439560439561,4,0.04395604395604396
84,125,88,0.967032967032967,3,0.03296703296703297
84,125,89,0.978021978021978,2,0.02197802197802198
84,125,90,0.989010989010989,1,0.01098901098901099
84,125,91,1.0,0,0.0
85,126,0,0.0,82,0.9010989010989011
85,126,1,0.01098901098901099,82,0.9010989010989011
85,126,2,0.02197802197802198,81,0.8901098901098901
85,126,3,0.03296703296703297,80,0.8791208791208791
85,126,4,0.04395604395604396,79,0.8681318681318682
85,126,5,0.054945054945054944,78,0.8571428571428571
85,126,6,0.06593406593406594,77,0.8461538461538461
85,126,7,0.07692307692307693,76,0.8351648351648352
85,126,8,0.08791208791208792,75,0.8241758241758241
85,126,9,0.0989010989010989,74,0.8131868131868132
85,126,10,0.10989010989010989,73,0.8021978021978022
85,126,11,0.12087912087912088,72,0.7912087912087912
85,126,12,0.13186813186813187,71,0.7802197802197802
85,126,13,0.14285714285714285,70,0.7692307692307693
85,126,14,0.15384615384615385,69,0.7582417582417582
85,126,15,0.16483516483516483,68,0.7472527472527473
85,126,16,0.17582417582417584,68,0.7472527472527473
85,126,17,0.18681318681318682,67,0.7362637362637363
85,126,18,0.1978021978021978,66,0.7252747252747253
85,126,19,0.2087912087912088,65,0.7142857142857143
85,126,20,0.21978021978021978,64,0.7032967032967034
85,126,21,0.23076923076923078,63,0.6923076923076923
85,126,22,0.24175824175824176,62,0.6813186813186813
85,126,23,0.25274725274725274,62,0.6813186813186813
85,126,24,0.26373626373626374,61,0.6703296703296703
85,126,25,0.27472527472527475,60,0.6593406593406593
85,126,26,0.2857142857142857,59,0.6483516483516484
85,126,27,0.2967032967032967,58,0.6373626373626373
85,126,28,0.3076923076923077,57,0.6263736263736264
85,126,29,0.31868131868131866,56,0.6153846153846154
85,126,30,0.32967032967032966,55,0.6043956043956044
85,126,31,0.34065934065934067,54,0.5934065934065934
85,126,32,0.3516483516483517,53,0.5824175824175825
85,126,33,0.3626373626373626,52,0.5714285714285714
85,126,34,0.37362637362637363,51,0.5604395604395604
85,126,35,0.38461538461538464,49,0.5384615384615384
85,126,36,0.3956043956043956,48,0.5274725274725275
85,126,37,0.4065934065934066,47,0.5164835164835165
85,126,38,0.4175824175824176,46,0.5054945054945055
85,126,39,0.42857142857142855,45,0.4945054945054945
85,126,40,0.43956043956043955,44,0.4835164835164835
85,126,41,0.45054945054945056,44,0.4835164835164835
85,126,42,0.46153846153846156,43,0.4725274725274725
85,126,43,0.4725274725274725,42,0.46153846153846156
85,126,44,0.4835164835164835,41,0.45054945054945056
85,126,45,0.4945054945054945,40,0.43956043956043955
85,126,46,0.5054945054945055,39,0.42857142857142855
85,126,47,0.5164835164835165,38,0.4175824175824176
85,126,48,0.5274725274725275,37,0.4065934065934066
85,126,49,0.5384615384615384,36,0.3956043956043956
85,126,50,0.5494505494505495,36,0.3956043956043956
85,126,51,0.5604395604395604,36,0.3956043956043956
85,126,52,0.5714285714285714,36,0.3956043956043956
85,126,53,0.5824175824175825,35,0.38461538461538464
85,126,54,0.5934065934065934,34,0.37362637362637363
85,126,55,0.6043956043956044,33,0.3626373626373626
85,126,56,0.6153846153846154,32,0.3516483516483517
85,126,57,0.6263736263736264,31,0.34065934065934067
85,126,58,0.6373626373626373,30,0.32967032967032966
85,126,59,0.6483516483516484,29,0.31868131868131866
85,126,60,0.6593406593406593,28,0.3076923076923077
85,126,61,0.6703296703296703,27,0.2967032967032967
85,126,62,0.6813186813186813,26,0.2857142857142857
85,126,63,0.6923076923076923,25,0.27472527472527475
85,126,64,0.7032967032967034,24,0.26373626373626374
85,126,65,0.7142857142857143,23,0.25274725274725274
85,126,66,0.7252747252747253,22,0.24175824175824176
85,126,67,0.7362637362637363,21,0.23076923076923078
85,126,68,0.7472527472527473,21,0.23076923076923078
85,126,69,0.7582417582417582,19,0.2087912087912088
85,126,70,0.7692307692307693,18,0.1978021978021978
85,126,71,0.7802197802197802,18,0.1978021978021978
85,126,72,0.7912087912087912,17,0.18681318681318682
85,126,73,0.8021978021978022,16,0.17582417582417584
85,126,74,0.8131868131868132,15,0.16483516483516483
85,126,75,0.8241758241758241,15,0.16483516483516483
85,126,76,0.8351648351648352,14,0.15384615384615385
85,126,77,0.8461538461538461,13,0.14285714285714285
85,126,78,0.8571428571428571,11,0.12087912087912088
85,126,79,0.8681318681318682,10,0.10989010989010989
85,126,80,0.8791208791208791,10,0.10989010989010989
85,126,81,0.8901098901098901,9,0.0989010989010989
85,126,82,0.9010989010989011,8,0.08791208791208792
85,126,83,0.9120879120879121,7,0.07692307692307693
85,126,84,0.9230769230769231,6,0.06593406593406594
85,126,85,0.9340659340659341,5,0.054945054945054944
85,126,86,0.945054945054945,5,0.054945054945054944
85,126,87,0.9560439560439561,4,0.04395604395604396
85,126,88,0.967032967032967,3,0.03296703296703297
85,126,89,0.978021978021978,2,0.02197802197802198
85,126,90,0.989010989010989,1,0.01098901098901099
85,126,91,1.0,0,0.0
86,127,0,0.0,82,0.9010989010989011
86,127,1,0.01098901098901099,81,0.8901098901098901
86,127,2,0.02197802197802198,80,0.8791208791208791
86,127,3,0.03296703296703297,79,0.8681318681318682
86,127,4,0.04395604395604396,78,0.8571428571428571
86,127,5,0.054945054945054944,77,0.8461538461538461
86,127,6,0.06593406593406594,76,0.8351648351648352
86,127,7,0.07692307692307693,75,0.8241758241758241
86,127,8,0.08791208791208792,74,0.8131868131868132
86,127,9,0.0989010989010989,74,0.8131868131868132
86,127,10,0.10989010989010989,73,0.8021978021978022
86,127,11,0.12087912087912088,72,0.7912087912087912
86,127,12,0.13186813186813187,71,0.7802197802197802
86,127,13,0.14285714285714285,70,0.7692307692307693
86,127,14,0.15384615384615385,69,0.7582417582417582
86,127,15,0.16483516483516483,68,0.7472527472527473
86,127,16,0.17582417582417584,67,0.7362637362637363
86,127,17,0.18681318681318682,66,0.7252747252747253
86,127,18,0.1978021978021978,65,0.7142857142857143
86,127,19,0.2087912087912088,64,0.7032967032967034
86,127,20,0.21978021978021978,64,0.7032967032967034
86,127,21,0.23076923076923078,63,0.6923076923076923
86,127,22,0.24175824175824176,63,0.6923076923076923
86,127,23,0.25274725274725274,62,0.6813186813186813
86,127,24,0.26373626373626374,61,0.6703296703296703
86,127,25,0.27472527472527475,60,0.6593406593406593
86,127,26,0.2857142857142857,59,0.6483516483516484
86,127,27,0.2967032967032967,58,0.6373626373626373
86,127,28,0.3076923076923077,58,0.6373626373626373
86,127,29,0.31868131868131866,57,0.6263736263736264
86,127,30,0.32967032967032966,56,0.6153846153846154
86,127,31,0.34065934065934067,55,0.6043956043956044
86,127,32,0.3516483516483517,54,0.5934065934065934
86,127,33,0.3626373626373626,53,0.5824175824175825
86,127,34,0.37362637362637363,52,0.5714285714285714
86,127,35,0.38461538461538464,51,0.5604395604395604
86,127,36,0.3956043956043956,50,0.5494505494505495
86,127,37,0.4065934065934066,49,0.5384615384615384
86,127,38,0.4175824175824176,48,0.5274725274725275
86,127,39,0.42857142857142855,47,0.5164835164835165
86,127,40,0.43956043956043955,46,0.5054945054945055
86,127,41,0.45054945054945056,45,0.4945054945054945
86,127,42,0.46153846153846156,44,0.4835164835164835
86,127,43,0.4725274725274725,43,0.4725274725274725
86,127,44,0.4835164835164835,42,0.46153846153846156
86,127,45,0.4945054945054945,41,0.45054945054945056
86,127,46,0.5054945054945055,40,0.43956043956043955
86,127,47,0.5164835164835165,39,0.42857142857142855
86,127,48,0.5274725274725275,38,0.4175824175824176
86,127,49,0.5384615384615384,37,0.4065934065934066
86,127,50,0.5494505494505495,36,0.3956043956043956
86,127,51,0.5604395604395604,36,0.3956043956043956
86,127,52,0.5714285714285714,36,0.3956043956043956
86,127,53,0.5824175824175825,35,0.38461538461538464
86,127,54,0.5934065934065934,35,0.38461538461538464
86,127,55,0.6043956043956044,34,0.37362637362637363
86,127,56,0.6153846153846154,33,0.3626373626373626
86,127,57,0.6263736263736264,32,0.3516483516483517
86,127,58,0.6373626373626373,31,0.34065934065934067
86,127,59,0.6483516483516484,30,0.32967032967032966
86,127,60,0.6593406593406593,29,0.31868131868131866
86,127,61,0.6703296703296703,28,0.3076923076923077
86,127,62,0.6813186813186813,27,0.2967032967032967
86,127,63,0.6923076923076923,26,0.2857142857142857
86,127,64,0.7032967032967034,25,0.27472527472527475
86,127,65,0.7142857142857143,24,0.26373626373626374
86,127,66,0.7252747252747253,23,0.25274725274725274
86,127,67,0.7362637362637363,22,0.24175824175824176
86,127,68,0.7472527472527473,21,0.23076923076923078
86,127,69,0.7582417582417582,21,0.23076923076923078
86,127,70,0.7692307692307693,20,0.21978021978021978
86,127,71,0.7802197802197802,19,0.2087912087912088
86,127,72,0.7912087912087912,18,0.1978021978021978
86,127,73,0.8021978021978022,17,0.18681318681318682
86,127,74,0.8131868131868132,16,0.17582417582417584
86,127,75,0.8241758241758241,15,0.16483516483516483
86,127,76,0.8351648351648352,14,0.15384615384615385
86,127,77,0.8461538461538461,13,0.14285714285714285
86,127,78,0.8571428571428571,12,0.13186813186813187
86,127,79,0.8681318681318682,11,0.12087912087912088
86,127,80,0.8791208791208791,10,0.10989010989010989
86,127,81,0.8901098901098901,9,0.0989010989010989
86,127,82,0.9010989010989011,8,0.08791208791208792
86,127,83,0.9120879120879121,7,0.07692307692307693
86,127,84,0.9230769230769231,6,0.06593406593406594
86,127,85,0.9340659340659341,5,0.054945054945054944
86,127,86,0.945054945054945,5,0.054945054945054944
86,127,87,0.9560439560439561,4,0.04395604395604396
86,127,88,0.967032967032967,3,0.03296703296703297
86,127,89,0.978021978021978,2,0.02197802197802198
86,127,90,0.989010989010989,1,0.01098901098901099
86,127,91,1.0,0,0.0
87,128,0,0.0,82,0.9010989010989011
87,128,1,0.01098901098901099,81,0.8901098901098901
87,128,2,0.02197802197802198,80,0.8791208791208791
87,128,3,0.03296703296703297,79,0.8681318681318682
87,128,4,0.04395604395604396,78,0.8571428571428571
87,128,5,0.054945054945054944,77,0.8461538461538461
87,128,6,0.06593406593406594,76,0.8351648351648352
87,128,7,0.07692307692307693,75,0.8241758241758241
87,128,8,0.08791208791208792,74,0.8131868131868132
87,128,9,0.0989010989010989,74,0.8131868131868132
87,128,10,0.10989010989010989,73,0.8021978021978022
87,128,11,0.12087912087912088,72,0.7912087912087912
87,128,12,0.13186813186813187,71,0.7802197802197802
87,128,13,0.14285714285714285,70,0.7692307692307693
87,128,14,0.15384615384615385,69,0.7582417582417582
87,128,15,0.16483516483516483,68,0.7472527472527473
87,128,16,0.17582417582417584,67,0.7362637362637363
87,128,17,0.18681318681318682,66,0.7252747252747253
87,128,18,0.1978021978021978,65,0.7142857142857143
87,128,19,0.2087912087912088,65,0.7142857142857143
87,128,20,0.21978021978021978,64,0.7032967032967034
87,128,21,0.23076923076923078,64,0.7032967032967034
87,128,22,0.24175824175824176,63,0.6923076923076923
87,128,23,0.25274725274725274,62,0.6813186813186813
87,128,24,0.26373626373626374,61,0.6703296703296703
87,128,25,0.27472527472527475,60,0.6593406593406593
87,128,26,0.2857142857142857,59,0.6483516483516484
87,128,27,0.2967032967032967,58,0.6373626373626373
87,128,28,0.3076923076923077,57,0.6263736263736264
87,128,29,0.31868131868131866,56,0.6153846153846154
87,128,30,0.32967032967032966,55,0.6043956043956044
87,128,31,0.34065934065934067,54,0.5934065934065934
87,128,32,0.3516483516483517,53,0.5824175824175825
87,128,33,0.3626373626373626,52,0.5714285714285714
87,128,34,0.37362637362637363,51,0.5604395604395604
87,128,35,0.38461538461538464,50,0.5494505494505495
87,128,36,0.3956043956043956,49,0.5384615384615384
87,128,37,0.4065934065934066,48,0.5274725274725275
87,128,38,0.4175824175824176,47,0.5164835164835165
87,128,39,0.42857142857142855,46,0.5054945054945055
87,128,40,0.43956043956043955,45,0.4945054945054945
87,128,41,0.45054945054945056,45,0.4945054945054945
87,128,42,0.46153846153846156,44,0.4835164835164835
87,128,43,0.4725274725274725,43,0.4725274725274725
87,128,44,0.4835164835164835,42,0.46153846153846156
87,128,45,0.4945054945054945,41,0.45054945054945056
87,128,46,0.5054945054945055,40,0.43956043956043955
87,128,47,0.5164835164835165,39,0.42857142857142855
87,128,48,0.5274725274725275,38,0.4175824175824176
87,128,49,0.5384615384615384,37,0.4065934065934066
87,128,50,0.5494505494505495,36,0.3956043956043956
87,128,51,0.5604395604395604,35,0.38461538461538464
87,128,52,0.5714285714285714,35,0.38461538461538464
87,128,53,0.5824175824175825,34,0.37362637362637363
87,128,54,0.5934065934065934,33,0.3626373626373626
87,128,55,0.6043956043956044,32,0.3516483516483517
87,128,56,0.6153846153846154,31,0.34065934065934067
87,128,57,0.6263736263736264,30,0.32967032967032966
87,128,58,0.6373626373626373,29,0.31868131868131866
87,128,59,0.6483516483516484,28,0.3076923076923077
87,128,60,0.6593406593406593,27,0.2967032967032967
87,128,61,0.6703296703296703,26,0.2857142857142857
87,128,62,0.6813186813186813,25,0.27472527472527475
87,128,63,0.6923076923076923,24,0.26373626373626374
87,128,64,0.7032967032967034,23,0.25274725274725274
87,128,65,0.7142857142857143,22,0.24175824175824176
87,128,66,0.7252747252747253,21,0.23076923076923078
87,128,67,0.7362637362637363,20,0.21978021978021978
87,128,68,0.7472527472527473,20,0.21978021978021978
87,128,69,0.7582417582417582,19,0.2087912087912088
87,128,70,0.7692307692307693,18,0.1978021978021978
87,128,71,0.7802197802197802,17,0.18681318681318682
87,128,72,0.7912087912087912,16,0.17582417582417584
87,128,73,0.8021978021978022,15,0.16483516483516483
87,128,74,0.8131868131868132,14,0.15384615384615385
87,128,75,0.8241758241758241,13,0.14285714285714285
87,128,76,0.8351648351648352,12,0.13186813186813187
87,128,77,0.8461538461538461,10,0.10989010989010989
87,128,78,0.8571428571428571,10,0.10989010989010989
87,128,79,0.8681318681318682,9,0.0989010989010989
87,128,80,0.8791208791208791,8,0.08791208791208792
87,128,81,0.8901098901098901,7,0.07692307692307693
87,128,82,0.9010989010989011,6,0.06593406593406594
87,128,83,0.9120879120879121,4,0.04395604395604396
87,128,84,0.9230769230769231,3,0.03296703296703297
87,128,85,0.9340659340659341,3,0.03296703296703297
87,128,86,0.945054945054945,3,0.03296703296703297
87,128,87,0.9560439560439561,2,0.02197802197802198
87,128,88,0.967032967032967,2,0.02197802197802198
87,128,89,0.978021978021978,1,0.01098901098901099
87,128,90,0.989010989010989,1,0.01098901098901099
87,128,91,1.0,0,0.0
88,129,0,0.0,82,0.9010989010989011
88,129,1,0.01098901098901099,81,0.8901098901098901
88,129,2,0.02197802197802198,80,0.8791208791208791
88,129,3,0.03296703296703297,79,0.8681318681318682
88,129,4,0.04395604395604396,78,0.8571428571428571
88,129,5,0.054945054945054944,77,0.8461538461538461
88,129,6,0.06593406593406594,76,0.8351648351648352
88,129,7,0.07692307692307693,75,0.8241758241758241
88,129,8,0.08791208791208792,74,0.8131868131868132
88,129,9,0.0989010989010989,73,0.8021978021978022
88,129,10,0.10989010989010989,72,0.7912087912087912
88,129,11,0.12087912087912088,70,0.7692307692307693
88,129,12,0.13186813186813187,69,0.7582417582417582
88,129,13,0.14285714285714285,68,0.7472527472527473
88,129,14,0.15384615384615385,67,0.7362637362637363
88,129,15,0.16483516483516483,66,0.7252747252747253
88,129,16,0.17582417582417584,65,0.7142857142857143
88,129,17,0.18681318681318682,64,0.7032967032967034
88,129,18,0.1978021978021978,63,0.6923076923076923
88,129,19,0.2087912087912088,63,0.6923076923076923
88,129,20,0.21978021978021978,62,0.6813186813186813
88,129,21,0.23076923076923078,61,0.6703296703296703
88,129,22,0.24175824175824176,60,0.6593406593406593
88,129,23,0.25274725274725274,59,0.6483516483516484
88,129,24,0.26373626373626374,58,0.6373626373626373
88,129,25,0.27472527472527475,57,0.6263736263736264
88,129,26,0.2857142857142857,56,0.6153846153846154
88,129,27,0.2967032967032967,55,0.6043956043956044
88,129,28,0.3076923076923077,55,0.6043956043956044
88,129,29,0.31868131868131866,54,0.5934065934065934
88,129,30,0.32967032967032966,53,0.5824175824175825
88,129,31,0.34065934065934067,52,0.5714285714285714
88,129,32,0.3516483516483517,51,0.5604395604395604
88,129,33,0.3626373626373626,50,0.5494505494505495
88,129,34,0.37362637362637363,49,0.5384615384615384
88,129,35,0.38461538461538464,48,0.5274725274725275
88,129,36,0.3956043956043956,47,0.5164835164835165
88,129,37,0.4065934065934066,46,0.5054945054945055
88,129,38,0.4175824175824176,45,0.4945054945054945
88,129,39,0.42857142857142855,44,0.4835164835164835
88,129,40,0.43956043956043955,44,0.4835164835164835
88,129,41,0.45054945054945056,43,0.4725274725274725
88,129,42,0.46153846153846156,42,0.46153846153846156
88,129,43,0.4725274725274725,42,0.46153846153846156
88,129,44,0.4835164835164835,42,0.46153846153846156
88,129,45,0.4945054945054945,41,0.45054945054945056
88,129,46,0.5054945054945055,40,0.43956043956043955
88,129,47,0.5164835164835165,39,0.42857142857142855
88,129,48,0.5274725274725275,38,0.4175824175824176
88,129,49,0.5384615384615384,37,0.4065934065934066
88,129,50,0.5494505494505495,37,0.4065934065934066
88,129,51,0.5604395604395604,36,0.3956043956043956
88,129,52,0.5714285714285714,35,0.38461538461538464
88,129,53,0.5824175824175825,34,0.37362637362637363
88,129,54,0.5934065934065934,33,0.3626373626373626
88,129,55,0.6043956043956044,32,0.3516483516483517
88,129,56,0.6153846153846154,31,0.34065934065934067
88,129,57,0.6263736263736264,30,0.32967032967032966
88,129,58,0.6373626373626373,29,0.31868131868131866
88,129,59,0.6483516483516484,28,0.3076923076923077
88,129,60,0.6593406593406593,27,0.2967032967032967
88,129,61,0.6703296703296703,26,0.2857142857142857
88,129,62,0.6813186813186813,25,0.27472527472527475
88,129,63,0.6923076923076923,24,0.26373626373626374
88,129,64,0.7032967032967034,23,0.25274725274725274
88,129,65,0.7142857142857143,23,0.25274725274725274
88,129,66,0.7252747252747253,22,0.24175824175824176
88,129,67,0.7362637362637363,21,0.23076923076923078
88,129,68,0.7472527472527473,20,0.21978021978021978
88,129,69,0.7582417582417582,19,0.2087912087912088
88,129,70,0.7692307692307693,18,0.1978021978021978
88,129,71,0.7802197802197802,17,0.18681318681318682
88,129,72,0.7912087912087912,16,0.17582417582417584
88,129,73,0.8021978021978022,15,0.16483516483516483
88,129,74,0.8131868131868132,14,0.15384615384615385
88,129,75,0.8241758241758241,13,0.14285714285714285
88,129,76,0.8351648351648352,12,0.13186813186813187
88,129,77,0.8461538461538461,11,0.12087912087912088
88,129,78,0.8571428571428571,10,0.10989010989010989
88,129,79,0.8681318681318682,9,0.0989010989010989
88,129,80,0.8791208791208791,8,0.08791208791208792
88,129,81,0.8901098901098901,8,0.08791208791208792
88,129,82,0.9010989010989011,8,0.08791208791208792
88,129,83,0.9120879120879121,7,0.07692307692307693
88,129,84,0.9230769230769231,6,0.06593406593406594
88,129,85,0.9340659340659341,5,0.054945054945054944
88,129,86,0.945054945054945,4,0.04395604395604396
88,129,87,0.9560439560439561,3,0.03296703296703297
88,129,88,0.967032967032967,2,0.02197802197802198
88,129,89,0.978021978021978,1,0.01098901098901099
88,129,90,0.989010989010989,1,0.01098901098901099
88,129,91,1.0,0,0.0
89,130,0,0.0,82,0.9010989010989011
89,130,1,0.01098901098901099,81,0.8901098901098901
89,130,2,0.02197802197802198,80,0.8791208791208791
89,130,3,0.03296703296703297,79,0.8681318681318682
89,130,4,0.04395604395604396,78,0.8571428571428571
89,130,5,0.054945054945054944,77,0.8461538461538461
89,130,6,0.06593406593406594,77,0.8461538461538461
89,130,7,0.07692307692307693,76,0.8351648351648352
89,130,8,0.08791208791208792,76,0.8351648351648352
89,130,9,0.0989010989010989,75,0.8241758241758241
89,130,10,0.10989010989010989,74,0.8131868131868132
89,130,11,0.12087912087912088,73,0.8021978021978022
89,130,12,0.13186813186813187,72,0.7912087912087912
89,130,13,0.14285714285714285,71,0.7802197802197802
89,130,14,0.15384615384615385,70,0.7692307692307693
89,130,15,0.16483516483516483,69,0.7582417582417582
89,130,16,0.17582417582417584,68,0.7472527472527473
89,130,17,0.18681318681318682,67,0.7362637362637363
89,130,18,0.1978021978021978,66,0.7252747252747253
89,130,19,0.2087912087912088,65,0.7142857142857143
89,130,20,0.21978021978021978,64,0.7032967032967034
89,130,21,0.23076923076923078,63,0.6923076923076923
89,130,22,0.24175824175824176,62,0.6813186813186813
89,130,23,0.25274725274725274,61,0.6703296703296703
89,130,24,0.26373626373626374,61,0.6703296703296703
89,130,25,0.27472527472527475,60,0.6593406593406593
89,130,26,0.2857142857142857,59,0.6483516483516484
89,130,27,0.2967032967032967,58,0.6373626373626373
89,130,28,0.3076923076923077,57,0.6263736263736264
89,130,29,0.31868131868131866,56,0.6153846153846154
89,130,30,0.32967032967032966,55,0.6043956043956044
89,130,31,0.34065934065934067,54,0.5934065934065934
89,130,32,0.3516483516483517,53,0.5824175824175825
89,130,33,0.3626373626373626,52,0.5714285714285714
89,130,34,0.37362637362637363,51,0.5604395604395604
89,130,35,0.38461538461538464,50,0.5494505494505495
89,130,36,0.3956043956043956,49,0.5384615384615384
89,130,37,0.4065934065934066,48,0.5274725274725275
89,130,38,0.4175824175824176,47,0.5164835164835165
89,130,39,0.42857142857142855,46,0.5054945054945055
89,130,40,0.43956043956043955,45,0.4945054945054945
89,130,41,0.45054945054945056,44,0.4835164835164835
89,130,42,0.46153846153846156,44,0.4835164835164835
89,130,43,0.4725274725274725,43,0.4725274725274725
89,130,44,0.4835164835164835,42,0.46153846153846156
89,130,45,0.4945054945054945,41,0.45054945054945056
89,130,46,0.5054945054945055,40,0.43956043956043955
89,130,47,0.5164835164835165,39,0.42857142857142855
89,130,48,0.5274725274725275,38,0.4175824175824176
89,130,49,0.5384615384615384,37,0.4065934065934066
89,130,50,0.5494505494505495,37,0.4065934065934066
89,130,51,0.5604395604395604,36,0.3956043956043956
89,130,52,0.5714285714285714,36,0.3956043956043956
89,130,53,0.5824175824175825,35,0.38461538461538464
89,130,54,0.5934065934065934,34,0.37362637362637363
89,130,55,0.6043956043956044,33,0.3626373626373626
89,130,56,0.6153846153846154,32,0.3516483516483517
89,130,57,0.6263736263736264,31,0.34065934065934067
89,130,58,0.6373626373626373,30,0.32967032967032966
89,130,59,0.6483516483516484,29,0.31868131868131866
89,130,60,0.6593406593406593,28,0.3076923076923077
89,130,61,0.6703296703296703,27,0.2967032967032967
89,130,62,0.6813186813186813,26,0.2857142857142857
89,130,63,0.6923076923076923,25,0.27472527472527475
89,130,64,0.7032967032967034,24,0.26373626373626374
89,130,65,0.7142857142857143,23,0.25274725274725274
89,130,66,0.7252747252747253,22,0.24175824175824176
89,130,67,0.7362637362637363,22,0.24175824175824176
89,130,68,0.7472527472527473,21,0.23076923076923078
89,130,69,0.7582417582417582,20,0.21978021978021978
89,130,70,0.7692307692307693,19,0.2087912087912088
89,130,71,0.7802197802197802,18,0.1978021978021978
89,130,72,0.7912087912087912,17,0.18681318681318682
89,130,73,0.8021978021978022,17,0.18681318681318682
89,130,74,0.8131868131868132,16,0.17582417582417584
89,130,75,0.8241758241758241,14,0.15384615384615385
89,130,76,0.8351648351648352,13,0.14285714285714285
89,130,77,0.8461538461538461,12,0.13186813186813187
89,130,78,0.8571428571428571,11,0.12087912087912088
89,130,79,0.8681318681318682,10,0.10989010989010989
89,130,80,0.8791208791208791,9,0.0989010989010989
89,130,81,0.8901098901098901,8,0.08791208791208792
89,130,82,0.9010989010989011,8,0.08791208791208792
89,130,83,0.9120879120879121,7,0.07692307692307693
89,130,84,0.9230769230769231,6,0.06593406593406594
89,130,85,0.9340659340659341,5,0.054945054945054944
89,130,86,0.945054945054945,4,0.04395604395604396
89,130,87,0.9560439560439561,4,0.04395604395604396
89,130,88,0.967032967032967,3,0.03296703296703297
89,130,89,0.978021978021978,2,0.02197802197802198
89,130,90,0.989010989010989,1,0.01098901098901099
89,130,91,1.0,0,0.0
90,131,0,0.0,82,0.9010989010989011
90,131,1,0.01098901098901099,81,0.8901098901098901
90,131,2,0.02197802197802198,81,0.8901098901098901
90,131,3,0.03296703296703297,80,0.8791208791208791
90,131,4,0.04395604395604396,79,0.8681318681318682
90,131,5,0.054945054945054944,78,0.8571428571428571
90,131,6,0.06593406593406594,77,0.8461538461538461
90,131,7,0.07692307692307693,76,0.8351648351648352
90,131,8,0.08791208791208792,75,0.8241758241758241
90,131,9,0.0989010989010989,74,0.8131868131868132
90,131,10,0.10989010989010989,74,0.8131868131868132
90,131,11,0.12087912087912088,73,0.8021978021978022
90,131,12,0.13186813186813187,72,0.7912087912087912
90,131,13,0.14285714285714285,71,0.7802197802197802
90,131,14,0.15384615384615385,70,0.7692307692307693
90,131,15,0.16483516483516483,69,0.7582417582417582
90,131,16,0.17582417582417584,68,0.7472527472527473
90,131,17,0.18681318681318682,67,0.7362637362637363
90,131,18,0.1978021978021978,66,0.7252747252747253
90,131,19,0.2087912087912088,65,0.7142857142857143
90,131,20,0.21978021978021978,64,0.7032967032967034
90,131,21,0.23076923076923078,63,0.6923076923076923
90,131,22,0.24175824175824176,61,0.6703296703296703
90,131,23,0.25274725274725274,61,0.6703296703296703
90,131,24,0.26373626373626374,61,0.6703296703296703
90,131,25,0.27472527472527475,60,0.6593406593406593
90,131,26,0.2857142857142857,59,0.6483516483516484
90,131,27,0.2967032967032967,58,0.6373626373626373
90,131,28,0.3076923076923077,57,0.6263736263736264
90,131,29,0.31868131868131866,56,0.6153846153846154
90,131,30,0.32967032967032966,55,0.6043956043956044
90,131,31,0.34065934065934067,54,0.5934065934065934
90,131,32,0.3516483516483517,53,0.5824175824175825
90,131,33,0.3626373626373626,52,0.5714285714285714
90,131,34,0.37362637362637363,51,0.5604395604395604
90,131,35,0.38461538461538464,51,0.5604395604395604
90,131,36,0.3956043956043956,50,0.5494505494505495
90,131,37,0.4065934065934066,49,0.5384615384615384
90,131,38,0.4175824175824176,48,0.5274725274725275
90,131,39,0.42857142857142855,47,0.5164835164835165
90,131,40,0.43956043956043955,47,0.5164835164835165
90,131,41,0.45054945054945056,46,0.5054945054945055
90,131,42,0.46153846153846156,45,0.4945054945054945
90,131,43,0.4725274725274725,44,0.4835164835164835
90,131,44,0.4835164835164835,43,0.4725274725274725
90,131,45,0.4945054945054945,42,0.46153846153846156
90,131,46,0.5054945054945055,41,0.45054945054945056
90,131,47,0.5164835164835165,40,0.43956043956043955
90,131,48,0.5274725274725275,39,0.42857142857142855
90,131,49,0.5384615384615384,38,0.4175824175824176
90,131,50,0.5494505494505495,37,0.4065934065934066
90,131,51,0.5604395604395604,36,0.3956043956043956
90,131,52,0.5714285714285714,35,0.38461538461538464
90,131,53,0.5824175824175825,34,0.37362637362637363
90,131,54,0.5934065934065934,33,0.3626373626373626
90,131,55,0.6043956043956044,32,0.3516483516483517
90,131,56,0.6153846153846154,31,0.34065934065934067
90,131,57,0.6263736263736264,30,0.32967032967032966
90,131,58,0.6373626373626373,29,0.31868131868131866
90,131,59,0.6483516483516484,28,0.3076923076923077
90,131,60,0.6593406593406593,27,0.2967032967032967
90,131,61,0.6703296703296703,26,0.2857142857142857
90,131,62,0.6813186813186813,25,0.27472527472527475
90,131,63,0.6923076923076923,23,0.25274725274725274
90,131,64,0.7032967032967034,22,0.24175824175824176
90,131,65,0.7142857142857143,22,0.24175824175824176
90,131,66,0.7252747252747253,21,0.23076923076923078
90,131,67,0.7362637362637363,20,0.21978021978021978
90,131,68,0.7472527472527473,19,0.2087912087912088
90,131,69,0.7582417582417582,18,0.1978021978021978
90,131,70,0.7692307692307693,17,0.18681318681318682
90,131,71,0.7802197802197802,16,0.17582417582417584
90,131,72,0.7912087912087912,15,0.16483516483516483
90,131,73,0.8021978021978022,14,0.15384615384615385
90,131,74,0.8131868131868132,13,0.14285714285714285
90,131,75,0.8241758241758241,12,0.13186813186813187
90,131,76,0.8351648351648352,11,0.12087912087912088
90,131,77,0.8461538461538461,11,0.12087912087912088
90,131,78,0.8571428571428571,10,0.10989010989010989
90,131,79,0.8681318681318682,10,0.10989010989010989
90,131,80,0.8791208791208791,9,0.0989010989010989
90,131,81,0.8901098901098901,8,0.08791208791208792
90,131,82,0.9010989010989011,7,0.07692307692307693
90,131,83,0.9120879120879121,6,0.06593406593406594
90,131,84,0.9230769230769231,5,0.054945054945054944
90,131,85,0.9340659340659341,5,0.054945054945054944
90,131,86,0.945054945054945,4,0.04395604395604396
90,131,87,0.9560439560439561,4,0.04395604395604396
90,131,88,0.967032967032967,2,0.02197802197802198
90,131,89,0.978021978021978,1,0.01098901098901099
90,131,90,0.989010989010989,1,0.01098901098901099
90,131,91,1.0,0,0.0
91,132,0,0.0,82,0.9010989010989011
91,132,1,0.01098901098901099,81,0.8901098901098901
91,132,2,0.02197802197802198,80,0.8791208791208791
91,132,3,0.03296703296703297,79,0.8681318681318682
91,132,4,0.04395604395604396,79,0.8681318681318682
91,132,5,0.054945054945054944,78,0.8571428571428571
91,132,6,0.06593406593406594,76,0.8351648351648352
91,132,7,0.07692307692307693,75,0.8241758241758241
91,132,8,0.08791208791208792,74,0.8131868131868132
91,132,9,0.0989010989010989,73,0.8021978021978022
91,132,10,0.10989010989010989,72,0.7912087912087912
91,132,11,0.12087912087912088,71,0.7802197802197802
91,132,12,0.13186813186813187,70,0.7692307692307693
91,132,13,0.14285714285714285,69,0.7582417582417582
91,132,14,0.15384615384615385,68,0.7472527472527473
91,132,15,0.16483516483516483,67,0.7362637362637363
91,132,16,0.17582417582417584,67,0.7362637362637363
91,132,17,0.18681318681318682,66,0.7252747252747253
91,132,18,0.1978021978021978,65,0.7142857142857143
91,132,19,0.2087912087912088,64,0.7032967032967034
91,132,20,0.21978021978021978,63,0.6923076923076923
91,132,21,0.23076923076923078,63,0.6923076923076923
91,132,22,0.24175824175824176,62,0.6813186813186813
91,132,23,0.25274725274725274,61,0.6703296703296703
91,132,24,0.26373626373626374,60,0.6593406593406593
91,132,25,0.27472527472527475,59,0.6483516483516484
91,132,26,0.2857142857142857,58,0.6373626373626373
91,132,27,0.2967032967032967,58,0.6373626373626373
91,132,28,0.3076923076923077,58,0.6373626373626373
91,132,29,0.31868131868131866,57,0.6263736263736264
91,132,30,0.32967032967032966,56,0.6153846153846154
91,132,31,0.34065934065934067,56,0.6153846153846154
91,132,32,0.3516483516483517,55,0.6043956043956044
91,132,33,0.3626373626373626,54,0.5934065934065934
91,132,34,0.37362637362637363,54,0.5934065934065934
91,132,35,0.38461538461538464,53,0.5824175824175825
91,132,36,0.3956043956043956,52,0.5714285714285714
91,132,37,0.4065934065934066,51,0.5604395604395604
91,132,38,0.4175824175824176,50,0.5494505494505495
91,132,39,0.42857142857142855,49,0.5384615384615384
91,132,40,0.43956043956043955,48,0.5274725274725275
91,132,41,0.45054945054945056,47,0.5164835164835165
91,132,42,0.46153846153846156,46,0.5054945054945055
91,132,43,0.4725274725274725,45,0.4945054945054945
91,132,44,0.4835164835164835,44,0.4835164835164835
91,132,45,0.4945054945054945,43,0.4725274725274725
91,132,46,0.5054945054945055,42,0.46153846153846156
91,132,47,0.5164835164835165,41,0.45054945054945056
91,132,48,0.5274725274725275,40,0.43956043956043955
91,132,49,0.5384615384615384,39,0.42857142857142855
91,132,50,0.5494505494505495,38,0.4175824175824176
91,132,51,0.5604395604395604,37,0.4065934065934066
91,132,52,0.5714285714285714,36,0.3956043956043956
91,132,53,0.5824175824175825,35,0.38461538461538464
91,132,54,0.5934065934065934,34,0.37362637362637363
91,132,55,0.6043956043956044,33,0.3626373626373626
91,132,56,0.6153846153846154,32,0.3516483516483517
91,132,57,0.6263736263736264,31,0.34065934065934067
91,132,58,0.6373626373626373,30,0.32967032967032966
91,132,59,0.6483516483516484,29,0.31868131868131866
91,132,60,0.6593406593406593,28,0.3076923076923077
91,132,61,0.6703296703296703,27,0.2967032967032967
91,132,62,0.6813186813186813,25,0.27472527472527475
91,132,63,0.6923076923076923,25,0.27472527472527475
91,132,64,0.7032967032967034,25,0.27472527472527475
91,132,65,0.7142857142857143,24,0.26373626373626374
91,132,66,0.7252747252747253,23,0.25274725274725274
91,132,67,0.7362637362637363,22,0.24175824175824176
91,132,68,0.7472527472527473,21,0.23076923076923078
91,132,69,0.7582417582417582,20,0.21978021978021978
91,132,70,0.7692307692307693,19,0.2087912087912088
91,132,71,0.7802197802197802,18,0.1978021978021978
91,132,72,0.7912087912087912,17,0.18681318681318682
91,132,73,0.8021978021978022,16,0.17582417582417584
91,132,74,0.8131868131868132,15,0.16483516483516483
91,132,75,0.8241758241758241,14,0.15384615384615385
91,132,76,0.8351648351648352,13,0.14285714285714285
91,132,77,0.8461538461538461,12,0.13186813186813187
91,132,78,0.8571428571428571,11,0.12087912087912088
91,132,79,0.8681318681318682,10,0.10989010989010989
91,132,80,0.8791208791208791,8,0.08791208791208792
91,132,81,0.8901098901098901,8,0.08791208791208792
91,132,82,0.9010989010989011,7,0.07692307692307693
91,132,83,0.9120879120879121,6,0.06593406593406594
91,132,84,0.9230769230769231,5,0.054945054945054944
91,132,85,0.9340659340659341,5,0.054945054945054944
91,132,86,0.945054945054945,4,0.04395604395604396
91,132,87,0.9560439560439561,3,0.03296703296703297
91,132,88,0.967032967032967,2,0.02197802197802198
91,132,89,0.978021978021978,1,0.01098901098901099
91,132,90,0.989010989010989,1,0.01098901098901099
91,132,91,1.0,0,0.0
92,133,0,0.0,82,0.9010989010989011
92,133,1,0.01098901098901099,81,0.8901098901098901
92,133,2,0.02197802197802198,80,0.8791208791208791
92,133,3,0.03296703296703297,79,0.8681318681318682
92,133,4,0.04395604395604396,78,0.8571428571428571
92,133,5,0.054945054945054944,77,0.8461538461538461
92,133,6,0.06593406593406594,76,0.8351648351648352
92,133,7,0.07692307692307693,75,0.8241758241758241
92,133,8,0.08791208791208792,74,0.8131868131868132
92,133,9,0.0989010989010989,73,0.8021978021978022
92,133,10,0.10989010989010989,72,0.7912087912087912
92,133,11,0.12087912087912088,71,0.7802197802197802
92,133,12,0.13186813186813187,69,0.7582417582417582
92,133,13,0.14285714285714285,69,0.7582417582417582
92,133,14,0.15384615384615385,68,0.7472527472527473
92,133,15,0.16483516483516483,67,0.7362637362637363
92,133,16,0.17582417582417584,66,0.7252747252747253
92,133,17,0.18681318681318682,65,0.7142857142857143
92,133,18,0.1978021978021978,64,0.7032967032967034
92,133,19,0.2087912087912088,63,0.6923076923076923
92,133,20,0.21978021978021978,62,0.6813186813186813
92,133,21,0.23076923076923078,61,0.6703296703296703
92,133,22,0.24175824175824176,60,0.6593406593406593
92,133,23,0.25274725274725274,59,0.6483516483516484
92,133,24,0.26373626373626374,58,0.6373626373626373
92,133,25,0.27472527472527475,57,0.6263736263736264
92,133,26,0.2857142857142857,56,0.6153846153846154
92,133,27,0.2967032967032967,55,0.6043956043956044
92,133,28,0.3076923076923077,54,0.5934065934065934
92,133,29,0.31868131868131866,53,0.5824175824175825
92,133,30,0.32967032967032966,52,0.5714285714285714
92,133,31,0.34065934065934067,51,0.5604395604395604
92,133,32,0.3516483516483517,50,0.5494505494505495
92,133,33,0.3626373626373626,49,0.5384615384615384
92,133,34,0.37362637362637363,48,0.5274725274725275
92,133,35,0.38461538461538464,47,0.5164835164835165
92,133,36,0.3956043956043956,47,0.5164835164835165
92,133,37,0.4065934065934066,47,0.5164835164835165
92,133,38,0.4175824175824176,46,0.5054945054945055
92,133,39,0.42857142857142855,45,0.4945054945054945
92,133,40,0.43956043956043955,45,0.4945054945054945
92,133,41,0.45054945054945056,44,0.4835164835164835
92,133,42,0.46153846153846156,43,0.4725274725274725
92,133,43,0.4725274725274725,42,0.46153846153846156
92,133,44,0.4835164835164835,41,0.45054945054945056
92,133,45,0.4945054945054945,40,0.43956043956043955
92,133,46,0.5054945054945055,39,0.42857142857142855
92,133,47,0.5164835164835165,39,0.42857142857142855
92,133,48,0.5274725274725275,38,0.4175824175824176
92,133,49,0.5384615384615384,37,0.4065934065934066
92,133,50,0.5494505494505495,36,0.3956043956043956
92,133,51,0.5604395604395604,35,0.38461538461538464
92,133,52,0.5714285714285714,34,0.37362637362637363
92,133,53,0.5824175824175825,33,0.3626373626373626
92,133,54,0.5934065934065934,32,0.3516483516483517
92,133,55,0.6043956043956044,30,0.32967032967032966
92,133,56,0.6153846153846154,30,0.32967032967032966
92,133,57,0.6263736263736264,29,0.31868131868131866
92,133,58,0.6373626373626373,28,0.3076923076923077
92,133,59,0.6483516483516484,28,0.3076923076923077
92,133,60,0.6593406593406593,27,0.2967032967032967
92,133,61,0.6703296703296703,26,0.2857142857142857
92,133,62,0.6813186813186813,25,0.27472527472527475
92,133,63,0.6923076923076923,24,0.26373626373626374
92,133,64,0.7032967032967034,23,0.25274725274725274
92,133,65,0.7142857142857143,22,0.24175824175824176
92,133,66,0.7252747252747253,21,0.23076923076923078
92,133,67,0.7362637362637363,20,0.21978021978021978
92,133,68,0.7472527472527473,19,0.2087912087912088
92,133,69,0.7582417582417582,18,0.1978021978021978
92,133,70,0.7692307692307693,17,0.18681318681318682
92,133,71,0.7802197802197802,16,0.17582417582417584
92,133,72,0.7912087912087912,15,0.16483516483516483
92,133,73,0.8021978021978022,13,0.14285714285714285
92,133,74,0.8131868131868132,12,0.13186813186813187
92,133,75,0.8241758241758241,11,0.12087912087912088
92,133,76,0.8351648351648352,10,0.10989010989010989
92,133,77,0.8461538461538461,10,0.10989010989010989
92,133,78,0.8571428571428571,9,0.0989010989010989
92,133,79,0.8681318681318682,8,0.08791208791208792
92,133,80,0.8791208791208791,7,0.07692307692307693
92,133,81,0.8901098901098901,6,0.06593406593406594
92,133,82,0.9010989010989011,5,0.054945054945054944
92,133,83,0.9120879120879121,4,0.04395604395604396
92,133,84,0.9230769230769231,4,0.04395604395604396
92,133,85,0.9340659340659341,4,0.04395604395604396
92,133,86,0.945054945054945,3,0.03296703296703297
92,133,87,0.9560439560439561,1,0.01098901098901099
92,133,88,0.967032967032967,1,0.01098901098901099
92,133,89,0.978021978021978,1,0.01098901098901099
92,133,90,0.989010989010989,1,0.01098901098901099
92,133,91,1.0,0,0.0
93,134,0,0.0,82,0.9010989010989011
93,134,1,0.01098901098901099,81,0.8901098901098901
93,134,2,0.02197802197802198,80,0.8791208791208791
93,134,3,0.03296703296703297,79,0.8681318681318682
93,134,4,0.04395604395604396,78,0.8571428571428571
93,134,5,0.054945054945054944,77,0.8461538461538461
93,134,6,0.06593406593406594,76,0.8351648351648352
93,134,7,0.07692307692307693,75,0.8241758241758241
93,134,8,0.08791208791208792,74,0.8131868131868132
93,134,9,0.0989010989010989,73,0.8021978021978022
93,134,10,0.10989010989010989,72,0.7912087912087912
93,134,11,0.12087912087912088,70,0.7692307692307693
93,134,12,0.13186813186813187,69,0.7582417582417582
93,134,13,0.14285714285714285,69,0.7582417582417582
93,134,14,0.15384615384615385,68,0.7472527472527473
93,134,15,0.16483516483516483,67,0.7362637362637363
93,134,16,0.17582417582417584,66,0.7252747252747253
93,134,17,0.18681318681318682,65,0.7142857142857143
93,134,18,0.1978021978021978,64,0.7032967032967034
93,134,19,0.2087912087912088,63,0.6923076923076923
93,134,20,0.21978021978021978,62,0.6813186813186813
93,134,21,0.23076923076923078,62,0.6813186813186813
93,134,22,0.24175824175824176,61,0.6703296703296703
93,134,23,0.25274725274725274,61,0.6703296703296703
93,134,24,0.26373626373626374,60,0.6593406593406593
93,134,25,0.27472527472527475,59,0.6483516483516484
93,134,26,0.2857142857142857,58,0.6373626373626373
93,134,27,0.2967032967032967,57,0.6263736263736264
93,134,28,0.3076923076923077,56,0.6153846153846154
93,134,29,0.31868131868131866,56,0.6153846153846154
93,134,30,0.32967032967032966,55,0.6043956043956044
93,134,31,0.34065934065934067,54,0.5934065934065934
93,134,32,0.3516483516483517,53,0.5824175824175825
93,134,33,0.3626373626373626,52,0.5714285714285714
93,134,34,0.37362637362637363,51,0.5604395604395604
93,134,35,0.38461538461538464,50,0.5494505494505495
93,134,36,0.3956043956043956,49,0.5384615384615384
93,134,37,0.4065934065934066,49,0.5384615384615384
93,134,38,0.4175824175824176,48,0.5274725274725275
93,134,39,0.42857142857142855,47,0.5164835164835165
93,134,40,0.43956043956043955,46,0.5054945054945055
93,134,41,0.45054945054945056,45,0.4945054945054945
93,134,42,0.46153846153846156,44,0.4835164835164835
93,134,43,0.4725274725274725,43,0.4725274725274725
93,134,44,0.4835164835164835,42,0.46153846153846156
93,134,45,0.4945054945054945,41,0.45054945054945056
93,134,46,0.5054945054945055,40,0.43956043956043955
93,134,47,0.5164835164835165,40,0.43956043956043955
93,134,48,0.5274725274725275,39,0.42857142857142855
93,134,49,0.5384615384615384,38,0.4175824175824176
93,134,50,0.5494505494505495,37,0.4065934065934066
93,134,51,0.5604395604395604,36,0.3956043956043956
93,134,52,0.5714285714285714,35,0.38461538461538464
93,134,53,0.5824175824175825,34,0.37362637362637363
93,134,54,0.5934065934065934,33,0.3626373626373626
93,134,55,0.6043956043956044,32,0.3516483516483517
93,134,56,0.6153846153846154,31,0.34065934065934067
93,134,57,0.6263736263736264,30,0.32967032967032966
93,134,58,0.6373626373626373,29,0.31868131868131866
93,134,59,0.6483516483516484,28,0.3076923076923077
93,134,60,0.6593406593406593,27,0.2967032967032967
93,134,61,0.6703296703296703,26,0.2857142857142857
93,134,62,0.6813186813186813,25,0.27472527472527475
93,134,63,0.6923076923076923,25,0.27472527472527475
93,134,64,0.7032967032967034,24,0.26373626373626374
93,134,65,0.7142857142857143,23,0.25274725274725274
93,134,66,0.7252747252747253,23,0.25274725274725274
93,134,67,0.7362637362637363,22,0.24175824175824176
93,134,68,0.7472527472527473,21,0.23076923076923078
93,134,69,0.7582417582417582,20,0.21978021978021978
93,134,70,0.7692307692307693,19,0.2087912087912088
93,134,71,0.7802197802197802,18,0.1978021978021978
93,134,72,0.7912087912087912,17,0.18681318681318682
93,134,73,0.8021978021978022,17,0.18681318681318682
93,134,74,0.8131868131868132,16,0.17582417582417584
93,134,75,0.8241758241758241,15,0.16483516483516483
93,134,76,0.8351648351648352,14,0.15384615384615385
93,134,77,0.8461538461538461,13,0.14285714285714285
93,134,78,0.8571428571428571,13,0.14285714285714285
93,134,79,0.8681318681318682,12,0.13186813186813187
93,134,80,0.8791208791208791,11,0.12087912087912088
93,134,81,0.8901098901098901,10,0.10989010989010989
93,134,82,0.9010989010989011,9,0.0989010989010989
93,134,83,0.9120879120879121,8,0.08791208791208792
93,134,84,0.9230769230769231,7,0.07692307692307693
93,134,85,0.9340659340659341,6,0.06593406593406594
93,134,86,0.945054945054945,5,0.054945054945054944
93,134,87,0.9560439560439561,4,0.04395604395604396
93,134,88,0.967032967032967,3,0.03296703296703297
93,134,89,0.978021978021978,2,0.02197802197802198
93,134,90,0.989010989010989,1,0.01098901098901099
93,134,91,1.0,0,0.0
94,135,0,0.0,82,0.9010989010989011
94,135,1,0.01098901098901099,81,0.8901098901098901
94,135,2,0.02197802197802198,80,0.8791208791208791
94,135,3,0.03296703296703297,79,0.8681318681318682
94,135,4,0.04395604395604396,79,0.8681318681318682
94,135,5,0.054945054945054944,78,0.8571428571428571
94,135,6,0.06593406593406594,77,0.8461538461538461
94,135,7,0.07692307692307693,76,0.8351648351648352
94,135,8,0.08791208791208792,75,0.8241758241758241
94,135,9,0.0989010989010989,75,0.8241758241758241
94,135,10,0.10989010989010989,74,0.8131868131868132
94,135,11,0.12087912087912088,73,0.8021978021978022
94,135,12,0.13186813186813187,72,0.7912087912087912
94,135,13,0.14285714285714285,71,0.7802197802197802
94,135,14,0.15384615384615385,70,0.7692307692307693
94,135,15,0.16483516483516483,69,0.7582417582417582
94,135,16,0.17582417582417584,68,0.7472527472527473
94,135,17,0.18681318681318682,67,0.7362637362637363
94,135,18,0.1978021978021978,66,0.7252747252747253
94,135,19,0.2087912087912088,65,0.7142857142857143
94,135,20,0.21978021978021978,64,0.7032967032967034
94,135,21,0.23076923076923078,63,0.6923076923076923
94,135,22,0.24175824175824176,62,0.6813186813186813
94,135,23,0.25274725274725274,61,0.6703296703296703
94,135,24,0.26373626373626374,60,0.6593406593406593
94,135,25,0.27472527472527475,59,0.6483516483516484
94,135,26,0.2857142857142857,58,0.6373626373626373
94,135,27,0.2967032967032967,57,0.6263736263736264
94,135,28,0.3076923076923077,56,0.6153846153846154
94,135,29,0.31868131868131866,55,0.6043956043956044
94,135,30,0.32967032967032966,54,0.5934065934065934
94,135,31,0.34065934065934067,54,0.5934065934065934
94,135,32,0.3516483516483517,54,0.5934065934065934
94,135,33,0.3626373626373626,53,0.5824175824175825
94,135,34,0.37362637362637363,53,0.5824175824175825
94,135,35,0.38461538461538464,53,0.5824175824175825
94,135,36,0.3956043956043956,52,0.5714285714285714
94,135,37,0.4065934065934066,51,0.5604395604395604
94,135,38,0.4175824175824176,50,0.5494505494505495
94,135,39,0.42857142857142855,50,0.5494505494505495
94,135,40,0.43956043956043955,49,0.5384615384615384
94,135,41,0.45054945054945056,48,0.5274725274725275
94,135,42,0.46153846153846156,47,0.5164835164835165
94,135,43,0.4725274725274725,46,0.5054945054945055
94,135,44,0.4835164835164835,45,0.4945054945054945
94,135,45,0.4945054945054945,44,0.4835164835164835
94,135,46,0.5054945054945055,43,0.4725274725274725
94,135,47,0.5164835164835165,42,0.46153846153846156
94,135,48,0.5274725274725275,41,0.45054945054945056
94,135,49,0.5384615384615384,40,0.43956043956043955
94,135,50,0.5494505494505495,39,0.42857142857142855
94,135,51,0.5604395604395604,38,0.4175824175824176
94,135,52,0.5714285714285714,37,0.4065934065934066
94,135,53,0.5824175824175825,35,0.38461538461538464
94,135,54,0.5934065934065934,34,0.37362637362637363
94,135,55,0.6043956043956044,32,0.3516483516483517
94,135,56,0.6153846153846154,31,0.34065934065934067
94,135,57,0.6263736263736264,30,0.32967032967032966
94,135,58,0.6373626373626373,29,0.31868131868131866
94,135,59,0.6483516483516484,28,0.3076923076923077
94,135,60,0.6593406593406593,28,0.3076923076923077
94,135,61,0.6703296703296703,27,0.2967032967032967
94,135,62,0.6813186813186813,26,0.2857142857142857
94,135,63,0.6923076923076923,25,0.27472527472527475
94,135,64,0.7032967032967034,24,0.26373626373626374
94,135,65,0.7142857142857143,24,0.26373626373626374
94,135,66,0.7252747252747253,23,0.25274725274725274
94,135,67,0.7362637362637363,22,0.24175824175824176
94,135,68,0.7472527472527473,21,0.23076923076923078
94,135,69,0.7582417582417582,20,0.21978021978021978
94,135,70,0.7692307692307693,19,0.2087912087912088
94,135,71,0.7802197802197802,19,0.2087912087912088
94,135,72,0.7912087912087912,18,0.1978021978021978
94,135,73,0.8021978021978022,17,0.18681318681318682
94,135,74,0.8131868131868132,16,0.17582417582417584
94,135,75,0.8241758241758241,15,0.16483516483516483
94,135,76,0.8351648351648352,14,0.15384615384615385
94,135,77,0.8461538461538461,13,0.14285714285714285
94,135,78,0.8571428571428571,12,0.13186813186813187
94,135,79,0.8681318681318682,11,0.12087912087912088
94,135,80,0.8791208791208791,10,0.10989010989010989
94,135,81,0.8901098901098901,10,0.10989010989010989
94,135,82,0.9010989010989011,9,0.0989010989010989
94,135,83,0.9120879120879121,8,0.08791208791208792
94,135,84,0.9230769230769231,7,0.07692307692307693
94,135,85,0.9340659340659341,6,0.06593406593406594
94,135,86,0.945054945054945,5,0.054945054945054944
94,135,87,0.9560439560439561,4,0.04395604395604396
94,135,88,0.967032967032967,1,0.01098901098901099
94,135,89,0.978021978021978,1,0.01098901098901099
94,135,90,0.989010989010989,1,0.01098901098901099
94,135,91,1.0,0,0.0
95,136,0,0.0,82,0.9010989010989011
95,136,1,0.01098901098901099,81,0.8901098901098901
95,136,2,0.02197802197802198,80,0.8791208791208791
95,136,3,0.03296703296703297,79,0.8681318681318682
95,136,4,0.04395604395604396,78,0.8571428571428571
95,136,5,0.054945054945054944,77,0.8461538461538461
95,136,6,0.06593406593406594,76,0.8351648351648352
95,136,7,0.07692307692307693,75,0.8241758241758241
95,136,8,0.08791208791208792,74,0.8131868131868132
95,136,9,0.0989010989010989,73,0.8021978021978022
95,136,10,0.10989010989010989,73,0.8021978021978022
95,136,11,0.12087912087912088,72,0.7912087912087912
95,136,12,0.13186813186813187,71,0.7802197802197802
95,136,13,0.14285714285714285,70,0.7692307692307693
95,136,14,0.15384615384615385,70,0.7692307692307693
95,136,15,0.16483516483516483,69,0.7582417582417582
95,136,16,0.17582417582417584,68,0.7472527472527473
95,136,17,0.18681318681318682,67,0.7362637362637363
95,136,18,0.1978021978021978,66,0.7252747252747253
95,136,19,0.2087912087912088,65,0.7142857142857143
95,136,20,0.21978021978021978,64,0.7032967032967034
95,136,21,0.23076923076923078,63,0.6923076923076923
95,136,22,0.24175824175824176,62,0.6813186813186813
95,136,23,0.25274725274725274,61,0.6703296703296703
95,136,24,0.26373626373626374,60,0.6593406593406593
95,136,25,0.27472527472527475,59,0.6483516483516484
95,136,26,0.2857142857142857,58,0.6373626373626373
95,136,27,0.2967032967032967,57,0.6263736263736264
95,136,28,0.3076923076923077,55,0.6043956043956044
95,136,29,0.31868131868131866,54,0.5934065934065934
95,136,30,0.32967032967032966,53,0.5824175824175825
95,136,31,0.34065934065934067,52,0.5714285714285714
95,136,32,0.3516483516483517,51,0.5604395604395604
95,136,33,0.3626373626373626,50,0.5494505494505495
95,136,34,0.37362637362637363,49,0.5384615384615384
95,136,35,0.38461538461538464,48,0.5274725274725275
95,136,36,0.3956043956043956,47,0.5164835164835165
95,136,37,0.4065934065934066,46,0.5054945054945055
95,136,38,0.4175824175824176,45,0.4945054945054945
95,136,39,0.42857142857142855,44,0.4835164835164835
95,136,40,0.43956043956043955,43,0.4725274725274725
95,136,41,0.45054945054945056,42,0.46153846153846156
95,136,42,0.46153846153846156,41,0.45054945054945056
95,136,43,0.4725274725274725,40,0.43956043956043955
95,136,44,0.4835164835164835,39,0.42857142857142855
95,136,45,0.4945054945054945,39,0.42857142857142855
95,136,46,0.5054945054945055,38,0.4175824175824176
95,136,47,0.5164835164835165,37,0.4065934065934066
95,136,48,0.5274725274725275,36,0.3956043956043956
95,136,49,0.5384615384615384,35,0.38461538461538464
95,136,50,0.5494505494505495,35,0.38461538461538464
95,136,51,0.5604395604395604,34,0.37362637362637363
95,136,52,0.5714285714285714,33,0.3626373626373626
95,136,53,0.5824175824175825,32,0.3516483516483517
95,136,54,0.5934065934065934,31,0.34065934065934067
95,136,55,0.6043956043956044,30,0.32967032967032966
95,136,56,0.6153846153846154,29,0.31868131868131866
95,136,57,0.6263736263736264,28,0.3076923076923077
95,136,58,0.6373626373626373,28,0.3076923076923077
95,136,59,0.6483516483516484,27,0.2967032967032967
95,136,60,0.6593406593406593,26,0.2857142857142857
95,136,61,0.6703296703296703,25,0.27472527472527475
95,136,62,0.6813186813186813,24,0.26373626373626374
95,136,63,0.6923076923076923,23,0.25274725274725274
95,136,64,0.7032967032967034,23,0.25274725274725274
95,136,65,0.7142857142857143,22,0.24175824175824176
95,136,66,0.7252747252747253,21,0.23076923076923078
95,136,67,0.7362637362637363,20,0.21978021978021978
95,136,68,0.7472527472527473,19,0.2087912087912088
95,136,69,0.7582417582417582,18,0.1978021978021978
95,136,70,0.7692307692307693,17,0.18681318681318682
95,136,71,0.7802197802197802,16,0.17582417582417584
95,136,72,0.7912087912087912,15,0.16483516483516483
95,136,73,0.8021978021978022,14,0.15384615384615385
95,136,74,0.8131868131868132,14,0.15384615384615385
95,136,75,0.8241758241758241,13,0.14285714285714285
95,136,76,0.8351648351648352,12,0.13186813186813187
95,136,77,0.8461538461538461,11,0.12087912087912088
95,136,78,0.8571428571428571,10,0.10989010989010989
95,136,79,0.8681318681318682,10,0.10989010989010989
95,136,80,0.8791208791208791,9,0.0989010989010989
95,136,81,0.8901098901098901,9,0.0989010989010989
95,136,82,0.9010989010989011,8,0.08791208791208792
95,136,83,0.9120879120879121,7,0.07692307692307693
95,136,84,0.9230769230769231,6,0.06593406593406594
95,136,85,0.9340659340659341,5,0.054945054945054944
95,136,86,0.945054945054945,3,0.03296703296703297
95,136,87,0.9560439560439561,2,0.02197802197802198
95,136,88,0.967032967032967,1,0.01098901098901099
95,136,89,0.978021978021978,1,0.01098901098901099
95,136,90,0.989010989010989,1,0.01098901098901099
95,136,91,1.0,0,0.0
96,137,0,0.0,82,0.9010989010989011
96,137,1,0.01098901098901099,81,0.8901098901098901
96,137,2,0.02197802197802198,80,0.8791208791208791
96,137,3,0.03296703296703297,79,0.8681318681318682
96,137,4,0.04395604395604396,78,0.8571428571428571
96,137,5,0.054945054945054944,77,0.8461538461538461
96,137,6,0.06593406593406594,76,0.8351648351648352
96,137,7,0.07692307692307693,75,0.8241758241758241
96,137,8,0.08791208791208792,74,0.8131868131868132
96,137,9,0.0989010989010989,73,0.8021978021978022
96,137,10,0.10989010989010989,72,0.7912087912087912
96,137,11,0.12087912087912088,71,0.7802197802197802
96,137,12,0.13186813186813187,70,0.7692307692307693
96,137,13,0.14285714285714285,69,0.7582417582417582
96,137,14,0.15384615384615385,68,0.7472527472527473
96,137,15,0.16483516483516483,68,0.7472527472527473
96,137,16,0.17582417582417584,67,0.7362637362637363
96,137,17,0.18681318681318682,66,0.7252747252747253
96,137,18,0.1978021978021978,65,0.7142857142857143
96,137,19,0.2087912087912088,64,0.7032967032967034
96,137,20,0.21978021978021978,63,0.6923076923076923
96,137,21,0.23076923076923078,63,0.6923076923076923
96,137,22,0.24175824175824176,62,0.6813186813186813
96,137,23,0.25274725274725274,61,0.6703296703296703
96,137,24,0.26373626373626374,60,0.6593406593406593
96,137,25,0.27472527472527475,59,0.6483516483516484
96,137,26,0.2857142857142857,58,0.6373626373626373
96,137,27,0.2967032967032967,57,0.6263736263736264
96,137,28,0.3076923076923077,55,0.6043956043956044
96,137,29,0.31868131868131866,55,0.6043956043956044
96,137,30,0.32967032967032966,54,0.5934065934065934
96,137,31,0.34065934065934067,54,0.5934065934065934
96,137,32,0.3516483516483517,53,0.5824175824175825
96,137,33,0.3626373626373626,52,0.5714285714285714
96,137,34,0.37362637362637363,51,0.5604395604395604
96,137,35,0.38461538461538464,50,0.5494505494505495
96,137,36,0.3956043956043956,49,0.5384615384615384
96,137,37,0.4065934065934066,48,0.5274725274725275
96,137,38,0.4175824175824176,47,0.5164835164835165
96,137,39,0.42857142857142855,46,0.5054945054945055
96,137,40,0.43956043956043955,45,0.4945054945054945
96,137,41,0.45054945054945056,45,0.4945054945054945
96,137,42,0.46153846153846156,44,0.4835164835164835
96,137,43,0.4725274725274725,43,0.4725274725274725
96,137,44,0.4835164835164835,42,0.46153846153846156
96,137,45,0.4945054945054945,41,0.45054945054945056
96,137,46,0.5054945054945055,40,0.43956043956043955
96,137,47,0.5164835164835165,39,0.42857142857142855
96,137,48,0.5274725274725275,38,0.4175824175824176
96,137,49,0.5384615384615384,37,0.4065934065934066
96,137,50,0.5494505494505495,36,0.3956043956043956
96,137,51,0.5604395604395604,35,0.38461538461538464
96,137,52,0.5714285714285714,34,0.37362637362637363
96,137,53,0.5824175824175825,33,0.3626373626373626
96,137,54,0.5934065934065934,33,0.3626373626373626
96,137,55,0.6043956043956044,32,0.3516483516483517
96,137,56,0.6153846153846154,31,0.34065934065934067
96,137,57,0.6263736263736264,30,0.32967032967032966
96,137,58,0.6373626373626373,29,0.31868131868131866
96,137,59,0.6483516483516484,28,0.3076923076923077
96,137,60,0.6593406593406593,27,0.2967032967032967
96,137,61,0.6703296703296703,26,0.2857142857142857
96,137,62,0.6813186813186813,25,0.27472527472527475
96,137,63,0.6923076923076923,24,0.26373626373626374
96,137,64,0.7032967032967034,23,0.25274725274725274
96,137,65,0.7142857142857143,21,0.23076923076923078
96,137,66,0.7252747252747253,20,0.21978021978021978
96,137,67,0.7362637362637363,19,0.2087912087912088
96,137,68,0.7472527472527473,19,0.2087912087912088
96,137,69,0.7582417582417582,18,0.1978021978021978
96,137,70,0.7692307692307693,17,0.18681318681318682
96,137,71,0.7802197802197802,16,0.17582417582417584
96,137,72,0.7912087912087912,15,0.16483516483516483
96,137,73,0.8021978021978022,13,0.14285714285714285
96,137,74,0.8131868131868132,12,0.13186813186813187
96,137,75,0.8241758241758241,11,0.12087912087912088
96,137,76,0.8351648351648352,10,0.10989010989010989
96,137,77,0.8461538461538461,10,0.10989010989010989
96,137,78,0.8571428571428571,9,0.0989010989010989
96,137,79,0.8681318681318682,8,0.08791208791208792
96,137,80,0.8791208791208791,7,0.07692307692307693
96,137,81,0.8901098901098901,6,0.06593406593406594
96,137,82,0.9010989010989011,5,0.054945054945054944
96,137,83,0.9120879120879121,4,0.04395604395604396
96,137,84,0.9230769230769231,3,0.03296703296703297
96,137,85,0.9340659340659341,3,0.03296703296703297
96,137,86,0.945054945054945,3,0.03296703296703297
96,137,87,0.9560439560439561,3,0.03296703296703297
96,137,88,0.967032967032967,2,0.02197802197802198
96,137,89,0.978021978021978,1,0.01098901098901099
96,137,90,0.989010989010989,1,0.01098901098901099
96,137,91,1.0,0,0.0
97,138,0,0.0,82,0.9010989010989011
97,138,1,0.01098901098901099,81,0.8901098901098901
97,138,2,0.02197802197802198,80,0.8791208791208791
97,138,3,0.03296703296703297,79,0.8681318681318682
97,138,4,0.04395604395604396,78,0.8571428571428571
97,138,5,0.054945054945054944,77,0.8461538461538461
97,138,6,0.06593406593406594,76,0.8351648351648352
97,138,7,0.07692307692307693,75,0.8241758241758241
97,138,8,0.08791208791208792,75,0.8241758241758241
97,138,9,0.0989010989010989,74,0.8131868131868132
97,138,10,0.10989010989010989,73,0.8021978021978022
97,138,11,0.12087912087912088,72,0.7912087912087912
97,138,12,0.13186813186813187,71,0.7802197802197802
97,138,13,0.14285714285714285,70,0.7692307692307693
97,138,14,0.15384615384615385,69,0.7582417582417582
97,138,15,0.16483516483516483,68,0.7472527472527473
97,138,16,0.17582417582417584,67,0.7362637362637363
97,138,17,0.18681318681318682,66,0.7252747252747253
97,138,18,0.1978021978021978,66,0.7252747252747253
97,138,19,0.2087912087912088,65,0.7142857142857143
97,138,20,0.21978021978021978,64,0.7032967032967034
97,138,21,0.23076923076923078,63,0.6923076923076923
97,138,22,0.24175824175824176,62,0.6813186813186813
97,138,23,0.25274725274725274,61,0.6703296703296703
97,138,24,0.26373626373626374,61,0.6703296703296703
97,138,25,0.27472527472527475,61,0.6703296703296703
97,138,26,0.2857142857142857,60,0.6593406593406593
97,138,27,0.2967032967032967,59,0.6483516483516484
97,138,28,0.3076923076923077,58,0.6373626373626373
97,138,29,0.31868131868131866,57,0.6263736263736264
97,138,30,0.32967032967032966,55,0.6043956043956044
97,138,31,0.34065934065934067,54,0.5934065934065934
97,138,32,0.3516483516483517,53,0.5824175824175825
97,138,33,0.3626373626373626,52,0.5714285714285714
97,138,34,0.37362637362637363,51,0.5604395604395604
97,138,35,0.38461538461538464,50,0.5494505494505495
97,138,36,0.3956043956043956,49,0.5384615384615384
97,138,37,0.4065934065934066,48,0.5274725274725275
97,138,38,0.4175824175824176,47,0.5164835164835165
97,138,39,0.42857142857142855,46,0.5054945054945055
97,138,40,0.43956043956043955,45,0.4945054945054945
97,138,41,0.45054945054945056,44,0.4835164835164835
97,138,42,0.46153846153846156,43,0.4725274725274725
97,138,43,0.4725274725274725,42,0.46153846153846156
97,138,44,0.4835164835164835,41,0.45054945054945056
97,138,45,0.4945054945054945,41,0.45054945054945056
97,138,46,0.5054945054945055,40,0.43956043956043955
97,138,47,0.5164835164835165,40,0.43956043956043955
97,138,48,0.5274725274725275,40,0.43956043956043955
97,138,49,0.5384615384615384,39,0.42857142857142855
97,138,50,0.5494505494505495,38,0.4175824175824176
97,138,51,0.5604395604395604,37,0.4065934065934066
97,138,52,0.5714285714285714,36,0.3956043956043956
97,138,53,0.5824175824175825,35,0.38461538461538464
97,138,54,0.5934065934065934,34,0.37362637362637363
97,138,55,0.6043956043956044,33,0.3626373626373626
97,138,56,0.6153846153846154,32,0.3516483516483517
97,138,57,0.6263736263736264,31,0.34065934065934067
97,138,58,0.6373626373626373,30,0.32967032967032966
97,138,59,0.6483516483516484,29,0.31868131868131866
97,138,60,0.6593406593406593,28,0.3076923076923077
97,138,61,0.6703296703296703,27,0.2967032967032967
97,138,62,0.6813186813186813,26,0.2857142857142857
97,138,63,0.6923076923076923,25,0.27472527472527475
97,138,64,0.7032967032967034,24,0.26373626373626374
97,138,65,0.7142857142857143,23,0.25274725274725274
97,138,66,0.7252747252747253,22,0.24175824175824176
97,138,67,0.7362637362637363,21,0.23076923076923078
97,138,68,0.7472527472527473,20,0.21978021978021978
97,138,69,0.7582417582417582,18,0.1978021978021978
97,138,70,0.7692307692307693,17,0.18681318681318682
97,138,71,0.7802197802197802,16,0.17582417582417584
97,138,72,0.7912087912087912,16,0.17582417582417584
97,138,73,0.8021978021978022,15,0.16483516483516483
97,138,74,0.8131868131868132,14,0.15384615384615385
97,138,75,0.8241758241758241,13,0.14285714285714285
97,138,76,0.8351648351648352,12,0.13186813186813187
97,138,77,0.8461538461538461,11,0.12087912087912088
97,138,78,0.8571428571428571,10,0.10989010989010989
97,138,79,0.8681318681318682,9,0.0989010989010989
97,138,80,0.8791208791208791,8,0.08791208791208792
97,138,81,0.8901098901098901,7,0.07692307692307693
97,138,82,0.9010989010989011,6,0.06593406593406594
97,138,83,0.9120879120879121,5,0.054945054945054944
97,138,84,0.9230769230769231,4,0.04395604395604396
97,138,85,0.9340659340659341,4,0.04395604395604396
97,138,86,0.945054945054945,3,0.03296703296703297
97,138,87,0.9560439560439561,2,0.02197802197802198
97,138,88,0.967032967032967,2,0.02197802197802198
97,138,89,0.978021978021978,1,0.01098901098901099
97,138,90,0.989010989010989,1,0.01098901098901099
97,138,91,1.0,0,0.0
98,139,0,0.0,82,0.9010989010989011
98,139,1,0.01098901098901099,82,0.9010989010989011
98,139,2,0.02197802197802198,81,0.8901098901098901
98,139,3,0.03296703296703297,80,0.8791208791208791
98,139,4,0.04395604395604396,79,0.8681318681318682
98,139,5,0.054945054945054944,78,0.8571428571428571
98,139,6,0.06593406593406594,78,0.8571428571428571
98,139,7,0.07692307692307693,77,0.8461538461538461
98,139,8,0.08791208791208792,76,0.8351648351648352
98,139,9,0.0989010989010989,75,0.8241758241758241
98,139,10,0.10989010989010989,74,0.8131868131868132
98,139,11,0.12087912087912088,73,0.8021978021978022
98,139,12,0.13186813186813187,72,0.7912087912087912
98,139,13,0.14285714285714285,71,0.7802197802197802
98,139,14,0.15384615384615385,70,0.7692307692307693
98,139,15,0.16483516483516483,69,0.7582417582417582
98,139,16,0.17582417582417584,68,0.7472527472527473
98,139,17,0.18681318681318682,67,0.7362637362637363
98,139,18,0.1978021978021978,66,0.7252747252747253
98,139,19,0.2087912087912088,65,0.7142857142857143
98,139,20,0.21978021978021978,64,0.7032967032967034
98,139,21,0.23076923076923078,64,0.7032967032967034
98,139,22,0.24175824175824176,63,0.6923076923076923
98,139,23,0.25274725274725274,62,0.6813186813186813
98,139,24,0.26373626373626374,61,0.6703296703296703
98,139,25,0.27472527472527475,60,0.6593406593406593
98,139,26,0.2857142857142857,59,0.6483516483516484
98,139,27,0.2967032967032967,58,0.6373626373626373
98,139,28,0.3076923076923077,57,0.6263736263736264
98,139,29,0.31868131868131866,56,0.6153846153846154
98,139,30,0.32967032967032966,55,0.6043956043956044
98,139,31,0.34065934065934067,55,0.6043956043956044
98,139,32,0.3516483516483517,54,0.5934065934065934
98,139,33,0.3626373626373626,54,0.5934065934065934
98,139,34,0.37362637362637363,53,0.5824175824175825
98,139,35,0.38461538461538464,53,0.5824175824175825
98,139,36,0.3956043956043956,52,0.5714285714285714
98,139,37,0.4065934065934066,51,0.5604395604395604
98,139,38,0.4175824175824176,50,0.5494505494505495
98,139,39,0.42857142857142855,49,0.5384615384615384
98,139,40,0.43956043956043955,48,0.5274725274725275
98,139,41,0.45054945054945056,47,0.5164835164835165
98,139,42,0.46153846153846156,46,0.5054945054945055
98,139,43,0.4725274725274725,45,0.4945054945054945
98,139,44,0.4835164835164835,44,0.4835164835164835
98,139,45,0.4945054945054945,43,0.4725274725274725
98,139,46,0.5054945054945055,42,0.46153846153846156
98,139,47,0.5164835164835165,41,0.45054945054945056
98,139,48,0.5274725274725275,40,0.43956043956043955
98,139,49,0.5384615384615384,39,0.42857142857142855
98,139,50,0.5494505494505495,38,0.4175824175824176
98,139,51,0.5604395604395604,37,0.4065934065934066
98,139,52,0.5714285714285714,35,0.38461538461538464
98,139,53,0.5824175824175825,34,0.37362637362637363
98,139,54,0.5934065934065934,33,0.3626373626373626
98,139,55,0.6043956043956044,32,0.3516483516483517
98,139,56,0.6153846153846154,31,0.34065934065934067
98,139,57,0.6263736263736264,30,0.32967032967032966
98,139,58,0.6373626373626373,29,0.31868131868131866
98,139,59,0.6483516483516484,28,0.3076923076923077
98,139,60,0.6593406593406593,28,0.3076923076923077
98,139,61,0.6703296703296703,27,0.2967032967032967
98,139,62,0.6813186813186813,26,0.2857142857142857
98,139,63,0.6923076923076923,25,0.27472527472527475
98,139,64,0.7032967032967034,24,0.26373626373626374
98,139,65,0.7142857142857143,24,0.26373626373626374
98,139,66,0.7252747252747253,23,0.25274725274725274
98,139,67,0.7362637362637363,22,0.24175824175824176
98,139,68,0.7472527472527473,21,0.23076923076923078
98,139,69,0.7582417582417582,20,0.21978021978021978
98,139,70,0.7692307692307693,19,0.2087912087912088
98,139,71,0.7802197802197802,18,0.1978021978021978
98,139,72,0.7912087912087912,18,0.1978021978021978
98,139,73,0.8021978021978022,17,0.18681318681318682
98,139,74,0.8131868131868132,16,0.17582417582417584
98,139,75,0.8241758241758241,15,0.16483516483516483
98,139,76,0.8351648351648352,14,0.15384615384615385
98,139,77,0.8461538461538461,13,0.14285714285714285
98,139,78,0.8571428571428571,12,0.13186813186813187
98,139,79,0.8681318681318682,11,0.12087912087912088
98,139,80,0.8791208791208791,10,0.10989010989010989
98,139,81,0.8901098901098901,9,0.0989010989010989
98,139,82,0.9010989010989011,8,0.08791208791208792
98,139,83,0.9120879120879121,7,0.07692307692307693
98,139,84,0.9230769230769231,6,0.06593406593406594
98,139,85,0.9340659340659341,5,0.054945054945054944
98,139,86,0.945054945054945,4,0.04395604395604396
98,139,87,0.9560439560439561,3,0.03296703296703297
98,139,88,0.967032967032967,3,0.03296703296703297
98,139,89,0.978021978021978,1,0.01098901098901099
98,139,90,0.989010989010989,1,0.01098901098901099
98,139,91,1.0,0,0.0
99,140,0,0.0,82,0.9010989010989011
99,140,1,0.01098901098901099,81,0.8901098901098901
99,140,2,0.02197802197802198,80,0.8791208791208791
99,140,3,0.03296703296703297,79,0.8681318681318682
99,140,4,0.04395604395604396,78,0.8571428571428571
99,140,5,0.054945054945054944,77,0.8461538461538461
99,140,6,0.06593406593406594,76,0.8351648351648352
99,140,7,0.07692307692307693,75,0.8241758241758241
99,140,8,0.08791208791208792,75,0.8241758241758241
99,140,9,0.0989010989010989,75,0.8241758241758241
99,140,10,0.10989010989010989,74,0.8131868131868132
99,140,11,0.12087912087912088,73,0.8021978021978022
99,140,12,0.13186813186813187,72,0.7912087912087912
99,140,13,0.14285714285714285,71,0.7802197802197802
99,140,14,0.15384615384615385,70,0.7692307692307693
99,140,15,0.16483516483516483,69,0.7582417582417582
99,140,16,0.17582417582417584,69,0.7582417582417582
99,140,17,0.18681318681318682,68,0.7472527472527473
99,140,18,0.1978021978021978,67,0.7362637362637363
99,140,19,0.2087912087912088,66,0.7252747252747253
99,140,20,0.21978021978021978,65,0.7142857142857143
99,140,21,0.23076923076923078,64,0.7032967032967034
99,140,22,0.24175824175824176,63,0.6923076923076923
99,140,23,0.25274725274725274,62,0.6813186813186813
99,140,24,0.26373626373626374,61,0.6703296703296703
99,140,25,0.27472527472527475,60,0.6593406593406593
99,140,26,0.2857142857142857,59,0.6483516483516484
99,140,27,0.2967032967032967,58,0.6373626373626373
99,140,28,0.3076923076923077,57,0.6263736263736264
99,140,29,0.31868131868131866,56,0.6153846153846154
99,140,30,0.32967032967032966,55,0.6043956043956044
99,140,31,0.34065934065934067,54,0.5934065934065934
99,140,32,0.3516483516483517,53,0.5824175824175825
99,140,33,0.3626373626373626,52,0.5714285714285714
99,140,34,0.37362637362637363,52,0.5714285714285714
99,140,35,0.38461538461538464,50,0.5494505494505495
99,140,36,0.3956043956043956,49,0.5384615384615384
99,140,37,0.4065934065934066,49,0.5384615384615384
99,140,38,0.4175824175824176,48,0.5274725274725275
99,140,39,0.42857142857142855,47,0.5164835164835165
99,140,40,0.43956043956043955,46,0.5054945054945055
99,140,41,0.45054945054945056,45,0.4945054945054945
99,140,42,0.46153846153846156,44,0.4835164835164835
99,140,43,0.4725274725274725,43,0.4725274725274725
99,140,44,0.4835164835164835,42,0.46153846153846156
99,140,45,0.4945054945054945,41,0.45054945054945056
99,140,46,0.5054945054945055,40,0.43956043956043955
99,140,47,0.5164835164835165,39,0.42857142857142855
99,140,48,0.5274725274725275,39,0.42857142857142855
99,140,49,0.5384615384615384,38,0.4175824175824176
99,140,50,0.5494505494505495,37,0.4065934065934066
99,140,51,0.5604395604395604,36,0.3956043956043956
99,140,52,0.5714285714285714,35,0.38461538461538464
99,140,53,0.5824175824175825,34,0.37362637362637363
99,140,54,0.5934065934065934,33,0.3626373626373626
99,140,55,0.6043956043956044,32,0.3516483516483517
99,140,56,0.6153846153846154,31,0.34065934065934067
99,140,57,0.6263736263736264,30,0.32967032967032966
99,140,58,0.6373626373626373,29,0.31868131868131866
99,140,59,0.6483516483516484,28,0.3076923076923077
99,140,60,0.6593406593406593,27,0.2967032967032967
99,140,61,0.6703296703296703,26,0.2857142857142857
99,140,62,0.6813186813186813,25,0.27472527472527475
99,140,63,0.6923076923076923,24,0.26373626373626374
99,140,64,0.7032967032967034,24,0.26373626373626374
99,140,65,0.7142857142857143,23,0.25274725274725274
99,140,66,0.7252747252747253,22,0.24175824175824176
99,140,67,0.7362637362637363,21,0.23076923076923078
99,140,68,0.7472527472527473,20,0.21978021978021978
99,140,69,0.7582417582417582,19,0.2087912087912088
99,140,70,0.7692307692307693,18,0.1978021978021978
99,140,71,0.7802197802197802,17,0.18681318681318682
99,140,72,0.7912087912087912,16,0.17582417582417584
99,140,73,0.8021978021978022,15,0.16483516483516483
99,140,74,0.8131868131868132,14,0.15384615384615385
99,140,75,0.8241758241758241,13,0.14285714285714285
99,140,76,0.8351648351648352,12,0.13186813186813187
99,140,77,0.8461538461538461,11,0.12087912087912088
99,140,78,0.8571428571428571,10,0.10989010989010989
99,140,79,0.8681318681318682,9,0.0989010989010989
99,140,80,0.8791208791208791,9,0.0989010989010989
99,140,81,0.8901098901098901,7,0.07692307692307693
99,140,82,0.9010989010989011,7,0.07692307692307693
99,140,83,0.9120879120879121,6,0.06593406593406594
99,140,84,0.9230769230769231,5,0.054945054945054944
99,140,85,0.9340659340659341,5,0.054945054945054944
99,140,86,0.945054945054945,4,0.04395604395604396
99,140,87,0.9560439560439561,3,0.03296703296703297
99,140,88,0.967032967032967,2,0.02197802197802198
99,140,89,0.978021978021978,2,0.02197802197802198
99,140,90,0.989010989010989,1,0.01098901098901099
99,140,91,1.0,0,0.0
100,141,0,0.0,82,0.9010989010989011
100,141,1,0.01098901098901099,81,0.8901098901098901
100,141,2,0.02197802197802198,80,0.8791208791208791
100,141,3,0.03296703296703297,80,0.8791208791208791
100,141,4,0.04395604395604396,79,0.8681318681318682
100,141,5,0.054945054945054944,79,0.8681318681318682
100,141,6,0.06593406593406594,78,0.8571428571428571
100,141,7,0.07692307692307693,76,0.8351648351648352
100,141,8,0.08791208791208792,75,0.8241758241758241
100,141,9,0.0989010989010989,74,0.8131868131868132
100,141,10,0.10989010989010989,73,0.8021978021978022
100,141,11,0.12087912087912088,72,0.7912087912087912
100,141,12,0.13186813186813187,71,0.7802197802197802
100,141,13,0.14285714285714285,70,0.7692307692307693
100,141,14,0.15384615384615385,70,0.7692307692307693
100,141,15,0.16483516483516483,69,0.7582417582417582
100,141,16,0.17582417582417584,68,0.7472527472527473
100,141,17,0.18681318681318682,67,0.7362637362637363
100,141,18,0.1978021978021978,66,0.7252747252747253
100,141,19,0.2087912087912088,66,0.7252747252747253
100,141,20,0.21978021978021978,65,0.7142857142857143
100,141,21,0.23076923076923078,64,0.7032967032967034
100,141,22,0.24175824175824176,63,0.6923076923076923
100,141,23,0.25274725274725274,62,0.6813186813186813
100,141,24,0.26373626373626374,61,0.6703296703296703
100,141,25,0.27472527472527475,60,0.6593406593406593
100,141,26,0.2857142857142857,59,0.6483516483516484
100,141,27,0.2967032967032967,58,0.6373626373626373
100,141,28,0.3076923076923077,57,0.6263736263736264
100,141,29,0.31868131868131866,56,0.6153846153846154
100,141,30,0.32967032967032966,55,0.6043956043956044
100,141,31,0.34065934065934067,54,0.5934065934065934
100,141,32,0.3516483516483517,53,0.5824175824175825
100,141,33,0.3626373626373626,52,0.5714285714285714
100,141,34,0.37362637362637363,51,0.5604395604395604
100,141,35,0.38461538461538464,50,0.5494505494505495
100,141,36,0.3956043956043956,49,0.5384615384615384
100,141,37,0.4065934065934066,48,0.5274725274725275
100,141,38,0.4175824175824176,47,0.5164835164835165
100,141,39,0.42857142857142855,47,0.5164835164835165
100,141,40,0.43956043956043955,46,0.5054945054945055
100,141,41,0.45054945054945056,45,0.4945054945054945
100,141,42,0.46153846153846156,45,0.4945054945054945
100,141,43,0.4725274725274725,44,0.4835164835164835
100,141,44,0.4835164835164835,43,0.4725274725274725
100,141,45,0.4945054945054945,42,0.46153846153846156
100,141,46,0.5054945054945055,41,0.45054945054945056
100,141,47,0.5164835164835165,40,0.43956043956043955
100,141,48,0.5274725274725275,39,0.42857142857142855
100,141,49,0.5384615384615384,38,0.4175824175824176
100,141,50,0.5494505494505495,37,0.4065934065934066
100,141,51,0.5604395604395604,36,0.3956043956043956
100,141,52,0.5714285714285714,35,0.38461538461538464
100,141,53,0.5824175824175825,34,0.37362637362637363
100,141,54,0.5934065934065934,33,0.3626373626373626
100,141,55,0.6043956043956044,32,0.3516483516483517
100,141,56,0.6153846153846154,31,0.34065934065934067
100,141,57,0.6263736263736264,31,0.34065934065934067
100,141,58,0.6373626373626373,30,0.32967032967032966
100,141,59,0.6483516483516484,29,0.31868131868131866
100,141,60,0.6593406593406593,28,0.3076923076923077
100,141,61,0.6703296703296703,27,0.2967032967032967
100,141,62,0.6813186813186813,26,0.2857142857142857
100,141,63,0.6923076923076923,25,0.27472527472527475
100,141,64,0.7032967032967034,24,0.26373626373626374
100,141,65,0.7142857142857143,23,0.25274725274725274
100,141,66,0.7252747252747253,22,0.24175824175824176
100,141,67,0.7362637362637363,21,0.23076923076923078
100,141,68,0.7472527472527473,20,0.21978021978021978
100,141,69,0.7582417582417582,19,0.2087912087912088
100,141,70,0.7692307692307693,18,0.1978021978021978
100,141,71,0.7802197802197802,18,0.1978021978021978
100,141,72,0.7912087912087912,17,0.18681318681318682
100,141,73,0.8021978021978022,16,0.17582417582417584
100,141,74,0.8131868131868132,15,0.16483516483516483
100,141,75,0.8241758241758241,14,0.15384615384615385
100,141,76,0.8351648351648352,12,0.13186813186813187
100,141,77,0.8461538461538461,11,0.12087912087912088
100,141,78,0.8571428571428571,10,0.10989010989010989
100,141,79,0.8681318681318682,10,0.10989010989010989
100,141,80,0.8791208791208791,10,0.10989010989010989
100,141,81,0.8901098901098901,9,0.0989010989010989
100,141,82,0.9010989010989011,8,0.08791208791208792
100,141,83,0.9120879120879121,7,0.07692307692307693
100,141,84,0.9230769230769231,6,0.06593406593406594
100,141,85,0.9340659340659341,5,0.054945054945054944
100,141,86,0.945054945054945,4,0.04395604395604396
100,141,87,0.9560439560439561,2,0.02197802197802198
100,141,88,0.967032967032967,2,0.02197802197802198
100,141,89,0.978021978021978,1,0.01098901098901099
100,141,90,0.989010989010989,1,0.01098901098901099
100,141,91,1.0,0,0.0
